.i 21
.o 49
.type fr
111111111111111111111 0000001 0000010 0000100 0001000 0010000 0100000 1000000 
111111111111111111110 0000001 0000010 0000100 0001000 0010000 1000000 0100000 
111111111111111111011 0000001 0000010 0000100 0001000 0100000 0010000 1000000 
111111111111111111001 0000001 0000010 0000100 0001000 0100000 1000000 0010000 
111111111111111111100 0000001 0000010 0000100 0001000 1000000 0010000 0100000 
111111111111111111000 0000001 0000010 0000100 0001000 1000000 0100000 0010000 
111111111111111011111 0000001 0000010 0000100 0010000 0001000 0100000 1000000 
111111111111111011110 0000001 0000010 0000100 0010000 0001000 1000000 0100000 
111111111111111001111 0000001 0000010 0000100 0010000 0100000 0001000 1000000 
111111111111111000111 0000001 0000010 0000100 0010000 0100000 1000000 0001000 
111111111111111010110 0000001 0000010 0000100 0010000 1000000 0001000 0100000 
111111111111111000110 0000001 0000010 0000100 0010000 1000000 0100000 0001000 
111111111111111101011 0000001 0000010 0000100 0100000 0001000 0010000 1000000 
111111111111111101001 0000001 0000010 0000100 0100000 0001000 1000000 0010000 
111111111111111001011 0000001 0000010 0000100 0100000 0010000 0001000 1000000 
111111111111111000011 0000001 0000010 0000100 0100000 0010000 1000000 0001000 
111111111111111100001 0000001 0000010 0000100 0100000 1000000 0001000 0010000 
111111111111111000001 0000001 0000010 0000100 0100000 1000000 0010000 0001000 
111111111111111110100 0000001 0000010 0000100 1000000 0001000 0010000 0100000 
111111111111111110000 0000001 0000010 0000100 1000000 0001000 0100000 0010000 
111111111111111010100 0000001 0000010 0000100 1000000 0010000 0001000 0100000 
111111111111111000100 0000001 0000010 0000100 1000000 0010000 0100000 0001000 
111111111111111100000 0000001 0000010 0000100 1000000 0100000 0001000 0010000 
111111111111111000000 0000001 0000010 0000100 1000000 0100000 0010000 0001000 
111111111110111111111 0000001 0000010 0001000 0000100 0010000 0100000 1000000 
111111111110111111110 0000001 0000010 0001000 0000100 0010000 1000000 0100000 
111111111110111111011 0000001 0000010 0001000 0000100 0100000 0010000 1000000 
111111111110111111001 0000001 0000010 0001000 0000100 0100000 1000000 0010000 
111111111110111111100 0000001 0000010 0001000 0000100 1000000 0010000 0100000 
111111111110111111000 0000001 0000010 0001000 0000100 1000000 0100000 0010000 
111111111110011111111 0000001 0000010 0001000 0010000 0000100 0100000 1000000 
111111111110011111110 0000001 0000010 0001000 0010000 0000100 1000000 0100000 
111111111110001111111 0000001 0000010 0001000 0010000 0100000 0000100 1000000 
111111111110000111111 0000001 0000010 0001000 0010000 0100000 1000000 0000100 
111111111110010111110 0000001 0000010 0001000 0010000 1000000 0000100 0100000 
111111111110000111110 0000001 0000010 0001000 0010000 1000000 0100000 0000100 
111111111110101111011 0000001 0000010 0001000 0100000 0000100 0010000 1000000 
111111111110101111001 0000001 0000010 0001000 0100000 0000100 1000000 0010000 
111111111110001111011 0000001 0000010 0001000 0100000 0010000 0000100 1000000 
111111111110000111011 0000001 0000010 0001000 0100000 0010000 1000000 0000100 
111111111110100111001 0000001 0000010 0001000 0100000 1000000 0000100 0010000 
111111111110000111001 0000001 0000010 0001000 0100000 1000000 0010000 0000100 
111111111110110111100 0000001 0000010 0001000 1000000 0000100 0010000 0100000 
111111111110110111000 0000001 0000010 0001000 1000000 0000100 0100000 0010000 
111111111110010111100 0000001 0000010 0001000 1000000 0010000 0000100 0100000 
111111111110000111100 0000001 0000010 0001000 1000000 0010000 0100000 0000100 
111111111110100111000 0000001 0000010 0001000 1000000 0100000 0000100 0010000 
111111111110000111000 0000001 0000010 0001000 1000000 0100000 0010000 0000100 
111111111111011011111 0000001 0000010 0010000 0000100 0001000 0100000 1000000 
111111111111011011110 0000001 0000010 0010000 0000100 0001000 1000000 0100000 
111111111111011001111 0000001 0000010 0010000 0000100 0100000 0001000 1000000 
111111111111011000111 0000001 0000010 0010000 0000100 0100000 1000000 0001000 
111111111111011010110 0000001 0000010 0010000 0000100 1000000 0001000 0100000 
111111111111011000110 0000001 0000010 0010000 0000100 1000000 0100000 0001000 
111111111110011011111 0000001 0000010 0010000 0001000 0000100 0100000 1000000 
111111111110011011110 0000001 0000010 0010000 0001000 0000100 1000000 0100000 
111111111110001011111 0000001 0000010 0010000 0001000 0100000 0000100 1000000 
111111111110000011111 0000001 0000010 0010000 0001000 0100000 1000000 0000100 
111111111110010011110 0000001 0000010 0010000 0001000 1000000 0000100 0100000 
111111111110000011110 0000001 0000010 0010000 0001000 1000000 0100000 0000100 
111111111111001001111 0000001 0000010 0010000 0100000 0000100 0001000 1000000 
111111111111001000111 0000001 0000010 0010000 0100000 0000100 1000000 0001000 
111111111110001001111 0000001 0000010 0010000 0100000 0001000 0000100 1000000 
111111111110000001111 0000001 0000010 0010000 0100000 0001000 1000000 0000100 
111111111111000000111 0000001 0000010 0010000 0100000 1000000 0000100 0001000 
111111111110000000111 0000001 0000010 0010000 0100000 1000000 0001000 0000100 
111111111111010010110 0000001 0000010 0010000 1000000 0000100 0001000 0100000 
111111111111010000110 0000001 0000010 0010000 1000000 0000100 0100000 0001000 
111111111110010010110 0000001 0000010 0010000 1000000 0001000 0000100 0100000 
111111111110000010110 0000001 0000010 0010000 1000000 0001000 0100000 0000100 
111111111111000000110 0000001 0000010 0010000 1000000 0100000 0000100 0001000 
111111111110000000110 0000001 0000010 0010000 1000000 0100000 0001000 0000100 
111111111111101101011 0000001 0000010 0100000 0000100 0001000 0010000 1000000 
111111111111101101001 0000001 0000010 0100000 0000100 0001000 1000000 0010000 
111111111111101001011 0000001 0000010 0100000 0000100 0010000 0001000 1000000 
111111111111101000011 0000001 0000010 0100000 0000100 0010000 1000000 0001000 
111111111111101100001 0000001 0000010 0100000 0000100 1000000 0001000 0010000 
111111111111101000001 0000001 0000010 0100000 0000100 1000000 0010000 0001000 
111111111110101101011 0000001 0000010 0100000 0001000 0000100 0010000 1000000 
111111111110101101001 0000001 0000010 0100000 0001000 0000100 1000000 0010000 
111111111110001101011 0000001 0000010 0100000 0001000 0010000 0000100 1000000 
111111111110000101011 0000001 0000010 0100000 0001000 0010000 1000000 0000100 
111111111110100101001 0000001 0000010 0100000 0001000 1000000 0000100 0010000 
111111111110000101001 0000001 0000010 0100000 0001000 1000000 0010000 0000100 
111111111111001001011 0000001 0000010 0100000 0010000 0000100 0001000 1000000 
111111111111001000011 0000001 0000010 0100000 0010000 0000100 1000000 0001000 
111111111110001001011 0000001 0000010 0100000 0010000 0001000 0000100 1000000 
111111111110000001011 0000001 0000010 0100000 0010000 0001000 1000000 0000100 
111111111111000000011 0000001 0000010 0100000 0010000 1000000 0000100 0001000 
111111111110000000011 0000001 0000010 0100000 0010000 1000000 0001000 0000100 
111111111111100100001 0000001 0000010 0100000 1000000 0000100 0001000 0010000 
111111111111100000001 0000001 0000010 0100000 1000000 0000100 0010000 0001000 
111111111110100100001 0000001 0000010 0100000 1000000 0001000 0000100 0010000 
111111111110000100001 0000001 0000010 0100000 1000000 0001000 0010000 0000100 
111111111111000000001 0000001 0000010 0100000 1000000 0010000 0000100 0001000 
111111111110000000001 0000001 0000010 0100000 1000000 0010000 0001000 0000100 
111111111111110110100 0000001 0000010 1000000 0000100 0001000 0010000 0100000 
111111111111110110000 0000001 0000010 1000000 0000100 0001000 0100000 0010000 
111111111111110010100 0000001 0000010 1000000 0000100 0010000 0001000 0100000 
111111111111110000100 0000001 0000010 1000000 0000100 0010000 0100000 0001000 
111111111111110100000 0000001 0000010 1000000 0000100 0100000 0001000 0010000 
111111111111110000000 0000001 0000010 1000000 0000100 0100000 0010000 0001000 
111111111110110110100 0000001 0000010 1000000 0001000 0000100 0010000 0100000 
111111111110110110000 0000001 0000010 1000000 0001000 0000100 0100000 0010000 
111111111110010110100 0000001 0000010 1000000 0001000 0010000 0000100 0100000 
111111111110000110100 0000001 0000010 1000000 0001000 0010000 0100000 0000100 
111111111110100110000 0000001 0000010 1000000 0001000 0100000 0000100 0010000 
111111111110000110000 0000001 0000010 1000000 0001000 0100000 0010000 0000100 
111111111111010010100 0000001 0000010 1000000 0010000 0000100 0001000 0100000 
111111111111010000100 0000001 0000010 1000000 0010000 0000100 0100000 0001000 
111111111110010010100 0000001 0000010 1000000 0010000 0001000 0000100 0100000 
111111111110000010100 0000001 0000010 1000000 0010000 0001000 0100000 0000100 
111111111111000000100 0000001 0000010 1000000 0010000 0100000 0000100 0001000 
111111111110000000100 0000001 0000010 1000000 0010000 0100000 0001000 0000100 
111111111111100100000 0000001 0000010 1000000 0100000 0000100 0001000 0010000 
111111111111100000000 0000001 0000010 1000000 0100000 0000100 0010000 0001000 
111111111110100100000 0000001 0000010 1000000 0100000 0001000 0000100 0010000 
111111111110000100000 0000001 0000010 1000000 0100000 0001000 0010000 0000100 
111111111111000000000 0000001 0000010 1000000 0100000 0010000 0000100 0001000 
111111111110000000000 0000001 0000010 1000000 0100000 0010000 0001000 0000100 
111111011111111111111 0000001 0000100 0000010 0001000 0010000 0100000 1000000 
111111011111111111110 0000001 0000100 0000010 0001000 0010000 1000000 0100000 
111111011111111111011 0000001 0000100 0000010 0001000 0100000 0010000 1000000 
111111011111111111001 0000001 0000100 0000010 0001000 0100000 1000000 0010000 
111111011111111111100 0000001 0000100 0000010 0001000 1000000 0010000 0100000 
111111011111111111000 0000001 0000100 0000010 0001000 1000000 0100000 0010000 
111111011111111011111 0000001 0000100 0000010 0010000 0001000 0100000 1000000 
111111011111111011110 0000001 0000100 0000010 0010000 0001000 1000000 0100000 
111111011111111001111 0000001 0000100 0000010 0010000 0100000 0001000 1000000 
111111011111111000111 0000001 0000100 0000010 0010000 0100000 1000000 0001000 
111111011111111010110 0000001 0000100 0000010 0010000 1000000 0001000 0100000 
111111011111111000110 0000001 0000100 0000010 0010000 1000000 0100000 0001000 
111111011111111101011 0000001 0000100 0000010 0100000 0001000 0010000 1000000 
111111011111111101001 0000001 0000100 0000010 0100000 0001000 1000000 0010000 
111111011111111001011 0000001 0000100 0000010 0100000 0010000 0001000 1000000 
111111011111111000011 0000001 0000100 0000010 0100000 0010000 1000000 0001000 
111111011111111100001 0000001 0000100 0000010 0100000 1000000 0001000 0010000 
111111011111111000001 0000001 0000100 0000010 0100000 1000000 0010000 0001000 
111111011111111110100 0000001 0000100 0000010 1000000 0001000 0010000 0100000 
111111011111111110000 0000001 0000100 0000010 1000000 0001000 0100000 0010000 
111111011111111010100 0000001 0000100 0000010 1000000 0010000 0001000 0100000 
111111011111111000100 0000001 0000100 0000010 1000000 0010000 0100000 0001000 
111111011111111100000 0000001 0000100 0000010 1000000 0100000 0001000 0010000 
111111011111111000000 0000001 0000100 0000010 1000000 0100000 0010000 0001000 
111111001111111111111 0000001 0000100 0001000 0000010 0010000 0100000 1000000 
111111001111111111110 0000001 0000100 0001000 0000010 0010000 1000000 0100000 
111111001111111111011 0000001 0000100 0001000 0000010 0100000 0010000 1000000 
111111001111111111001 0000001 0000100 0001000 0000010 0100000 1000000 0010000 
111111001111111111100 0000001 0000100 0001000 0000010 1000000 0010000 0100000 
111111001111111111000 0000001 0000100 0001000 0000010 1000000 0100000 0010000 
111111000111111111111 0000001 0000100 0001000 0010000 0000010 0100000 1000000 
111111000111111111110 0000001 0000100 0001000 0010000 0000010 1000000 0100000 
111111000011111111111 0000001 0000100 0001000 0010000 0100000 0000010 1000000 
111111000001111111111 0000001 0000100 0001000 0010000 0100000 1000000 0000010 
111111000101111111110 0000001 0000100 0001000 0010000 1000000 0000010 0100000 
111111000001111111110 0000001 0000100 0001000 0010000 1000000 0100000 0000010 
111111001011111111011 0000001 0000100 0001000 0100000 0000010 0010000 1000000 
111111001011111111001 0000001 0000100 0001000 0100000 0000010 1000000 0010000 
111111000011111111011 0000001 0000100 0001000 0100000 0010000 0000010 1000000 
111111000001111111011 0000001 0000100 0001000 0100000 0010000 1000000 0000010 
111111001001111111001 0000001 0000100 0001000 0100000 1000000 0000010 0010000 
111111000001111111001 0000001 0000100 0001000 0100000 1000000 0010000 0000010 
111111001101111111100 0000001 0000100 0001000 1000000 0000010 0010000 0100000 
111111001101111111000 0000001 0000100 0001000 1000000 0000010 0100000 0010000 
111111000101111111100 0000001 0000100 0001000 1000000 0010000 0000010 0100000 
111111000001111111100 0000001 0000100 0001000 1000000 0010000 0100000 0000010 
111111001001111111000 0000001 0000100 0001000 1000000 0100000 0000010 0010000 
111111000001111111000 0000001 0000100 0001000 1000000 0100000 0010000 0000010 
111111010111111011111 0000001 0000100 0010000 0000010 0001000 0100000 1000000 
111111010111111011110 0000001 0000100 0010000 0000010 0001000 1000000 0100000 
111111010111111001111 0000001 0000100 0010000 0000010 0100000 0001000 1000000 
111111010111111000111 0000001 0000100 0010000 0000010 0100000 1000000 0001000 
111111010111111010110 0000001 0000100 0010000 0000010 1000000 0001000 0100000 
111111010111111000110 0000001 0000100 0010000 0000010 1000000 0100000 0001000 
111111000111111011111 0000001 0000100 0010000 0001000 0000010 0100000 1000000 
111111000111111011110 0000001 0000100 0010000 0001000 0000010 1000000 0100000 
111111000011111011111 0000001 0000100 0010000 0001000 0100000 0000010 1000000 
111111000001111011111 0000001 0000100 0010000 0001000 0100000 1000000 0000010 
111111000101111011110 0000001 0000100 0010000 0001000 1000000 0000010 0100000 
111111000001111011110 0000001 0000100 0010000 0001000 1000000 0100000 0000010 
111111010011111001111 0000001 0000100 0010000 0100000 0000010 0001000 1000000 
111111010011111000111 0000001 0000100 0010000 0100000 0000010 1000000 0001000 
111111000011111001111 0000001 0000100 0010000 0100000 0001000 0000010 1000000 
111111000001111001111 0000001 0000100 0010000 0100000 0001000 1000000 0000010 
111111010001111000111 0000001 0000100 0010000 0100000 1000000 0000010 0001000 
111111000001111000111 0000001 0000100 0010000 0100000 1000000 0001000 0000010 
111111010101111010110 0000001 0000100 0010000 1000000 0000010 0001000 0100000 
111111010101111000110 0000001 0000100 0010000 1000000 0000010 0100000 0001000 
111111000101111010110 0000001 0000100 0010000 1000000 0001000 0000010 0100000 
111111000001111010110 0000001 0000100 0010000 1000000 0001000 0100000 0000010 
111111010001111000110 0000001 0000100 0010000 1000000 0100000 0000010 0001000 
111111000001111000110 0000001 0000100 0010000 1000000 0100000 0001000 0000010 
111111011011111101011 0000001 0000100 0100000 0000010 0001000 0010000 1000000 
111111011011111101001 0000001 0000100 0100000 0000010 0001000 1000000 0010000 
111111011011111001011 0000001 0000100 0100000 0000010 0010000 0001000 1000000 
111111011011111000011 0000001 0000100 0100000 0000010 0010000 1000000 0001000 
111111011011111100001 0000001 0000100 0100000 0000010 1000000 0001000 0010000 
111111011011111000001 0000001 0000100 0100000 0000010 1000000 0010000 0001000 
111111001011111101011 0000001 0000100 0100000 0001000 0000010 0010000 1000000 
111111001011111101001 0000001 0000100 0100000 0001000 0000010 1000000 0010000 
111111000011111101011 0000001 0000100 0100000 0001000 0010000 0000010 1000000 
111111000001111101011 0000001 0000100 0100000 0001000 0010000 1000000 0000010 
111111001001111101001 0000001 0000100 0100000 0001000 1000000 0000010 0010000 
111111000001111101001 0000001 0000100 0100000 0001000 1000000 0010000 0000010 
111111010011111001011 0000001 0000100 0100000 0010000 0000010 0001000 1000000 
111111010011111000011 0000001 0000100 0100000 0010000 0000010 1000000 0001000 
111111000011111001011 0000001 0000100 0100000 0010000 0001000 0000010 1000000 
111111000001111001011 0000001 0000100 0100000 0010000 0001000 1000000 0000010 
111111010001111000011 0000001 0000100 0100000 0010000 1000000 0000010 0001000 
111111000001111000011 0000001 0000100 0100000 0010000 1000000 0001000 0000010 
111111011001111100001 0000001 0000100 0100000 1000000 0000010 0001000 0010000 
111111011001111000001 0000001 0000100 0100000 1000000 0000010 0010000 0001000 
111111001001111100001 0000001 0000100 0100000 1000000 0001000 0000010 0010000 
111111000001111100001 0000001 0000100 0100000 1000000 0001000 0010000 0000010 
111111010001111000001 0000001 0000100 0100000 1000000 0010000 0000010 0001000 
111111000001111000001 0000001 0000100 0100000 1000000 0010000 0001000 0000010 
111111011101111110100 0000001 0000100 1000000 0000010 0001000 0010000 0100000 
111111011101111110000 0000001 0000100 1000000 0000010 0001000 0100000 0010000 
111111011101111010100 0000001 0000100 1000000 0000010 0010000 0001000 0100000 
111111011101111000100 0000001 0000100 1000000 0000010 0010000 0100000 0001000 
111111011101111100000 0000001 0000100 1000000 0000010 0100000 0001000 0010000 
111111011101111000000 0000001 0000100 1000000 0000010 0100000 0010000 0001000 
111111001101111110100 0000001 0000100 1000000 0001000 0000010 0010000 0100000 
111111001101111110000 0000001 0000100 1000000 0001000 0000010 0100000 0010000 
111111000101111110100 0000001 0000100 1000000 0001000 0010000 0000010 0100000 
111111000001111110100 0000001 0000100 1000000 0001000 0010000 0100000 0000010 
111111001001111110000 0000001 0000100 1000000 0001000 0100000 0000010 0010000 
111111000001111110000 0000001 0000100 1000000 0001000 0100000 0010000 0000010 
111111010101111010100 0000001 0000100 1000000 0010000 0000010 0001000 0100000 
111111010101111000100 0000001 0000100 1000000 0010000 0000010 0100000 0001000 
111111000101111010100 0000001 0000100 1000000 0010000 0001000 0000010 0100000 
111111000001111010100 0000001 0000100 1000000 0010000 0001000 0100000 0000010 
111111010001111000100 0000001 0000100 1000000 0010000 0100000 0000010 0001000 
111111000001111000100 0000001 0000100 1000000 0010000 0100000 0001000 0000010 
111111011001111100000 0000001 0000100 1000000 0100000 0000010 0001000 0010000 
111111011001111000000 0000001 0000100 1000000 0100000 0000010 0010000 0001000 
111111001001111100000 0000001 0000100 1000000 0100000 0001000 0000010 0010000 
111111000001111100000 0000001 0000100 1000000 0100000 0001000 0010000 0000010 
111111010001111000000 0000001 0000100 1000000 0100000 0010000 0000010 0001000 
111111000001111000000 0000001 0000100 1000000 0100000 0010000 0001000 0000010 
111111101110111111111 0000001 0001000 0000010 0000100 0010000 0100000 1000000 
111111101110111111110 0000001 0001000 0000010 0000100 0010000 1000000 0100000 
111111101110111111011 0000001 0001000 0000010 0000100 0100000 0010000 1000000 
111111101110111111001 0000001 0001000 0000010 0000100 0100000 1000000 0010000 
111111101110111111100 0000001 0001000 0000010 0000100 1000000 0010000 0100000 
111111101110111111000 0000001 0001000 0000010 0000100 1000000 0100000 0010000 
111111101110011111111 0000001 0001000 0000010 0010000 0000100 0100000 1000000 
111111101110011111110 0000001 0001000 0000010 0010000 0000100 1000000 0100000 
111111101110001111111 0000001 0001000 0000010 0010000 0100000 0000100 1000000 
111111101110000111111 0000001 0001000 0000010 0010000 0100000 1000000 0000100 
111111101110010111110 0000001 0001000 0000010 0010000 1000000 0000100 0100000 
111111101110000111110 0000001 0001000 0000010 0010000 1000000 0100000 0000100 
111111101110101111011 0000001 0001000 0000010 0100000 0000100 0010000 1000000 
111111101110101111001 0000001 0001000 0000010 0100000 0000100 1000000 0010000 
111111101110001111011 0000001 0001000 0000010 0100000 0010000 0000100 1000000 
111111101110000111011 0000001 0001000 0000010 0100000 0010000 1000000 0000100 
111111101110100111001 0000001 0001000 0000010 0100000 1000000 0000100 0010000 
111111101110000111001 0000001 0001000 0000010 0100000 1000000 0010000 0000100 
111111101110110111100 0000001 0001000 0000010 1000000 0000100 0010000 0100000 
111111101110110111000 0000001 0001000 0000010 1000000 0000100 0100000 0010000 
111111101110010111100 0000001 0001000 0000010 1000000 0010000 0000100 0100000 
111111101110000111100 0000001 0001000 0000010 1000000 0010000 0100000 0000100 
111111101110100111000 0000001 0001000 0000010 1000000 0100000 0000100 0010000 
111111101110000111000 0000001 0001000 0000010 1000000 0100000 0010000 0000100 
111111001110111111111 0000001 0001000 0000100 0000010 0010000 0100000 1000000 
111111001110111111110 0000001 0001000 0000100 0000010 0010000 1000000 0100000 
111111001110111111011 0000001 0001000 0000100 0000010 0100000 0010000 1000000 
111111001110111111001 0000001 0001000 0000100 0000010 0100000 1000000 0010000 
111111001110111111100 0000001 0001000 0000100 0000010 1000000 0010000 0100000 
111111001110111111000 0000001 0001000 0000100 0000010 1000000 0100000 0010000 
111111000110111111111 0000001 0001000 0000100 0010000 0000010 0100000 1000000 
111111000110111111110 0000001 0001000 0000100 0010000 0000010 1000000 0100000 
111111000010111111111 0000001 0001000 0000100 0010000 0100000 0000010 1000000 
111111000000111111111 0000001 0001000 0000100 0010000 0100000 1000000 0000010 
111111000100111111110 0000001 0001000 0000100 0010000 1000000 0000010 0100000 
111111000000111111110 0000001 0001000 0000100 0010000 1000000 0100000 0000010 
111111001010111111011 0000001 0001000 0000100 0100000 0000010 0010000 1000000 
111111001010111111001 0000001 0001000 0000100 0100000 0000010 1000000 0010000 
111111000010111111011 0000001 0001000 0000100 0100000 0010000 0000010 1000000 
111111000000111111011 0000001 0001000 0000100 0100000 0010000 1000000 0000010 
111111001000111111001 0000001 0001000 0000100 0100000 1000000 0000010 0010000 
111111000000111111001 0000001 0001000 0000100 0100000 1000000 0010000 0000010 
111111001100111111100 0000001 0001000 0000100 1000000 0000010 0010000 0100000 
111111001100111111000 0000001 0001000 0000100 1000000 0000010 0100000 0010000 
111111000100111111100 0000001 0001000 0000100 1000000 0010000 0000010 0100000 
111111000000111111100 0000001 0001000 0000100 1000000 0010000 0100000 0000010 
111111001000111111000 0000001 0001000 0000100 1000000 0100000 0000010 0010000 
111111000000111111000 0000001 0001000 0000100 1000000 0100000 0010000 0000010 
111111100110011111111 0000001 0001000 0010000 0000010 0000100 0100000 1000000 
111111100110011111110 0000001 0001000 0010000 0000010 0000100 1000000 0100000 
111111100110001111111 0000001 0001000 0010000 0000010 0100000 0000100 1000000 
111111100110000111111 0000001 0001000 0010000 0000010 0100000 1000000 0000100 
111111100110010111110 0000001 0001000 0010000 0000010 1000000 0000100 0100000 
111111100110000111110 0000001 0001000 0010000 0000010 1000000 0100000 0000100 
111111000110011111111 0000001 0001000 0010000 0000100 0000010 0100000 1000000 
111111000110011111110 0000001 0001000 0010000 0000100 0000010 1000000 0100000 
111111000010011111111 0000001 0001000 0010000 0000100 0100000 0000010 1000000 
111111000000011111111 0000001 0001000 0010000 0000100 0100000 1000000 0000010 
111111000100011111110 0000001 0001000 0010000 0000100 1000000 0000010 0100000 
111111000000011111110 0000001 0001000 0010000 0000100 1000000 0100000 0000010 
111111100010001111111 0000001 0001000 0010000 0100000 0000010 0000100 1000000 
111111100010000111111 0000001 0001000 0010000 0100000 0000010 1000000 0000100 
111111000010001111111 0000001 0001000 0010000 0100000 0000100 0000010 1000000 
111111000000001111111 0000001 0001000 0010000 0100000 0000100 1000000 0000010 
111111100000000111111 0000001 0001000 0010000 0100000 1000000 0000010 0000100 
111111000000000111111 0000001 0001000 0010000 0100000 1000000 0000100 0000010 
111111100100010111110 0000001 0001000 0010000 1000000 0000010 0000100 0100000 
111111100100000111110 0000001 0001000 0010000 1000000 0000010 0100000 0000100 
111111000100010111110 0000001 0001000 0010000 1000000 0000100 0000010 0100000 
111111000000010111110 0000001 0001000 0010000 1000000 0000100 0100000 0000010 
111111100000000111110 0000001 0001000 0010000 1000000 0100000 0000010 0000100 
111111000000000111110 0000001 0001000 0010000 1000000 0100000 0000100 0000010 
111111101010101111011 0000001 0001000 0100000 0000010 0000100 0010000 1000000 
111111101010101111001 0000001 0001000 0100000 0000010 0000100 1000000 0010000 
111111101010001111011 0000001 0001000 0100000 0000010 0010000 0000100 1000000 
111111101010000111011 0000001 0001000 0100000 0000010 0010000 1000000 0000100 
111111101010100111001 0000001 0001000 0100000 0000010 1000000 0000100 0010000 
111111101010000111001 0000001 0001000 0100000 0000010 1000000 0010000 0000100 
111111001010101111011 0000001 0001000 0100000 0000100 0000010 0010000 1000000 
111111001010101111001 0000001 0001000 0100000 0000100 0000010 1000000 0010000 
111111000010101111011 0000001 0001000 0100000 0000100 0010000 0000010 1000000 
111111000000101111011 0000001 0001000 0100000 0000100 0010000 1000000 0000010 
111111001000101111001 0000001 0001000 0100000 0000100 1000000 0000010 0010000 
111111000000101111001 0000001 0001000 0100000 0000100 1000000 0010000 0000010 
111111100010001111011 0000001 0001000 0100000 0010000 0000010 0000100 1000000 
111111100010000111011 0000001 0001000 0100000 0010000 0000010 1000000 0000100 
111111000010001111011 0000001 0001000 0100000 0010000 0000100 0000010 1000000 
111111000000001111011 0000001 0001000 0100000 0010000 0000100 1000000 0000010 
111111100000000111011 0000001 0001000 0100000 0010000 1000000 0000010 0000100 
111111000000000111011 0000001 0001000 0100000 0010000 1000000 0000100 0000010 
111111101000100111001 0000001 0001000 0100000 1000000 0000010 0000100 0010000 
111111101000000111001 0000001 0001000 0100000 1000000 0000010 0010000 0000100 
111111001000100111001 0000001 0001000 0100000 1000000 0000100 0000010 0010000 
111111000000100111001 0000001 0001000 0100000 1000000 0000100 0010000 0000010 
111111100000000111001 0000001 0001000 0100000 1000000 0010000 0000010 0000100 
111111000000000111001 0000001 0001000 0100000 1000000 0010000 0000100 0000010 
111111101100110111100 0000001 0001000 1000000 0000010 0000100 0010000 0100000 
111111101100110111000 0000001 0001000 1000000 0000010 0000100 0100000 0010000 
111111101100010111100 0000001 0001000 1000000 0000010 0010000 0000100 0100000 
111111101100000111100 0000001 0001000 1000000 0000010 0010000 0100000 0000100 
111111101100100111000 0000001 0001000 1000000 0000010 0100000 0000100 0010000 
111111101100000111000 0000001 0001000 1000000 0000010 0100000 0010000 0000100 
111111001100110111100 0000001 0001000 1000000 0000100 0000010 0010000 0100000 
111111001100110111000 0000001 0001000 1000000 0000100 0000010 0100000 0010000 
111111000100110111100 0000001 0001000 1000000 0000100 0010000 0000010 0100000 
111111000000110111100 0000001 0001000 1000000 0000100 0010000 0100000 0000010 
111111001000110111000 0000001 0001000 1000000 0000100 0100000 0000010 0010000 
111111000000110111000 0000001 0001000 1000000 0000100 0100000 0010000 0000010 
111111100100010111100 0000001 0001000 1000000 0010000 0000010 0000100 0100000 
111111100100000111100 0000001 0001000 1000000 0010000 0000010 0100000 0000100 
111111000100010111100 0000001 0001000 1000000 0010000 0000100 0000010 0100000 
111111000000010111100 0000001 0001000 1000000 0010000 0000100 0100000 0000010 
111111100000000111100 0000001 0001000 1000000 0010000 0100000 0000010 0000100 
111111000000000111100 0000001 0001000 1000000 0010000 0100000 0000100 0000010 
111111101000100111000 0000001 0001000 1000000 0100000 0000010 0000100 0010000 
111111101000000111000 0000001 0001000 1000000 0100000 0000010 0010000 0000100 
111111001000100111000 0000001 0001000 1000000 0100000 0000100 0000010 0010000 
111111000000100111000 0000001 0001000 1000000 0100000 0000100 0010000 0000010 
111111100000000111000 0000001 0001000 1000000 0100000 0010000 0000010 0000100 
111111000000000111000 0000001 0001000 1000000 0100000 0010000 0000100 0000010 
111111110111011011111 0000001 0010000 0000010 0000100 0001000 0100000 1000000 
111111110111011011110 0000001 0010000 0000010 0000100 0001000 1000000 0100000 
111111110111011001111 0000001 0010000 0000010 0000100 0100000 0001000 1000000 
111111110111011000111 0000001 0010000 0000010 0000100 0100000 1000000 0001000 
111111110111011010110 0000001 0010000 0000010 0000100 1000000 0001000 0100000 
111111110111011000110 0000001 0010000 0000010 0000100 1000000 0100000 0001000 
111111110110011011111 0000001 0010000 0000010 0001000 0000100 0100000 1000000 
111111110110011011110 0000001 0010000 0000010 0001000 0000100 1000000 0100000 
111111110110001011111 0000001 0010000 0000010 0001000 0100000 0000100 1000000 
111111110110000011111 0000001 0010000 0000010 0001000 0100000 1000000 0000100 
111111110110010011110 0000001 0010000 0000010 0001000 1000000 0000100 0100000 
111111110110000011110 0000001 0010000 0000010 0001000 1000000 0100000 0000100 
111111110111001001111 0000001 0010000 0000010 0100000 0000100 0001000 1000000 
111111110111001000111 0000001 0010000 0000010 0100000 0000100 1000000 0001000 
111111110110001001111 0000001 0010000 0000010 0100000 0001000 0000100 1000000 
111111110110000001111 0000001 0010000 0000010 0100000 0001000 1000000 0000100 
111111110111000000111 0000001 0010000 0000010 0100000 1000000 0000100 0001000 
111111110110000000111 0000001 0010000 0000010 0100000 1000000 0001000 0000100 
111111110111010010110 0000001 0010000 0000010 1000000 0000100 0001000 0100000 
111111110111010000110 0000001 0010000 0000010 1000000 0000100 0100000 0001000 
111111110110010010110 0000001 0010000 0000010 1000000 0001000 0000100 0100000 
111111110110000010110 0000001 0010000 0000010 1000000 0001000 0100000 0000100 
111111110111000000110 0000001 0010000 0000010 1000000 0100000 0000100 0001000 
111111110110000000110 0000001 0010000 0000010 1000000 0100000 0001000 0000100 
111111010111011011111 0000001 0010000 0000100 0000010 0001000 0100000 1000000 
111111010111011011110 0000001 0010000 0000100 0000010 0001000 1000000 0100000 
111111010111011001111 0000001 0010000 0000100 0000010 0100000 0001000 1000000 
111111010111011000111 0000001 0010000 0000100 0000010 0100000 1000000 0001000 
111111010111011010110 0000001 0010000 0000100 0000010 1000000 0001000 0100000 
111111010111011000110 0000001 0010000 0000100 0000010 1000000 0100000 0001000 
111111000111011011111 0000001 0010000 0000100 0001000 0000010 0100000 1000000 
111111000111011011110 0000001 0010000 0000100 0001000 0000010 1000000 0100000 
111111000011011011111 0000001 0010000 0000100 0001000 0100000 0000010 1000000 
111111000001011011111 0000001 0010000 0000100 0001000 0100000 1000000 0000010 
111111000101011011110 0000001 0010000 0000100 0001000 1000000 0000010 0100000 
111111000001011011110 0000001 0010000 0000100 0001000 1000000 0100000 0000010 
111111010011011001111 0000001 0010000 0000100 0100000 0000010 0001000 1000000 
111111010011011000111 0000001 0010000 0000100 0100000 0000010 1000000 0001000 
111111000011011001111 0000001 0010000 0000100 0100000 0001000 0000010 1000000 
111111000001011001111 0000001 0010000 0000100 0100000 0001000 1000000 0000010 
111111010001011000111 0000001 0010000 0000100 0100000 1000000 0000010 0001000 
111111000001011000111 0000001 0010000 0000100 0100000 1000000 0001000 0000010 
111111010101011010110 0000001 0010000 0000100 1000000 0000010 0001000 0100000 
111111010101011000110 0000001 0010000 0000100 1000000 0000010 0100000 0001000 
111111000101011010110 0000001 0010000 0000100 1000000 0001000 0000010 0100000 
111111000001011010110 0000001 0010000 0000100 1000000 0001000 0100000 0000010 
111111010001011000110 0000001 0010000 0000100 1000000 0100000 0000010 0001000 
111111000001011000110 0000001 0010000 0000100 1000000 0100000 0001000 0000010 
111111100110011011111 0000001 0010000 0001000 0000010 0000100 0100000 1000000 
111111100110011011110 0000001 0010000 0001000 0000010 0000100 1000000 0100000 
111111100110001011111 0000001 0010000 0001000 0000010 0100000 0000100 1000000 
111111100110000011111 0000001 0010000 0001000 0000010 0100000 1000000 0000100 
111111100110010011110 0000001 0010000 0001000 0000010 1000000 0000100 0100000 
111111100110000011110 0000001 0010000 0001000 0000010 1000000 0100000 0000100 
111111000110011011111 0000001 0010000 0001000 0000100 0000010 0100000 1000000 
111111000110011011110 0000001 0010000 0001000 0000100 0000010 1000000 0100000 
111111000010011011111 0000001 0010000 0001000 0000100 0100000 0000010 1000000 
111111000000011011111 0000001 0010000 0001000 0000100 0100000 1000000 0000010 
111111000100011011110 0000001 0010000 0001000 0000100 1000000 0000010 0100000 
111111000000011011110 0000001 0010000 0001000 0000100 1000000 0100000 0000010 
111111100010001011111 0000001 0010000 0001000 0100000 0000010 0000100 1000000 
111111100010000011111 0000001 0010000 0001000 0100000 0000010 1000000 0000100 
111111000010001011111 0000001 0010000 0001000 0100000 0000100 0000010 1000000 
111111000000001011111 0000001 0010000 0001000 0100000 0000100 1000000 0000010 
111111100000000011111 0000001 0010000 0001000 0100000 1000000 0000010 0000100 
111111000000000011111 0000001 0010000 0001000 0100000 1000000 0000100 0000010 
111111100100010011110 0000001 0010000 0001000 1000000 0000010 0000100 0100000 
111111100100000011110 0000001 0010000 0001000 1000000 0000010 0100000 0000100 
111111000100010011110 0000001 0010000 0001000 1000000 0000100 0000010 0100000 
111111000000010011110 0000001 0010000 0001000 1000000 0000100 0100000 0000010 
111111100000000011110 0000001 0010000 0001000 1000000 0100000 0000010 0000100 
111111000000000011110 0000001 0010000 0001000 1000000 0100000 0000100 0000010 
111111110011001001111 0000001 0010000 0100000 0000010 0000100 0001000 1000000 
111111110011001000111 0000001 0010000 0100000 0000010 0000100 1000000 0001000 
111111110010001001111 0000001 0010000 0100000 0000010 0001000 0000100 1000000 
111111110010000001111 0000001 0010000 0100000 0000010 0001000 1000000 0000100 
111111110011000000111 0000001 0010000 0100000 0000010 1000000 0000100 0001000 
111111110010000000111 0000001 0010000 0100000 0000010 1000000 0001000 0000100 
111111010011001001111 0000001 0010000 0100000 0000100 0000010 0001000 1000000 
111111010011001000111 0000001 0010000 0100000 0000100 0000010 1000000 0001000 
111111000011001001111 0000001 0010000 0100000 0000100 0001000 0000010 1000000 
111111000001001001111 0000001 0010000 0100000 0000100 0001000 1000000 0000010 
111111010001001000111 0000001 0010000 0100000 0000100 1000000 0000010 0001000 
111111000001001000111 0000001 0010000 0100000 0000100 1000000 0001000 0000010 
111111100010001001111 0000001 0010000 0100000 0001000 0000010 0000100 1000000 
111111100010000001111 0000001 0010000 0100000 0001000 0000010 1000000 0000100 
111111000010001001111 0000001 0010000 0100000 0001000 0000100 0000010 1000000 
111111000000001001111 0000001 0010000 0100000 0001000 0000100 1000000 0000010 
111111100000000001111 0000001 0010000 0100000 0001000 1000000 0000010 0000100 
111111000000000001111 0000001 0010000 0100000 0001000 1000000 0000100 0000010 
111111110001000000111 0000001 0010000 0100000 1000000 0000010 0000100 0001000 
111111110000000000111 0000001 0010000 0100000 1000000 0000010 0001000 0000100 
111111010001000000111 0000001 0010000 0100000 1000000 0000100 0000010 0001000 
111111000001000000111 0000001 0010000 0100000 1000000 0000100 0001000 0000010 
111111100000000000111 0000001 0010000 0100000 1000000 0001000 0000010 0000100 
111111000000000000111 0000001 0010000 0100000 1000000 0001000 0000100 0000010 
111111110101010010110 0000001 0010000 1000000 0000010 0000100 0001000 0100000 
111111110101010000110 0000001 0010000 1000000 0000010 0000100 0100000 0001000 
111111110100010010110 0000001 0010000 1000000 0000010 0001000 0000100 0100000 
111111110100000010110 0000001 0010000 1000000 0000010 0001000 0100000 0000100 
111111110101000000110 0000001 0010000 1000000 0000010 0100000 0000100 0001000 
111111110100000000110 0000001 0010000 1000000 0000010 0100000 0001000 0000100 
111111010101010010110 0000001 0010000 1000000 0000100 0000010 0001000 0100000 
111111010101010000110 0000001 0010000 1000000 0000100 0000010 0100000 0001000 
111111000101010010110 0000001 0010000 1000000 0000100 0001000 0000010 0100000 
111111000001010010110 0000001 0010000 1000000 0000100 0001000 0100000 0000010 
111111010001010000110 0000001 0010000 1000000 0000100 0100000 0000010 0001000 
111111000001010000110 0000001 0010000 1000000 0000100 0100000 0001000 0000010 
111111100100010010110 0000001 0010000 1000000 0001000 0000010 0000100 0100000 
111111100100000010110 0000001 0010000 1000000 0001000 0000010 0100000 0000100 
111111000100010010110 0000001 0010000 1000000 0001000 0000100 0000010 0100000 
111111000000010010110 0000001 0010000 1000000 0001000 0000100 0100000 0000010 
111111100000000010110 0000001 0010000 1000000 0001000 0100000 0000010 0000100 
111111000000000010110 0000001 0010000 1000000 0001000 0100000 0000100 0000010 
111111110001000000110 0000001 0010000 1000000 0100000 0000010 0000100 0001000 
111111110000000000110 0000001 0010000 1000000 0100000 0000010 0001000 0000100 
111111010001000000110 0000001 0010000 1000000 0100000 0000100 0000010 0001000 
111111000001000000110 0000001 0010000 1000000 0100000 0000100 0001000 0000010 
111111100000000000110 0000001 0010000 1000000 0100000 0001000 0000010 0000100 
111111000000000000110 0000001 0010000 1000000 0100000 0001000 0000100 0000010 
111111111011101101011 0000001 0100000 0000010 0000100 0001000 0010000 1000000 
111111111011101101001 0000001 0100000 0000010 0000100 0001000 1000000 0010000 
111111111011101001011 0000001 0100000 0000010 0000100 0010000 0001000 1000000 
111111111011101000011 0000001 0100000 0000010 0000100 0010000 1000000 0001000 
111111111011101100001 0000001 0100000 0000010 0000100 1000000 0001000 0010000 
111111111011101000001 0000001 0100000 0000010 0000100 1000000 0010000 0001000 
111111111010101101011 0000001 0100000 0000010 0001000 0000100 0010000 1000000 
111111111010101101001 0000001 0100000 0000010 0001000 0000100 1000000 0010000 
111111111010001101011 0000001 0100000 0000010 0001000 0010000 0000100 1000000 
111111111010000101011 0000001 0100000 0000010 0001000 0010000 1000000 0000100 
111111111010100101001 0000001 0100000 0000010 0001000 1000000 0000100 0010000 
111111111010000101001 0000001 0100000 0000010 0001000 1000000 0010000 0000100 
111111111011001001011 0000001 0100000 0000010 0010000 0000100 0001000 1000000 
111111111011001000011 0000001 0100000 0000010 0010000 0000100 1000000 0001000 
111111111010001001011 0000001 0100000 0000010 0010000 0001000 0000100 1000000 
111111111010000001011 0000001 0100000 0000010 0010000 0001000 1000000 0000100 
111111111011000000011 0000001 0100000 0000010 0010000 1000000 0000100 0001000 
111111111010000000011 0000001 0100000 0000010 0010000 1000000 0001000 0000100 
111111111011100100001 0000001 0100000 0000010 1000000 0000100 0001000 0010000 
111111111011100000001 0000001 0100000 0000010 1000000 0000100 0010000 0001000 
111111111010100100001 0000001 0100000 0000010 1000000 0001000 0000100 0010000 
111111111010000100001 0000001 0100000 0000010 1000000 0001000 0010000 0000100 
111111111011000000001 0000001 0100000 0000010 1000000 0010000 0000100 0001000 
111111111010000000001 0000001 0100000 0000010 1000000 0010000 0001000 0000100 
111111011011101101011 0000001 0100000 0000100 0000010 0001000 0010000 1000000 
111111011011101101001 0000001 0100000 0000100 0000010 0001000 1000000 0010000 
111111011011101001011 0000001 0100000 0000100 0000010 0010000 0001000 1000000 
111111011011101000011 0000001 0100000 0000100 0000010 0010000 1000000 0001000 
111111011011101100001 0000001 0100000 0000100 0000010 1000000 0001000 0010000 
111111011011101000001 0000001 0100000 0000100 0000010 1000000 0010000 0001000 
111111001011101101011 0000001 0100000 0000100 0001000 0000010 0010000 1000000 
111111001011101101001 0000001 0100000 0000100 0001000 0000010 1000000 0010000 
111111000011101101011 0000001 0100000 0000100 0001000 0010000 0000010 1000000 
111111000001101101011 0000001 0100000 0000100 0001000 0010000 1000000 0000010 
111111001001101101001 0000001 0100000 0000100 0001000 1000000 0000010 0010000 
111111000001101101001 0000001 0100000 0000100 0001000 1000000 0010000 0000010 
111111010011101001011 0000001 0100000 0000100 0010000 0000010 0001000 1000000 
111111010011101000011 0000001 0100000 0000100 0010000 0000010 1000000 0001000 
111111000011101001011 0000001 0100000 0000100 0010000 0001000 0000010 1000000 
111111000001101001011 0000001 0100000 0000100 0010000 0001000 1000000 0000010 
111111010001101000011 0000001 0100000 0000100 0010000 1000000 0000010 0001000 
111111000001101000011 0000001 0100000 0000100 0010000 1000000 0001000 0000010 
111111011001101100001 0000001 0100000 0000100 1000000 0000010 0001000 0010000 
111111011001101000001 0000001 0100000 0000100 1000000 0000010 0010000 0001000 
111111001001101100001 0000001 0100000 0000100 1000000 0001000 0000010 0010000 
111111000001101100001 0000001 0100000 0000100 1000000 0001000 0010000 0000010 
111111010001101000001 0000001 0100000 0000100 1000000 0010000 0000010 0001000 
111111000001101000001 0000001 0100000 0000100 1000000 0010000 0001000 0000010 
111111101010101101011 0000001 0100000 0001000 0000010 0000100 0010000 1000000 
111111101010101101001 0000001 0100000 0001000 0000010 0000100 1000000 0010000 
111111101010001101011 0000001 0100000 0001000 0000010 0010000 0000100 1000000 
111111101010000101011 0000001 0100000 0001000 0000010 0010000 1000000 0000100 
111111101010100101001 0000001 0100000 0001000 0000010 1000000 0000100 0010000 
111111101010000101001 0000001 0100000 0001000 0000010 1000000 0010000 0000100 
111111001010101101011 0000001 0100000 0001000 0000100 0000010 0010000 1000000 
111111001010101101001 0000001 0100000 0001000 0000100 0000010 1000000 0010000 
111111000010101101011 0000001 0100000 0001000 0000100 0010000 0000010 1000000 
111111000000101101011 0000001 0100000 0001000 0000100 0010000 1000000 0000010 
111111001000101101001 0000001 0100000 0001000 0000100 1000000 0000010 0010000 
111111000000101101001 0000001 0100000 0001000 0000100 1000000 0010000 0000010 
111111100010001101011 0000001 0100000 0001000 0010000 0000010 0000100 1000000 
111111100010000101011 0000001 0100000 0001000 0010000 0000010 1000000 0000100 
111111000010001101011 0000001 0100000 0001000 0010000 0000100 0000010 1000000 
111111000000001101011 0000001 0100000 0001000 0010000 0000100 1000000 0000010 
111111100000000101011 0000001 0100000 0001000 0010000 1000000 0000010 0000100 
111111000000000101011 0000001 0100000 0001000 0010000 1000000 0000100 0000010 
111111101000100101001 0000001 0100000 0001000 1000000 0000010 0000100 0010000 
111111101000000101001 0000001 0100000 0001000 1000000 0000010 0010000 0000100 
111111001000100101001 0000001 0100000 0001000 1000000 0000100 0000010 0010000 
111111000000100101001 0000001 0100000 0001000 1000000 0000100 0010000 0000010 
111111100000000101001 0000001 0100000 0001000 1000000 0010000 0000010 0000100 
111111000000000101001 0000001 0100000 0001000 1000000 0010000 0000100 0000010 
111111110011001001011 0000001 0100000 0010000 0000010 0000100 0001000 1000000 
111111110011001000011 0000001 0100000 0010000 0000010 0000100 1000000 0001000 
111111110010001001011 0000001 0100000 0010000 0000010 0001000 0000100 1000000 
111111110010000001011 0000001 0100000 0010000 0000010 0001000 1000000 0000100 
111111110011000000011 0000001 0100000 0010000 0000010 1000000 0000100 0001000 
111111110010000000011 0000001 0100000 0010000 0000010 1000000 0001000 0000100 
111111010011001001011 0000001 0100000 0010000 0000100 0000010 0001000 1000000 
111111010011001000011 0000001 0100000 0010000 0000100 0000010 1000000 0001000 
111111000011001001011 0000001 0100000 0010000 0000100 0001000 0000010 1000000 
111111000001001001011 0000001 0100000 0010000 0000100 0001000 1000000 0000010 
111111010001001000011 0000001 0100000 0010000 0000100 1000000 0000010 0001000 
111111000001001000011 0000001 0100000 0010000 0000100 1000000 0001000 0000010 
111111100010001001011 0000001 0100000 0010000 0001000 0000010 0000100 1000000 
111111100010000001011 0000001 0100000 0010000 0001000 0000010 1000000 0000100 
111111000010001001011 0000001 0100000 0010000 0001000 0000100 0000010 1000000 
111111000000001001011 0000001 0100000 0010000 0001000 0000100 1000000 0000010 
111111100000000001011 0000001 0100000 0010000 0001000 1000000 0000010 0000100 
111111000000000001011 0000001 0100000 0010000 0001000 1000000 0000100 0000010 
111111110001000000011 0000001 0100000 0010000 1000000 0000010 0000100 0001000 
111111110000000000011 0000001 0100000 0010000 1000000 0000010 0001000 0000100 
111111010001000000011 0000001 0100000 0010000 1000000 0000100 0000010 0001000 
111111000001000000011 0000001 0100000 0010000 1000000 0000100 0001000 0000010 
111111100000000000011 0000001 0100000 0010000 1000000 0001000 0000010 0000100 
111111000000000000011 0000001 0100000 0010000 1000000 0001000 0000100 0000010 
111111111001100100001 0000001 0100000 1000000 0000010 0000100 0001000 0010000 
111111111001100000001 0000001 0100000 1000000 0000010 0000100 0010000 0001000 
111111111000100100001 0000001 0100000 1000000 0000010 0001000 0000100 0010000 
111111111000000100001 0000001 0100000 1000000 0000010 0001000 0010000 0000100 
111111111001000000001 0000001 0100000 1000000 0000010 0010000 0000100 0001000 
111111111000000000001 0000001 0100000 1000000 0000010 0010000 0001000 0000100 
111111011001100100001 0000001 0100000 1000000 0000100 0000010 0001000 0010000 
111111011001100000001 0000001 0100000 1000000 0000100 0000010 0010000 0001000 
111111001001100100001 0000001 0100000 1000000 0000100 0001000 0000010 0010000 
111111000001100100001 0000001 0100000 1000000 0000100 0001000 0010000 0000010 
111111010001100000001 0000001 0100000 1000000 0000100 0010000 0000010 0001000 
111111000001100000001 0000001 0100000 1000000 0000100 0010000 0001000 0000010 
111111101000100100001 0000001 0100000 1000000 0001000 0000010 0000100 0010000 
111111101000000100001 0000001 0100000 1000000 0001000 0000010 0010000 0000100 
111111001000100100001 0000001 0100000 1000000 0001000 0000100 0000010 0010000 
111111000000100100001 0000001 0100000 1000000 0001000 0000100 0010000 0000010 
111111100000000100001 0000001 0100000 1000000 0001000 0010000 0000010 0000100 
111111000000000100001 0000001 0100000 1000000 0001000 0010000 0000100 0000010 
111111110001000000001 0000001 0100000 1000000 0010000 0000010 0000100 0001000 
111111110000000000001 0000001 0100000 1000000 0010000 0000010 0001000 0000100 
111111010001000000001 0000001 0100000 1000000 0010000 0000100 0000010 0001000 
111111000001000000001 0000001 0100000 1000000 0010000 0000100 0001000 0000010 
111111100000000000001 0000001 0100000 1000000 0010000 0001000 0000010 0000100 
111111000000000000001 0000001 0100000 1000000 0010000 0001000 0000100 0000010 
111111111101110110100 0000001 1000000 0000010 0000100 0001000 0010000 0100000 
111111111101110110000 0000001 1000000 0000010 0000100 0001000 0100000 0010000 
111111111101110010100 0000001 1000000 0000010 0000100 0010000 0001000 0100000 
111111111101110000100 0000001 1000000 0000010 0000100 0010000 0100000 0001000 
111111111101110100000 0000001 1000000 0000010 0000100 0100000 0001000 0010000 
111111111101110000000 0000001 1000000 0000010 0000100 0100000 0010000 0001000 
111111111100110110100 0000001 1000000 0000010 0001000 0000100 0010000 0100000 
111111111100110110000 0000001 1000000 0000010 0001000 0000100 0100000 0010000 
111111111100010110100 0000001 1000000 0000010 0001000 0010000 0000100 0100000 
111111111100000110100 0000001 1000000 0000010 0001000 0010000 0100000 0000100 
111111111100100110000 0000001 1000000 0000010 0001000 0100000 0000100 0010000 
111111111100000110000 0000001 1000000 0000010 0001000 0100000 0010000 0000100 
111111111101010010100 0000001 1000000 0000010 0010000 0000100 0001000 0100000 
111111111101010000100 0000001 1000000 0000010 0010000 0000100 0100000 0001000 
111111111100010010100 0000001 1000000 0000010 0010000 0001000 0000100 0100000 
111111111100000010100 0000001 1000000 0000010 0010000 0001000 0100000 0000100 
111111111101000000100 0000001 1000000 0000010 0010000 0100000 0000100 0001000 
111111111100000000100 0000001 1000000 0000010 0010000 0100000 0001000 0000100 
111111111101100100000 0000001 1000000 0000010 0100000 0000100 0001000 0010000 
111111111101100000000 0000001 1000000 0000010 0100000 0000100 0010000 0001000 
111111111100100100000 0000001 1000000 0000010 0100000 0001000 0000100 0010000 
111111111100000100000 0000001 1000000 0000010 0100000 0001000 0010000 0000100 
111111111101000000000 0000001 1000000 0000010 0100000 0010000 0000100 0001000 
111111111100000000000 0000001 1000000 0000010 0100000 0010000 0001000 0000100 
111111011101110110100 0000001 1000000 0000100 0000010 0001000 0010000 0100000 
111111011101110110000 0000001 1000000 0000100 0000010 0001000 0100000 0010000 
111111011101110010100 0000001 1000000 0000100 0000010 0010000 0001000 0100000 
111111011101110000100 0000001 1000000 0000100 0000010 0010000 0100000 0001000 
111111011101110100000 0000001 1000000 0000100 0000010 0100000 0001000 0010000 
111111011101110000000 0000001 1000000 0000100 0000010 0100000 0010000 0001000 
111111001101110110100 0000001 1000000 0000100 0001000 0000010 0010000 0100000 
111111001101110110000 0000001 1000000 0000100 0001000 0000010 0100000 0010000 
111111000101110110100 0000001 1000000 0000100 0001000 0010000 0000010 0100000 
111111000001110110100 0000001 1000000 0000100 0001000 0010000 0100000 0000010 
111111001001110110000 0000001 1000000 0000100 0001000 0100000 0000010 0010000 
111111000001110110000 0000001 1000000 0000100 0001000 0100000 0010000 0000010 
111111010101110010100 0000001 1000000 0000100 0010000 0000010 0001000 0100000 
111111010101110000100 0000001 1000000 0000100 0010000 0000010 0100000 0001000 
111111000101110010100 0000001 1000000 0000100 0010000 0001000 0000010 0100000 
111111000001110010100 0000001 1000000 0000100 0010000 0001000 0100000 0000010 
111111010001110000100 0000001 1000000 0000100 0010000 0100000 0000010 0001000 
111111000001110000100 0000001 1000000 0000100 0010000 0100000 0001000 0000010 
111111011001110100000 0000001 1000000 0000100 0100000 0000010 0001000 0010000 
111111011001110000000 0000001 1000000 0000100 0100000 0000010 0010000 0001000 
111111001001110100000 0000001 1000000 0000100 0100000 0001000 0000010 0010000 
111111000001110100000 0000001 1000000 0000100 0100000 0001000 0010000 0000010 
111111010001110000000 0000001 1000000 0000100 0100000 0010000 0000010 0001000 
111111000001110000000 0000001 1000000 0000100 0100000 0010000 0001000 0000010 
111111101100110110100 0000001 1000000 0001000 0000010 0000100 0010000 0100000 
111111101100110110000 0000001 1000000 0001000 0000010 0000100 0100000 0010000 
111111101100010110100 0000001 1000000 0001000 0000010 0010000 0000100 0100000 
111111101100000110100 0000001 1000000 0001000 0000010 0010000 0100000 0000100 
111111101100100110000 0000001 1000000 0001000 0000010 0100000 0000100 0010000 
111111101100000110000 0000001 1000000 0001000 0000010 0100000 0010000 0000100 
111111001100110110100 0000001 1000000 0001000 0000100 0000010 0010000 0100000 
111111001100110110000 0000001 1000000 0001000 0000100 0000010 0100000 0010000 
111111000100110110100 0000001 1000000 0001000 0000100 0010000 0000010 0100000 
111111000000110110100 0000001 1000000 0001000 0000100 0010000 0100000 0000010 
111111001000110110000 0000001 1000000 0001000 0000100 0100000 0000010 0010000 
111111000000110110000 0000001 1000000 0001000 0000100 0100000 0010000 0000010 
111111100100010110100 0000001 1000000 0001000 0010000 0000010 0000100 0100000 
111111100100000110100 0000001 1000000 0001000 0010000 0000010 0100000 0000100 
111111000100010110100 0000001 1000000 0001000 0010000 0000100 0000010 0100000 
111111000000010110100 0000001 1000000 0001000 0010000 0000100 0100000 0000010 
111111100000000110100 0000001 1000000 0001000 0010000 0100000 0000010 0000100 
111111000000000110100 0000001 1000000 0001000 0010000 0100000 0000100 0000010 
111111101000100110000 0000001 1000000 0001000 0100000 0000010 0000100 0010000 
111111101000000110000 0000001 1000000 0001000 0100000 0000010 0010000 0000100 
111111001000100110000 0000001 1000000 0001000 0100000 0000100 0000010 0010000 
111111000000100110000 0000001 1000000 0001000 0100000 0000100 0010000 0000010 
111111100000000110000 0000001 1000000 0001000 0100000 0010000 0000010 0000100 
111111000000000110000 0000001 1000000 0001000 0100000 0010000 0000100 0000010 
111111110101010010100 0000001 1000000 0010000 0000010 0000100 0001000 0100000 
111111110101010000100 0000001 1000000 0010000 0000010 0000100 0100000 0001000 
111111110100010010100 0000001 1000000 0010000 0000010 0001000 0000100 0100000 
111111110100000010100 0000001 1000000 0010000 0000010 0001000 0100000 0000100 
111111110101000000100 0000001 1000000 0010000 0000010 0100000 0000100 0001000 
111111110100000000100 0000001 1000000 0010000 0000010 0100000 0001000 0000100 
111111010101010010100 0000001 1000000 0010000 0000100 0000010 0001000 0100000 
111111010101010000100 0000001 1000000 0010000 0000100 0000010 0100000 0001000 
111111000101010010100 0000001 1000000 0010000 0000100 0001000 0000010 0100000 
111111000001010010100 0000001 1000000 0010000 0000100 0001000 0100000 0000010 
111111010001010000100 0000001 1000000 0010000 0000100 0100000 0000010 0001000 
111111000001010000100 0000001 1000000 0010000 0000100 0100000 0001000 0000010 
111111100100010010100 0000001 1000000 0010000 0001000 0000010 0000100 0100000 
111111100100000010100 0000001 1000000 0010000 0001000 0000010 0100000 0000100 
111111000100010010100 0000001 1000000 0010000 0001000 0000100 0000010 0100000 
111111000000010010100 0000001 1000000 0010000 0001000 0000100 0100000 0000010 
111111100000000010100 0000001 1000000 0010000 0001000 0100000 0000010 0000100 
111111000000000010100 0000001 1000000 0010000 0001000 0100000 0000100 0000010 
111111110001000000100 0000001 1000000 0010000 0100000 0000010 0000100 0001000 
111111110000000000100 0000001 1000000 0010000 0100000 0000010 0001000 0000100 
111111010001000000100 0000001 1000000 0010000 0100000 0000100 0000010 0001000 
111111000001000000100 0000001 1000000 0010000 0100000 0000100 0001000 0000010 
111111100000000000100 0000001 1000000 0010000 0100000 0001000 0000010 0000100 
111111000000000000100 0000001 1000000 0010000 0100000 0001000 0000100 0000010 
111111111001100100000 0000001 1000000 0100000 0000010 0000100 0001000 0010000 
111111111001100000000 0000001 1000000 0100000 0000010 0000100 0010000 0001000 
111111111000100100000 0000001 1000000 0100000 0000010 0001000 0000100 0010000 
111111111000000100000 0000001 1000000 0100000 0000010 0001000 0010000 0000100 
111111111001000000000 0000001 1000000 0100000 0000010 0010000 0000100 0001000 
111111111000000000000 0000001 1000000 0100000 0000010 0010000 0001000 0000100 
111111011001100100000 0000001 1000000 0100000 0000100 0000010 0001000 0010000 
111111011001100000000 0000001 1000000 0100000 0000100 0000010 0010000 0001000 
111111001001100100000 0000001 1000000 0100000 0000100 0001000 0000010 0010000 
111111000001100100000 0000001 1000000 0100000 0000100 0001000 0010000 0000010 
111111010001100000000 0000001 1000000 0100000 0000100 0010000 0000010 0001000 
111111000001100000000 0000001 1000000 0100000 0000100 0010000 0001000 0000010 
111111101000100100000 0000001 1000000 0100000 0001000 0000010 0000100 0010000 
111111101000000100000 0000001 1000000 0100000 0001000 0000010 0010000 0000100 
111111001000100100000 0000001 1000000 0100000 0001000 0000100 0000010 0010000 
111111000000100100000 0000001 1000000 0100000 0001000 0000100 0010000 0000010 
111111100000000100000 0000001 1000000 0100000 0001000 0010000 0000010 0000100 
111111000000000100000 0000001 1000000 0100000 0001000 0010000 0000100 0000010 
111111110001000000000 0000001 1000000 0100000 0010000 0000010 0000100 0001000 
111111110000000000000 0000001 1000000 0100000 0010000 0000010 0001000 0000100 
111111010001000000000 0000001 1000000 0100000 0010000 0000100 0000010 0001000 
111111000001000000000 0000001 1000000 0100000 0010000 0000100 0001000 0000010 
111111100000000000000 0000001 1000000 0100000 0010000 0001000 0000010 0000100 
111111000000000000000 0000001 1000000 0100000 0010000 0001000 0000100 0000010 
011111111111111111111 0000010 0000001 0000100 0001000 0010000 0100000 1000000 
011111111111111111110 0000010 0000001 0000100 0001000 0010000 1000000 0100000 
011111111111111111011 0000010 0000001 0000100 0001000 0100000 0010000 1000000 
011111111111111111001 0000010 0000001 0000100 0001000 0100000 1000000 0010000 
011111111111111111100 0000010 0000001 0000100 0001000 1000000 0010000 0100000 
011111111111111111000 0000010 0000001 0000100 0001000 1000000 0100000 0010000 
011111111111111011111 0000010 0000001 0000100 0010000 0001000 0100000 1000000 
011111111111111011110 0000010 0000001 0000100 0010000 0001000 1000000 0100000 
011111111111111001111 0000010 0000001 0000100 0010000 0100000 0001000 1000000 
011111111111111000111 0000010 0000001 0000100 0010000 0100000 1000000 0001000 
011111111111111010110 0000010 0000001 0000100 0010000 1000000 0001000 0100000 
011111111111111000110 0000010 0000001 0000100 0010000 1000000 0100000 0001000 
011111111111111101011 0000010 0000001 0000100 0100000 0001000 0010000 1000000 
011111111111111101001 0000010 0000001 0000100 0100000 0001000 1000000 0010000 
011111111111111001011 0000010 0000001 0000100 0100000 0010000 0001000 1000000 
011111111111111000011 0000010 0000001 0000100 0100000 0010000 1000000 0001000 
011111111111111100001 0000010 0000001 0000100 0100000 1000000 0001000 0010000 
011111111111111000001 0000010 0000001 0000100 0100000 1000000 0010000 0001000 
011111111111111110100 0000010 0000001 0000100 1000000 0001000 0010000 0100000 
011111111111111110000 0000010 0000001 0000100 1000000 0001000 0100000 0010000 
011111111111111010100 0000010 0000001 0000100 1000000 0010000 0001000 0100000 
011111111111111000100 0000010 0000001 0000100 1000000 0010000 0100000 0001000 
011111111111111100000 0000010 0000001 0000100 1000000 0100000 0001000 0010000 
011111111111111000000 0000010 0000001 0000100 1000000 0100000 0010000 0001000 
011111111110111111111 0000010 0000001 0001000 0000100 0010000 0100000 1000000 
011111111110111111110 0000010 0000001 0001000 0000100 0010000 1000000 0100000 
011111111110111111011 0000010 0000001 0001000 0000100 0100000 0010000 1000000 
011111111110111111001 0000010 0000001 0001000 0000100 0100000 1000000 0010000 
011111111110111111100 0000010 0000001 0001000 0000100 1000000 0010000 0100000 
011111111110111111000 0000010 0000001 0001000 0000100 1000000 0100000 0010000 
011111111110011111111 0000010 0000001 0001000 0010000 0000100 0100000 1000000 
011111111110011111110 0000010 0000001 0001000 0010000 0000100 1000000 0100000 
011111111110001111111 0000010 0000001 0001000 0010000 0100000 0000100 1000000 
011111111110000111111 0000010 0000001 0001000 0010000 0100000 1000000 0000100 
011111111110010111110 0000010 0000001 0001000 0010000 1000000 0000100 0100000 
011111111110000111110 0000010 0000001 0001000 0010000 1000000 0100000 0000100 
011111111110101111011 0000010 0000001 0001000 0100000 0000100 0010000 1000000 
011111111110101111001 0000010 0000001 0001000 0100000 0000100 1000000 0010000 
011111111110001111011 0000010 0000001 0001000 0100000 0010000 0000100 1000000 
011111111110000111011 0000010 0000001 0001000 0100000 0010000 1000000 0000100 
011111111110100111001 0000010 0000001 0001000 0100000 1000000 0000100 0010000 
011111111110000111001 0000010 0000001 0001000 0100000 1000000 0010000 0000100 
011111111110110111100 0000010 0000001 0001000 1000000 0000100 0010000 0100000 
011111111110110111000 0000010 0000001 0001000 1000000 0000100 0100000 0010000 
011111111110010111100 0000010 0000001 0001000 1000000 0010000 0000100 0100000 
011111111110000111100 0000010 0000001 0001000 1000000 0010000 0100000 0000100 
011111111110100111000 0000010 0000001 0001000 1000000 0100000 0000100 0010000 
011111111110000111000 0000010 0000001 0001000 1000000 0100000 0010000 0000100 
011111111111011011111 0000010 0000001 0010000 0000100 0001000 0100000 1000000 
011111111111011011110 0000010 0000001 0010000 0000100 0001000 1000000 0100000 
011111111111011001111 0000010 0000001 0010000 0000100 0100000 0001000 1000000 
011111111111011000111 0000010 0000001 0010000 0000100 0100000 1000000 0001000 
011111111111011010110 0000010 0000001 0010000 0000100 1000000 0001000 0100000 
011111111111011000110 0000010 0000001 0010000 0000100 1000000 0100000 0001000 
011111111110011011111 0000010 0000001 0010000 0001000 0000100 0100000 1000000 
011111111110011011110 0000010 0000001 0010000 0001000 0000100 1000000 0100000 
011111111110001011111 0000010 0000001 0010000 0001000 0100000 0000100 1000000 
011111111110000011111 0000010 0000001 0010000 0001000 0100000 1000000 0000100 
011111111110010011110 0000010 0000001 0010000 0001000 1000000 0000100 0100000 
011111111110000011110 0000010 0000001 0010000 0001000 1000000 0100000 0000100 
011111111111001001111 0000010 0000001 0010000 0100000 0000100 0001000 1000000 
011111111111001000111 0000010 0000001 0010000 0100000 0000100 1000000 0001000 
011111111110001001111 0000010 0000001 0010000 0100000 0001000 0000100 1000000 
011111111110000001111 0000010 0000001 0010000 0100000 0001000 1000000 0000100 
011111111111000000111 0000010 0000001 0010000 0100000 1000000 0000100 0001000 
011111111110000000111 0000010 0000001 0010000 0100000 1000000 0001000 0000100 
011111111111010010110 0000010 0000001 0010000 1000000 0000100 0001000 0100000 
011111111111010000110 0000010 0000001 0010000 1000000 0000100 0100000 0001000 
011111111110010010110 0000010 0000001 0010000 1000000 0001000 0000100 0100000 
011111111110000010110 0000010 0000001 0010000 1000000 0001000 0100000 0000100 
011111111111000000110 0000010 0000001 0010000 1000000 0100000 0000100 0001000 
011111111110000000110 0000010 0000001 0010000 1000000 0100000 0001000 0000100 
011111111111101101011 0000010 0000001 0100000 0000100 0001000 0010000 1000000 
011111111111101101001 0000010 0000001 0100000 0000100 0001000 1000000 0010000 
011111111111101001011 0000010 0000001 0100000 0000100 0010000 0001000 1000000 
011111111111101000011 0000010 0000001 0100000 0000100 0010000 1000000 0001000 
011111111111101100001 0000010 0000001 0100000 0000100 1000000 0001000 0010000 
011111111111101000001 0000010 0000001 0100000 0000100 1000000 0010000 0001000 
011111111110101101011 0000010 0000001 0100000 0001000 0000100 0010000 1000000 
011111111110101101001 0000010 0000001 0100000 0001000 0000100 1000000 0010000 
011111111110001101011 0000010 0000001 0100000 0001000 0010000 0000100 1000000 
011111111110000101011 0000010 0000001 0100000 0001000 0010000 1000000 0000100 
011111111110100101001 0000010 0000001 0100000 0001000 1000000 0000100 0010000 
011111111110000101001 0000010 0000001 0100000 0001000 1000000 0010000 0000100 
011111111111001001011 0000010 0000001 0100000 0010000 0000100 0001000 1000000 
011111111111001000011 0000010 0000001 0100000 0010000 0000100 1000000 0001000 
011111111110001001011 0000010 0000001 0100000 0010000 0001000 0000100 1000000 
011111111110000001011 0000010 0000001 0100000 0010000 0001000 1000000 0000100 
011111111111000000011 0000010 0000001 0100000 0010000 1000000 0000100 0001000 
011111111110000000011 0000010 0000001 0100000 0010000 1000000 0001000 0000100 
011111111111100100001 0000010 0000001 0100000 1000000 0000100 0001000 0010000 
011111111111100000001 0000010 0000001 0100000 1000000 0000100 0010000 0001000 
011111111110100100001 0000010 0000001 0100000 1000000 0001000 0000100 0010000 
011111111110000100001 0000010 0000001 0100000 1000000 0001000 0010000 0000100 
011111111111000000001 0000010 0000001 0100000 1000000 0010000 0000100 0001000 
011111111110000000001 0000010 0000001 0100000 1000000 0010000 0001000 0000100 
011111111111110110100 0000010 0000001 1000000 0000100 0001000 0010000 0100000 
011111111111110110000 0000010 0000001 1000000 0000100 0001000 0100000 0010000 
011111111111110010100 0000010 0000001 1000000 0000100 0010000 0001000 0100000 
011111111111110000100 0000010 0000001 1000000 0000100 0010000 0100000 0001000 
011111111111110100000 0000010 0000001 1000000 0000100 0100000 0001000 0010000 
011111111111110000000 0000010 0000001 1000000 0000100 0100000 0010000 0001000 
011111111110110110100 0000010 0000001 1000000 0001000 0000100 0010000 0100000 
011111111110110110000 0000010 0000001 1000000 0001000 0000100 0100000 0010000 
011111111110010110100 0000010 0000001 1000000 0001000 0010000 0000100 0100000 
011111111110000110100 0000010 0000001 1000000 0001000 0010000 0100000 0000100 
011111111110100110000 0000010 0000001 1000000 0001000 0100000 0000100 0010000 
011111111110000110000 0000010 0000001 1000000 0001000 0100000 0010000 0000100 
011111111111010010100 0000010 0000001 1000000 0010000 0000100 0001000 0100000 
011111111111010000100 0000010 0000001 1000000 0010000 0000100 0100000 0001000 
011111111110010010100 0000010 0000001 1000000 0010000 0001000 0000100 0100000 
011111111110000010100 0000010 0000001 1000000 0010000 0001000 0100000 0000100 
011111111111000000100 0000010 0000001 1000000 0010000 0100000 0000100 0001000 
011111111110000000100 0000010 0000001 1000000 0010000 0100000 0001000 0000100 
011111111111100100000 0000010 0000001 1000000 0100000 0000100 0001000 0010000 
011111111111100000000 0000010 0000001 1000000 0100000 0000100 0010000 0001000 
011111111110100100000 0000010 0000001 1000000 0100000 0001000 0000100 0010000 
011111111110000100000 0000010 0000001 1000000 0100000 0001000 0010000 0000100 
011111111111000000000 0000010 0000001 1000000 0100000 0010000 0000100 0001000 
011111111110000000000 0000010 0000001 1000000 0100000 0010000 0001000 0000100 
001111111111111111111 0000010 0000100 0000001 0001000 0010000 0100000 1000000 
001111111111111111110 0000010 0000100 0000001 0001000 0010000 1000000 0100000 
001111111111111111011 0000010 0000100 0000001 0001000 0100000 0010000 1000000 
001111111111111111001 0000010 0000100 0000001 0001000 0100000 1000000 0010000 
001111111111111111100 0000010 0000100 0000001 0001000 1000000 0010000 0100000 
001111111111111111000 0000010 0000100 0000001 0001000 1000000 0100000 0010000 
001111111111111011111 0000010 0000100 0000001 0010000 0001000 0100000 1000000 
001111111111111011110 0000010 0000100 0000001 0010000 0001000 1000000 0100000 
001111111111111001111 0000010 0000100 0000001 0010000 0100000 0001000 1000000 
001111111111111000111 0000010 0000100 0000001 0010000 0100000 1000000 0001000 
001111111111111010110 0000010 0000100 0000001 0010000 1000000 0001000 0100000 
001111111111111000110 0000010 0000100 0000001 0010000 1000000 0100000 0001000 
001111111111111101011 0000010 0000100 0000001 0100000 0001000 0010000 1000000 
001111111111111101001 0000010 0000100 0000001 0100000 0001000 1000000 0010000 
001111111111111001011 0000010 0000100 0000001 0100000 0010000 0001000 1000000 
001111111111111000011 0000010 0000100 0000001 0100000 0010000 1000000 0001000 
001111111111111100001 0000010 0000100 0000001 0100000 1000000 0001000 0010000 
001111111111111000001 0000010 0000100 0000001 0100000 1000000 0010000 0001000 
001111111111111110100 0000010 0000100 0000001 1000000 0001000 0010000 0100000 
001111111111111110000 0000010 0000100 0000001 1000000 0001000 0100000 0010000 
001111111111111010100 0000010 0000100 0000001 1000000 0010000 0001000 0100000 
001111111111111000100 0000010 0000100 0000001 1000000 0010000 0100000 0001000 
001111111111111100000 0000010 0000100 0000001 1000000 0100000 0001000 0010000 
001111111111111000000 0000010 0000100 0000001 1000000 0100000 0010000 0001000 
000111111111111111111 0000010 0000100 0001000 0000001 0010000 0100000 1000000 
000111111111111111110 0000010 0000100 0001000 0000001 0010000 1000000 0100000 
000111111111111111011 0000010 0000100 0001000 0000001 0100000 0010000 1000000 
000111111111111111001 0000010 0000100 0001000 0000001 0100000 1000000 0010000 
000111111111111111100 0000010 0000100 0001000 0000001 1000000 0010000 0100000 
000111111111111111000 0000010 0000100 0001000 0000001 1000000 0100000 0010000 
000011111111111111111 0000010 0000100 0001000 0010000 0000001 0100000 1000000 
000011111111111111110 0000010 0000100 0001000 0010000 0000001 1000000 0100000 
000001111111111111111 0000010 0000100 0001000 0010000 0100000 0000001 1000000 
000000111111111111111 0000010 0000100 0001000 0010000 0100000 1000000 0000001 
000010111111111111110 0000010 0000100 0001000 0010000 1000000 0000001 0100000 
000000111111111111110 0000010 0000100 0001000 0010000 1000000 0100000 0000001 
000101111111111111011 0000010 0000100 0001000 0100000 0000001 0010000 1000000 
000101111111111111001 0000010 0000100 0001000 0100000 0000001 1000000 0010000 
000001111111111111011 0000010 0000100 0001000 0100000 0010000 0000001 1000000 
000000111111111111011 0000010 0000100 0001000 0100000 0010000 1000000 0000001 
000100111111111111001 0000010 0000100 0001000 0100000 1000000 0000001 0010000 
000000111111111111001 0000010 0000100 0001000 0100000 1000000 0010000 0000001 
000110111111111111100 0000010 0000100 0001000 1000000 0000001 0010000 0100000 
000110111111111111000 0000010 0000100 0001000 1000000 0000001 0100000 0010000 
000010111111111111100 0000010 0000100 0001000 1000000 0010000 0000001 0100000 
000000111111111111100 0000010 0000100 0001000 1000000 0010000 0100000 0000001 
000100111111111111000 0000010 0000100 0001000 1000000 0100000 0000001 0010000 
000000111111111111000 0000010 0000100 0001000 1000000 0100000 0010000 0000001 
001011111111111011111 0000010 0000100 0010000 0000001 0001000 0100000 1000000 
001011111111111011110 0000010 0000100 0010000 0000001 0001000 1000000 0100000 
001011111111111001111 0000010 0000100 0010000 0000001 0100000 0001000 1000000 
001011111111111000111 0000010 0000100 0010000 0000001 0100000 1000000 0001000 
001011111111111010110 0000010 0000100 0010000 0000001 1000000 0001000 0100000 
001011111111111000110 0000010 0000100 0010000 0000001 1000000 0100000 0001000 
000011111111111011111 0000010 0000100 0010000 0001000 0000001 0100000 1000000 
000011111111111011110 0000010 0000100 0010000 0001000 0000001 1000000 0100000 
000001111111111011111 0000010 0000100 0010000 0001000 0100000 0000001 1000000 
000000111111111011111 0000010 0000100 0010000 0001000 0100000 1000000 0000001 
000010111111111011110 0000010 0000100 0010000 0001000 1000000 0000001 0100000 
000000111111111011110 0000010 0000100 0010000 0001000 1000000 0100000 0000001 
001001111111111001111 0000010 0000100 0010000 0100000 0000001 0001000 1000000 
001001111111111000111 0000010 0000100 0010000 0100000 0000001 1000000 0001000 
000001111111111001111 0000010 0000100 0010000 0100000 0001000 0000001 1000000 
000000111111111001111 0000010 0000100 0010000 0100000 0001000 1000000 0000001 
001000111111111000111 0000010 0000100 0010000 0100000 1000000 0000001 0001000 
000000111111111000111 0000010 0000100 0010000 0100000 1000000 0001000 0000001 
001010111111111010110 0000010 0000100 0010000 1000000 0000001 0001000 0100000 
001010111111111000110 0000010 0000100 0010000 1000000 0000001 0100000 0001000 
000010111111111010110 0000010 0000100 0010000 1000000 0001000 0000001 0100000 
000000111111111010110 0000010 0000100 0010000 1000000 0001000 0100000 0000001 
001000111111111000110 0000010 0000100 0010000 1000000 0100000 0000001 0001000 
000000111111111000110 0000010 0000100 0010000 1000000 0100000 0001000 0000001 
001101111111111101011 0000010 0000100 0100000 0000001 0001000 0010000 1000000 
001101111111111101001 0000010 0000100 0100000 0000001 0001000 1000000 0010000 
001101111111111001011 0000010 0000100 0100000 0000001 0010000 0001000 1000000 
001101111111111000011 0000010 0000100 0100000 0000001 0010000 1000000 0001000 
001101111111111100001 0000010 0000100 0100000 0000001 1000000 0001000 0010000 
001101111111111000001 0000010 0000100 0100000 0000001 1000000 0010000 0001000 
000101111111111101011 0000010 0000100 0100000 0001000 0000001 0010000 1000000 
000101111111111101001 0000010 0000100 0100000 0001000 0000001 1000000 0010000 
000001111111111101011 0000010 0000100 0100000 0001000 0010000 0000001 1000000 
000000111111111101011 0000010 0000100 0100000 0001000 0010000 1000000 0000001 
000100111111111101001 0000010 0000100 0100000 0001000 1000000 0000001 0010000 
000000111111111101001 0000010 0000100 0100000 0001000 1000000 0010000 0000001 
001001111111111001011 0000010 0000100 0100000 0010000 0000001 0001000 1000000 
001001111111111000011 0000010 0000100 0100000 0010000 0000001 1000000 0001000 
000001111111111001011 0000010 0000100 0100000 0010000 0001000 0000001 1000000 
000000111111111001011 0000010 0000100 0100000 0010000 0001000 1000000 0000001 
001000111111111000011 0000010 0000100 0100000 0010000 1000000 0000001 0001000 
000000111111111000011 0000010 0000100 0100000 0010000 1000000 0001000 0000001 
001100111111111100001 0000010 0000100 0100000 1000000 0000001 0001000 0010000 
001100111111111000001 0000010 0000100 0100000 1000000 0000001 0010000 0001000 
000100111111111100001 0000010 0000100 0100000 1000000 0001000 0000001 0010000 
000000111111111100001 0000010 0000100 0100000 1000000 0001000 0010000 0000001 
001000111111111000001 0000010 0000100 0100000 1000000 0010000 0000001 0001000 
000000111111111000001 0000010 0000100 0100000 1000000 0010000 0001000 0000001 
001110111111111110100 0000010 0000100 1000000 0000001 0001000 0010000 0100000 
001110111111111110000 0000010 0000100 1000000 0000001 0001000 0100000 0010000 
001110111111111010100 0000010 0000100 1000000 0000001 0010000 0001000 0100000 
001110111111111000100 0000010 0000100 1000000 0000001 0010000 0100000 0001000 
001110111111111100000 0000010 0000100 1000000 0000001 0100000 0001000 0010000 
001110111111111000000 0000010 0000100 1000000 0000001 0100000 0010000 0001000 
000110111111111110100 0000010 0000100 1000000 0001000 0000001 0010000 0100000 
000110111111111110000 0000010 0000100 1000000 0001000 0000001 0100000 0010000 
000010111111111110100 0000010 0000100 1000000 0001000 0010000 0000001 0100000 
000000111111111110100 0000010 0000100 1000000 0001000 0010000 0100000 0000001 
000100111111111110000 0000010 0000100 1000000 0001000 0100000 0000001 0010000 
000000111111111110000 0000010 0000100 1000000 0001000 0100000 0010000 0000001 
001010111111111010100 0000010 0000100 1000000 0010000 0000001 0001000 0100000 
001010111111111000100 0000010 0000100 1000000 0010000 0000001 0100000 0001000 
000010111111111010100 0000010 0000100 1000000 0010000 0001000 0000001 0100000 
000000111111111010100 0000010 0000100 1000000 0010000 0001000 0100000 0000001 
001000111111111000100 0000010 0000100 1000000 0010000 0100000 0000001 0001000 
000000111111111000100 0000010 0000100 1000000 0010000 0100000 0001000 0000001 
001100111111111100000 0000010 0000100 1000000 0100000 0000001 0001000 0010000 
001100111111111000000 0000010 0000100 1000000 0100000 0000001 0010000 0001000 
000100111111111100000 0000010 0000100 1000000 0100000 0001000 0000001 0010000 
000000111111111100000 0000010 0000100 1000000 0100000 0001000 0010000 0000001 
001000111111111000000 0000010 0000100 1000000 0100000 0010000 0000001 0001000 
000000111111111000000 0000010 0000100 1000000 0100000 0010000 0001000 0000001 
010111111110111111111 0000010 0001000 0000001 0000100 0010000 0100000 1000000 
010111111110111111110 0000010 0001000 0000001 0000100 0010000 1000000 0100000 
010111111110111111011 0000010 0001000 0000001 0000100 0100000 0010000 1000000 
010111111110111111001 0000010 0001000 0000001 0000100 0100000 1000000 0010000 
010111111110111111100 0000010 0001000 0000001 0000100 1000000 0010000 0100000 
010111111110111111000 0000010 0001000 0000001 0000100 1000000 0100000 0010000 
010111111110011111111 0000010 0001000 0000001 0010000 0000100 0100000 1000000 
010111111110011111110 0000010 0001000 0000001 0010000 0000100 1000000 0100000 
010111111110001111111 0000010 0001000 0000001 0010000 0100000 0000100 1000000 
010111111110000111111 0000010 0001000 0000001 0010000 0100000 1000000 0000100 
010111111110010111110 0000010 0001000 0000001 0010000 1000000 0000100 0100000 
010111111110000111110 0000010 0001000 0000001 0010000 1000000 0100000 0000100 
010111111110101111011 0000010 0001000 0000001 0100000 0000100 0010000 1000000 
010111111110101111001 0000010 0001000 0000001 0100000 0000100 1000000 0010000 
010111111110001111011 0000010 0001000 0000001 0100000 0010000 0000100 1000000 
010111111110000111011 0000010 0001000 0000001 0100000 0010000 1000000 0000100 
010111111110100111001 0000010 0001000 0000001 0100000 1000000 0000100 0010000 
010111111110000111001 0000010 0001000 0000001 0100000 1000000 0010000 0000100 
010111111110110111100 0000010 0001000 0000001 1000000 0000100 0010000 0100000 
010111111110110111000 0000010 0001000 0000001 1000000 0000100 0100000 0010000 
010111111110010111100 0000010 0001000 0000001 1000000 0010000 0000100 0100000 
010111111110000111100 0000010 0001000 0000001 1000000 0010000 0100000 0000100 
010111111110100111000 0000010 0001000 0000001 1000000 0100000 0000100 0010000 
010111111110000111000 0000010 0001000 0000001 1000000 0100000 0010000 0000100 
000111111110111111111 0000010 0001000 0000100 0000001 0010000 0100000 1000000 
000111111110111111110 0000010 0001000 0000100 0000001 0010000 1000000 0100000 
000111111110111111011 0000010 0001000 0000100 0000001 0100000 0010000 1000000 
000111111110111111001 0000010 0001000 0000100 0000001 0100000 1000000 0010000 
000111111110111111100 0000010 0001000 0000100 0000001 1000000 0010000 0100000 
000111111110111111000 0000010 0001000 0000100 0000001 1000000 0100000 0010000 
000011111110111111111 0000010 0001000 0000100 0010000 0000001 0100000 1000000 
000011111110111111110 0000010 0001000 0000100 0010000 0000001 1000000 0100000 
000001111110111111111 0000010 0001000 0000100 0010000 0100000 0000001 1000000 
000000111110111111111 0000010 0001000 0000100 0010000 0100000 1000000 0000001 
000010111110111111110 0000010 0001000 0000100 0010000 1000000 0000001 0100000 
000000111110111111110 0000010 0001000 0000100 0010000 1000000 0100000 0000001 
000101111110111111011 0000010 0001000 0000100 0100000 0000001 0010000 1000000 
000101111110111111001 0000010 0001000 0000100 0100000 0000001 1000000 0010000 
000001111110111111011 0000010 0001000 0000100 0100000 0010000 0000001 1000000 
000000111110111111011 0000010 0001000 0000100 0100000 0010000 1000000 0000001 
000100111110111111001 0000010 0001000 0000100 0100000 1000000 0000001 0010000 
000000111110111111001 0000010 0001000 0000100 0100000 1000000 0010000 0000001 
000110111110111111100 0000010 0001000 0000100 1000000 0000001 0010000 0100000 
000110111110111111000 0000010 0001000 0000100 1000000 0000001 0100000 0010000 
000010111110111111100 0000010 0001000 0000100 1000000 0010000 0000001 0100000 
000000111110111111100 0000010 0001000 0000100 1000000 0010000 0100000 0000001 
000100111110111111000 0000010 0001000 0000100 1000000 0100000 0000001 0010000 
000000111110111111000 0000010 0001000 0000100 1000000 0100000 0010000 0000001 
010011111110011111111 0000010 0001000 0010000 0000001 0000100 0100000 1000000 
010011111110011111110 0000010 0001000 0010000 0000001 0000100 1000000 0100000 
010011111110001111111 0000010 0001000 0010000 0000001 0100000 0000100 1000000 
010011111110000111111 0000010 0001000 0010000 0000001 0100000 1000000 0000100 
010011111110010111110 0000010 0001000 0010000 0000001 1000000 0000100 0100000 
010011111110000111110 0000010 0001000 0010000 0000001 1000000 0100000 0000100 
000011111110011111111 0000010 0001000 0010000 0000100 0000001 0100000 1000000 
000011111110011111110 0000010 0001000 0010000 0000100 0000001 1000000 0100000 
000001111110011111111 0000010 0001000 0010000 0000100 0100000 0000001 1000000 
000000111110011111111 0000010 0001000 0010000 0000100 0100000 1000000 0000001 
000010111110011111110 0000010 0001000 0010000 0000100 1000000 0000001 0100000 
000000111110011111110 0000010 0001000 0010000 0000100 1000000 0100000 0000001 
010001111110001111111 0000010 0001000 0010000 0100000 0000001 0000100 1000000 
010001111110000111111 0000010 0001000 0010000 0100000 0000001 1000000 0000100 
000001111110001111111 0000010 0001000 0010000 0100000 0000100 0000001 1000000 
000000111110001111111 0000010 0001000 0010000 0100000 0000100 1000000 0000001 
010000111110000111111 0000010 0001000 0010000 0100000 1000000 0000001 0000100 
000000111110000111111 0000010 0001000 0010000 0100000 1000000 0000100 0000001 
010010111110010111110 0000010 0001000 0010000 1000000 0000001 0000100 0100000 
010010111110000111110 0000010 0001000 0010000 1000000 0000001 0100000 0000100 
000010111110010111110 0000010 0001000 0010000 1000000 0000100 0000001 0100000 
000000111110010111110 0000010 0001000 0010000 1000000 0000100 0100000 0000001 
010000111110000111110 0000010 0001000 0010000 1000000 0100000 0000001 0000100 
000000111110000111110 0000010 0001000 0010000 1000000 0100000 0000100 0000001 
010101111110101111011 0000010 0001000 0100000 0000001 0000100 0010000 1000000 
010101111110101111001 0000010 0001000 0100000 0000001 0000100 1000000 0010000 
010101111110001111011 0000010 0001000 0100000 0000001 0010000 0000100 1000000 
010101111110000111011 0000010 0001000 0100000 0000001 0010000 1000000 0000100 
010101111110100111001 0000010 0001000 0100000 0000001 1000000 0000100 0010000 
010101111110000111001 0000010 0001000 0100000 0000001 1000000 0010000 0000100 
000101111110101111011 0000010 0001000 0100000 0000100 0000001 0010000 1000000 
000101111110101111001 0000010 0001000 0100000 0000100 0000001 1000000 0010000 
000001111110101111011 0000010 0001000 0100000 0000100 0010000 0000001 1000000 
000000111110101111011 0000010 0001000 0100000 0000100 0010000 1000000 0000001 
000100111110101111001 0000010 0001000 0100000 0000100 1000000 0000001 0010000 
000000111110101111001 0000010 0001000 0100000 0000100 1000000 0010000 0000001 
010001111110001111011 0000010 0001000 0100000 0010000 0000001 0000100 1000000 
010001111110000111011 0000010 0001000 0100000 0010000 0000001 1000000 0000100 
000001111110001111011 0000010 0001000 0100000 0010000 0000100 0000001 1000000 
000000111110001111011 0000010 0001000 0100000 0010000 0000100 1000000 0000001 
010000111110000111011 0000010 0001000 0100000 0010000 1000000 0000001 0000100 
000000111110000111011 0000010 0001000 0100000 0010000 1000000 0000100 0000001 
010100111110100111001 0000010 0001000 0100000 1000000 0000001 0000100 0010000 
010100111110000111001 0000010 0001000 0100000 1000000 0000001 0010000 0000100 
000100111110100111001 0000010 0001000 0100000 1000000 0000100 0000001 0010000 
000000111110100111001 0000010 0001000 0100000 1000000 0000100 0010000 0000001 
010000111110000111001 0000010 0001000 0100000 1000000 0010000 0000001 0000100 
000000111110000111001 0000010 0001000 0100000 1000000 0010000 0000100 0000001 
010110111110110111100 0000010 0001000 1000000 0000001 0000100 0010000 0100000 
010110111110110111000 0000010 0001000 1000000 0000001 0000100 0100000 0010000 
010110111110010111100 0000010 0001000 1000000 0000001 0010000 0000100 0100000 
010110111110000111100 0000010 0001000 1000000 0000001 0010000 0100000 0000100 
010110111110100111000 0000010 0001000 1000000 0000001 0100000 0000100 0010000 
010110111110000111000 0000010 0001000 1000000 0000001 0100000 0010000 0000100 
000110111110110111100 0000010 0001000 1000000 0000100 0000001 0010000 0100000 
000110111110110111000 0000010 0001000 1000000 0000100 0000001 0100000 0010000 
000010111110110111100 0000010 0001000 1000000 0000100 0010000 0000001 0100000 
000000111110110111100 0000010 0001000 1000000 0000100 0010000 0100000 0000001 
000100111110110111000 0000010 0001000 1000000 0000100 0100000 0000001 0010000 
000000111110110111000 0000010 0001000 1000000 0000100 0100000 0010000 0000001 
010010111110010111100 0000010 0001000 1000000 0010000 0000001 0000100 0100000 
010010111110000111100 0000010 0001000 1000000 0010000 0000001 0100000 0000100 
000010111110010111100 0000010 0001000 1000000 0010000 0000100 0000001 0100000 
000000111110010111100 0000010 0001000 1000000 0010000 0000100 0100000 0000001 
010000111110000111100 0000010 0001000 1000000 0010000 0100000 0000001 0000100 
000000111110000111100 0000010 0001000 1000000 0010000 0100000 0000100 0000001 
010100111110100111000 0000010 0001000 1000000 0100000 0000001 0000100 0010000 
010100111110000111000 0000010 0001000 1000000 0100000 0000001 0010000 0000100 
000100111110100111000 0000010 0001000 1000000 0100000 0000100 0000001 0010000 
000000111110100111000 0000010 0001000 1000000 0100000 0000100 0010000 0000001 
010000111110000111000 0000010 0001000 1000000 0100000 0010000 0000001 0000100 
000000111110000111000 0000010 0001000 1000000 0100000 0010000 0000100 0000001 
011011111111011011111 0000010 0010000 0000001 0000100 0001000 0100000 1000000 
011011111111011011110 0000010 0010000 0000001 0000100 0001000 1000000 0100000 
011011111111011001111 0000010 0010000 0000001 0000100 0100000 0001000 1000000 
011011111111011000111 0000010 0010000 0000001 0000100 0100000 1000000 0001000 
011011111111011010110 0000010 0010000 0000001 0000100 1000000 0001000 0100000 
011011111111011000110 0000010 0010000 0000001 0000100 1000000 0100000 0001000 
011011111110011011111 0000010 0010000 0000001 0001000 0000100 0100000 1000000 
011011111110011011110 0000010 0010000 0000001 0001000 0000100 1000000 0100000 
011011111110001011111 0000010 0010000 0000001 0001000 0100000 0000100 1000000 
011011111110000011111 0000010 0010000 0000001 0001000 0100000 1000000 0000100 
011011111110010011110 0000010 0010000 0000001 0001000 1000000 0000100 0100000 
011011111110000011110 0000010 0010000 0000001 0001000 1000000 0100000 0000100 
011011111111001001111 0000010 0010000 0000001 0100000 0000100 0001000 1000000 
011011111111001000111 0000010 0010000 0000001 0100000 0000100 1000000 0001000 
011011111110001001111 0000010 0010000 0000001 0100000 0001000 0000100 1000000 
011011111110000001111 0000010 0010000 0000001 0100000 0001000 1000000 0000100 
011011111111000000111 0000010 0010000 0000001 0100000 1000000 0000100 0001000 
011011111110000000111 0000010 0010000 0000001 0100000 1000000 0001000 0000100 
011011111111010010110 0000010 0010000 0000001 1000000 0000100 0001000 0100000 
011011111111010000110 0000010 0010000 0000001 1000000 0000100 0100000 0001000 
011011111110010010110 0000010 0010000 0000001 1000000 0001000 0000100 0100000 
011011111110000010110 0000010 0010000 0000001 1000000 0001000 0100000 0000100 
011011111111000000110 0000010 0010000 0000001 1000000 0100000 0000100 0001000 
011011111110000000110 0000010 0010000 0000001 1000000 0100000 0001000 0000100 
001011111111011011111 0000010 0010000 0000100 0000001 0001000 0100000 1000000 
001011111111011011110 0000010 0010000 0000100 0000001 0001000 1000000 0100000 
001011111111011001111 0000010 0010000 0000100 0000001 0100000 0001000 1000000 
001011111111011000111 0000010 0010000 0000100 0000001 0100000 1000000 0001000 
001011111111011010110 0000010 0010000 0000100 0000001 1000000 0001000 0100000 
001011111111011000110 0000010 0010000 0000100 0000001 1000000 0100000 0001000 
000011111111011011111 0000010 0010000 0000100 0001000 0000001 0100000 1000000 
000011111111011011110 0000010 0010000 0000100 0001000 0000001 1000000 0100000 
000001111111011011111 0000010 0010000 0000100 0001000 0100000 0000001 1000000 
000000111111011011111 0000010 0010000 0000100 0001000 0100000 1000000 0000001 
000010111111011011110 0000010 0010000 0000100 0001000 1000000 0000001 0100000 
000000111111011011110 0000010 0010000 0000100 0001000 1000000 0100000 0000001 
001001111111011001111 0000010 0010000 0000100 0100000 0000001 0001000 1000000 
001001111111011000111 0000010 0010000 0000100 0100000 0000001 1000000 0001000 
000001111111011001111 0000010 0010000 0000100 0100000 0001000 0000001 1000000 
000000111111011001111 0000010 0010000 0000100 0100000 0001000 1000000 0000001 
001000111111011000111 0000010 0010000 0000100 0100000 1000000 0000001 0001000 
000000111111011000111 0000010 0010000 0000100 0100000 1000000 0001000 0000001 
001010111111011010110 0000010 0010000 0000100 1000000 0000001 0001000 0100000 
001010111111011000110 0000010 0010000 0000100 1000000 0000001 0100000 0001000 
000010111111011010110 0000010 0010000 0000100 1000000 0001000 0000001 0100000 
000000111111011010110 0000010 0010000 0000100 1000000 0001000 0100000 0000001 
001000111111011000110 0000010 0010000 0000100 1000000 0100000 0000001 0001000 
000000111111011000110 0000010 0010000 0000100 1000000 0100000 0001000 0000001 
010011111110011011111 0000010 0010000 0001000 0000001 0000100 0100000 1000000 
010011111110011011110 0000010 0010000 0001000 0000001 0000100 1000000 0100000 
010011111110001011111 0000010 0010000 0001000 0000001 0100000 0000100 1000000 
010011111110000011111 0000010 0010000 0001000 0000001 0100000 1000000 0000100 
010011111110010011110 0000010 0010000 0001000 0000001 1000000 0000100 0100000 
010011111110000011110 0000010 0010000 0001000 0000001 1000000 0100000 0000100 
000011111110011011111 0000010 0010000 0001000 0000100 0000001 0100000 1000000 
000011111110011011110 0000010 0010000 0001000 0000100 0000001 1000000 0100000 
000001111110011011111 0000010 0010000 0001000 0000100 0100000 0000001 1000000 
000000111110011011111 0000010 0010000 0001000 0000100 0100000 1000000 0000001 
000010111110011011110 0000010 0010000 0001000 0000100 1000000 0000001 0100000 
000000111110011011110 0000010 0010000 0001000 0000100 1000000 0100000 0000001 
010001111110001011111 0000010 0010000 0001000 0100000 0000001 0000100 1000000 
010001111110000011111 0000010 0010000 0001000 0100000 0000001 1000000 0000100 
000001111110001011111 0000010 0010000 0001000 0100000 0000100 0000001 1000000 
000000111110001011111 0000010 0010000 0001000 0100000 0000100 1000000 0000001 
010000111110000011111 0000010 0010000 0001000 0100000 1000000 0000001 0000100 
000000111110000011111 0000010 0010000 0001000 0100000 1000000 0000100 0000001 
010010111110010011110 0000010 0010000 0001000 1000000 0000001 0000100 0100000 
010010111110000011110 0000010 0010000 0001000 1000000 0000001 0100000 0000100 
000010111110010011110 0000010 0010000 0001000 1000000 0000100 0000001 0100000 
000000111110010011110 0000010 0010000 0001000 1000000 0000100 0100000 0000001 
010000111110000011110 0000010 0010000 0001000 1000000 0100000 0000001 0000100 
000000111110000011110 0000010 0010000 0001000 1000000 0100000 0000100 0000001 
011001111111001001111 0000010 0010000 0100000 0000001 0000100 0001000 1000000 
011001111111001000111 0000010 0010000 0100000 0000001 0000100 1000000 0001000 
011001111110001001111 0000010 0010000 0100000 0000001 0001000 0000100 1000000 
011001111110000001111 0000010 0010000 0100000 0000001 0001000 1000000 0000100 
011001111111000000111 0000010 0010000 0100000 0000001 1000000 0000100 0001000 
011001111110000000111 0000010 0010000 0100000 0000001 1000000 0001000 0000100 
001001111111001001111 0000010 0010000 0100000 0000100 0000001 0001000 1000000 
001001111111001000111 0000010 0010000 0100000 0000100 0000001 1000000 0001000 
000001111111001001111 0000010 0010000 0100000 0000100 0001000 0000001 1000000 
000000111111001001111 0000010 0010000 0100000 0000100 0001000 1000000 0000001 
001000111111001000111 0000010 0010000 0100000 0000100 1000000 0000001 0001000 
000000111111001000111 0000010 0010000 0100000 0000100 1000000 0001000 0000001 
010001111110001001111 0000010 0010000 0100000 0001000 0000001 0000100 1000000 
010001111110000001111 0000010 0010000 0100000 0001000 0000001 1000000 0000100 
000001111110001001111 0000010 0010000 0100000 0001000 0000100 0000001 1000000 
000000111110001001111 0000010 0010000 0100000 0001000 0000100 1000000 0000001 
010000111110000001111 0000010 0010000 0100000 0001000 1000000 0000001 0000100 
000000111110000001111 0000010 0010000 0100000 0001000 1000000 0000100 0000001 
011000111111000000111 0000010 0010000 0100000 1000000 0000001 0000100 0001000 
011000111110000000111 0000010 0010000 0100000 1000000 0000001 0001000 0000100 
001000111111000000111 0000010 0010000 0100000 1000000 0000100 0000001 0001000 
000000111111000000111 0000010 0010000 0100000 1000000 0000100 0001000 0000001 
010000111110000000111 0000010 0010000 0100000 1000000 0001000 0000001 0000100 
000000111110000000111 0000010 0010000 0100000 1000000 0001000 0000100 0000001 
011010111111010010110 0000010 0010000 1000000 0000001 0000100 0001000 0100000 
011010111111010000110 0000010 0010000 1000000 0000001 0000100 0100000 0001000 
011010111110010010110 0000010 0010000 1000000 0000001 0001000 0000100 0100000 
011010111110000010110 0000010 0010000 1000000 0000001 0001000 0100000 0000100 
011010111111000000110 0000010 0010000 1000000 0000001 0100000 0000100 0001000 
011010111110000000110 0000010 0010000 1000000 0000001 0100000 0001000 0000100 
001010111111010010110 0000010 0010000 1000000 0000100 0000001 0001000 0100000 
001010111111010000110 0000010 0010000 1000000 0000100 0000001 0100000 0001000 
000010111111010010110 0000010 0010000 1000000 0000100 0001000 0000001 0100000 
000000111111010010110 0000010 0010000 1000000 0000100 0001000 0100000 0000001 
001000111111010000110 0000010 0010000 1000000 0000100 0100000 0000001 0001000 
000000111111010000110 0000010 0010000 1000000 0000100 0100000 0001000 0000001 
010010111110010010110 0000010 0010000 1000000 0001000 0000001 0000100 0100000 
010010111110000010110 0000010 0010000 1000000 0001000 0000001 0100000 0000100 
000010111110010010110 0000010 0010000 1000000 0001000 0000100 0000001 0100000 
000000111110010010110 0000010 0010000 1000000 0001000 0000100 0100000 0000001 
010000111110000010110 0000010 0010000 1000000 0001000 0100000 0000001 0000100 
000000111110000010110 0000010 0010000 1000000 0001000 0100000 0000100 0000001 
011000111111000000110 0000010 0010000 1000000 0100000 0000001 0000100 0001000 
011000111110000000110 0000010 0010000 1000000 0100000 0000001 0001000 0000100 
001000111111000000110 0000010 0010000 1000000 0100000 0000100 0000001 0001000 
000000111111000000110 0000010 0010000 1000000 0100000 0000100 0001000 0000001 
010000111110000000110 0000010 0010000 1000000 0100000 0001000 0000001 0000100 
000000111110000000110 0000010 0010000 1000000 0100000 0001000 0000100 0000001 
011101111111101101011 0000010 0100000 0000001 0000100 0001000 0010000 1000000 
011101111111101101001 0000010 0100000 0000001 0000100 0001000 1000000 0010000 
011101111111101001011 0000010 0100000 0000001 0000100 0010000 0001000 1000000 
011101111111101000011 0000010 0100000 0000001 0000100 0010000 1000000 0001000 
011101111111101100001 0000010 0100000 0000001 0000100 1000000 0001000 0010000 
011101111111101000001 0000010 0100000 0000001 0000100 1000000 0010000 0001000 
011101111110101101011 0000010 0100000 0000001 0001000 0000100 0010000 1000000 
011101111110101101001 0000010 0100000 0000001 0001000 0000100 1000000 0010000 
011101111110001101011 0000010 0100000 0000001 0001000 0010000 0000100 1000000 
011101111110000101011 0000010 0100000 0000001 0001000 0010000 1000000 0000100 
011101111110100101001 0000010 0100000 0000001 0001000 1000000 0000100 0010000 
011101111110000101001 0000010 0100000 0000001 0001000 1000000 0010000 0000100 
011101111111001001011 0000010 0100000 0000001 0010000 0000100 0001000 1000000 
011101111111001000011 0000010 0100000 0000001 0010000 0000100 1000000 0001000 
011101111110001001011 0000010 0100000 0000001 0010000 0001000 0000100 1000000 
011101111110000001011 0000010 0100000 0000001 0010000 0001000 1000000 0000100 
011101111111000000011 0000010 0100000 0000001 0010000 1000000 0000100 0001000 
011101111110000000011 0000010 0100000 0000001 0010000 1000000 0001000 0000100 
011101111111100100001 0000010 0100000 0000001 1000000 0000100 0001000 0010000 
011101111111100000001 0000010 0100000 0000001 1000000 0000100 0010000 0001000 
011101111110100100001 0000010 0100000 0000001 1000000 0001000 0000100 0010000 
011101111110000100001 0000010 0100000 0000001 1000000 0001000 0010000 0000100 
011101111111000000001 0000010 0100000 0000001 1000000 0010000 0000100 0001000 
011101111110000000001 0000010 0100000 0000001 1000000 0010000 0001000 0000100 
001101111111101101011 0000010 0100000 0000100 0000001 0001000 0010000 1000000 
001101111111101101001 0000010 0100000 0000100 0000001 0001000 1000000 0010000 
001101111111101001011 0000010 0100000 0000100 0000001 0010000 0001000 1000000 
001101111111101000011 0000010 0100000 0000100 0000001 0010000 1000000 0001000 
001101111111101100001 0000010 0100000 0000100 0000001 1000000 0001000 0010000 
001101111111101000001 0000010 0100000 0000100 0000001 1000000 0010000 0001000 
000101111111101101011 0000010 0100000 0000100 0001000 0000001 0010000 1000000 
000101111111101101001 0000010 0100000 0000100 0001000 0000001 1000000 0010000 
000001111111101101011 0000010 0100000 0000100 0001000 0010000 0000001 1000000 
000000111111101101011 0000010 0100000 0000100 0001000 0010000 1000000 0000001 
000100111111101101001 0000010 0100000 0000100 0001000 1000000 0000001 0010000 
000000111111101101001 0000010 0100000 0000100 0001000 1000000 0010000 0000001 
001001111111101001011 0000010 0100000 0000100 0010000 0000001 0001000 1000000 
001001111111101000011 0000010 0100000 0000100 0010000 0000001 1000000 0001000 
000001111111101001011 0000010 0100000 0000100 0010000 0001000 0000001 1000000 
000000111111101001011 0000010 0100000 0000100 0010000 0001000 1000000 0000001 
001000111111101000011 0000010 0100000 0000100 0010000 1000000 0000001 0001000 
000000111111101000011 0000010 0100000 0000100 0010000 1000000 0001000 0000001 
001100111111101100001 0000010 0100000 0000100 1000000 0000001 0001000 0010000 
001100111111101000001 0000010 0100000 0000100 1000000 0000001 0010000 0001000 
000100111111101100001 0000010 0100000 0000100 1000000 0001000 0000001 0010000 
000000111111101100001 0000010 0100000 0000100 1000000 0001000 0010000 0000001 
001000111111101000001 0000010 0100000 0000100 1000000 0010000 0000001 0001000 
000000111111101000001 0000010 0100000 0000100 1000000 0010000 0001000 0000001 
010101111110101101011 0000010 0100000 0001000 0000001 0000100 0010000 1000000 
010101111110101101001 0000010 0100000 0001000 0000001 0000100 1000000 0010000 
010101111110001101011 0000010 0100000 0001000 0000001 0010000 0000100 1000000 
010101111110000101011 0000010 0100000 0001000 0000001 0010000 1000000 0000100 
010101111110100101001 0000010 0100000 0001000 0000001 1000000 0000100 0010000 
010101111110000101001 0000010 0100000 0001000 0000001 1000000 0010000 0000100 
000101111110101101011 0000010 0100000 0001000 0000100 0000001 0010000 1000000 
000101111110101101001 0000010 0100000 0001000 0000100 0000001 1000000 0010000 
000001111110101101011 0000010 0100000 0001000 0000100 0010000 0000001 1000000 
000000111110101101011 0000010 0100000 0001000 0000100 0010000 1000000 0000001 
000100111110101101001 0000010 0100000 0001000 0000100 1000000 0000001 0010000 
000000111110101101001 0000010 0100000 0001000 0000100 1000000 0010000 0000001 
010001111110001101011 0000010 0100000 0001000 0010000 0000001 0000100 1000000 
010001111110000101011 0000010 0100000 0001000 0010000 0000001 1000000 0000100 
000001111110001101011 0000010 0100000 0001000 0010000 0000100 0000001 1000000 
000000111110001101011 0000010 0100000 0001000 0010000 0000100 1000000 0000001 
010000111110000101011 0000010 0100000 0001000 0010000 1000000 0000001 0000100 
000000111110000101011 0000010 0100000 0001000 0010000 1000000 0000100 0000001 
010100111110100101001 0000010 0100000 0001000 1000000 0000001 0000100 0010000 
010100111110000101001 0000010 0100000 0001000 1000000 0000001 0010000 0000100 
000100111110100101001 0000010 0100000 0001000 1000000 0000100 0000001 0010000 
000000111110100101001 0000010 0100000 0001000 1000000 0000100 0010000 0000001 
010000111110000101001 0000010 0100000 0001000 1000000 0010000 0000001 0000100 
000000111110000101001 0000010 0100000 0001000 1000000 0010000 0000100 0000001 
011001111111001001011 0000010 0100000 0010000 0000001 0000100 0001000 1000000 
011001111111001000011 0000010 0100000 0010000 0000001 0000100 1000000 0001000 
011001111110001001011 0000010 0100000 0010000 0000001 0001000 0000100 1000000 
011001111110000001011 0000010 0100000 0010000 0000001 0001000 1000000 0000100 
011001111111000000011 0000010 0100000 0010000 0000001 1000000 0000100 0001000 
011001111110000000011 0000010 0100000 0010000 0000001 1000000 0001000 0000100 
001001111111001001011 0000010 0100000 0010000 0000100 0000001 0001000 1000000 
001001111111001000011 0000010 0100000 0010000 0000100 0000001 1000000 0001000 
000001111111001001011 0000010 0100000 0010000 0000100 0001000 0000001 1000000 
000000111111001001011 0000010 0100000 0010000 0000100 0001000 1000000 0000001 
001000111111001000011 0000010 0100000 0010000 0000100 1000000 0000001 0001000 
000000111111001000011 0000010 0100000 0010000 0000100 1000000 0001000 0000001 
010001111110001001011 0000010 0100000 0010000 0001000 0000001 0000100 1000000 
010001111110000001011 0000010 0100000 0010000 0001000 0000001 1000000 0000100 
000001111110001001011 0000010 0100000 0010000 0001000 0000100 0000001 1000000 
000000111110001001011 0000010 0100000 0010000 0001000 0000100 1000000 0000001 
010000111110000001011 0000010 0100000 0010000 0001000 1000000 0000001 0000100 
000000111110000001011 0000010 0100000 0010000 0001000 1000000 0000100 0000001 
011000111111000000011 0000010 0100000 0010000 1000000 0000001 0000100 0001000 
011000111110000000011 0000010 0100000 0010000 1000000 0000001 0001000 0000100 
001000111111000000011 0000010 0100000 0010000 1000000 0000100 0000001 0001000 
000000111111000000011 0000010 0100000 0010000 1000000 0000100 0001000 0000001 
010000111110000000011 0000010 0100000 0010000 1000000 0001000 0000001 0000100 
000000111110000000011 0000010 0100000 0010000 1000000 0001000 0000100 0000001 
011100111111100100001 0000010 0100000 1000000 0000001 0000100 0001000 0010000 
011100111111100000001 0000010 0100000 1000000 0000001 0000100 0010000 0001000 
011100111110100100001 0000010 0100000 1000000 0000001 0001000 0000100 0010000 
011100111110000100001 0000010 0100000 1000000 0000001 0001000 0010000 0000100 
011100111111000000001 0000010 0100000 1000000 0000001 0010000 0000100 0001000 
011100111110000000001 0000010 0100000 1000000 0000001 0010000 0001000 0000100 
001100111111100100001 0000010 0100000 1000000 0000100 0000001 0001000 0010000 
001100111111100000001 0000010 0100000 1000000 0000100 0000001 0010000 0001000 
000100111111100100001 0000010 0100000 1000000 0000100 0001000 0000001 0010000 
000000111111100100001 0000010 0100000 1000000 0000100 0001000 0010000 0000001 
001000111111100000001 0000010 0100000 1000000 0000100 0010000 0000001 0001000 
000000111111100000001 0000010 0100000 1000000 0000100 0010000 0001000 0000001 
010100111110100100001 0000010 0100000 1000000 0001000 0000001 0000100 0010000 
010100111110000100001 0000010 0100000 1000000 0001000 0000001 0010000 0000100 
000100111110100100001 0000010 0100000 1000000 0001000 0000100 0000001 0010000 
000000111110100100001 0000010 0100000 1000000 0001000 0000100 0010000 0000001 
010000111110000100001 0000010 0100000 1000000 0001000 0010000 0000001 0000100 
000000111110000100001 0000010 0100000 1000000 0001000 0010000 0000100 0000001 
011000111111000000001 0000010 0100000 1000000 0010000 0000001 0000100 0001000 
011000111110000000001 0000010 0100000 1000000 0010000 0000001 0001000 0000100 
001000111111000000001 0000010 0100000 1000000 0010000 0000100 0000001 0001000 
000000111111000000001 0000010 0100000 1000000 0010000 0000100 0001000 0000001 
010000111110000000001 0000010 0100000 1000000 0010000 0001000 0000001 0000100 
000000111110000000001 0000010 0100000 1000000 0010000 0001000 0000100 0000001 
011110111111110110100 0000010 1000000 0000001 0000100 0001000 0010000 0100000 
011110111111110110000 0000010 1000000 0000001 0000100 0001000 0100000 0010000 
011110111111110010100 0000010 1000000 0000001 0000100 0010000 0001000 0100000 
011110111111110000100 0000010 1000000 0000001 0000100 0010000 0100000 0001000 
011110111111110100000 0000010 1000000 0000001 0000100 0100000 0001000 0010000 
011110111111110000000 0000010 1000000 0000001 0000100 0100000 0010000 0001000 
011110111110110110100 0000010 1000000 0000001 0001000 0000100 0010000 0100000 
011110111110110110000 0000010 1000000 0000001 0001000 0000100 0100000 0010000 
011110111110010110100 0000010 1000000 0000001 0001000 0010000 0000100 0100000 
011110111110000110100 0000010 1000000 0000001 0001000 0010000 0100000 0000100 
011110111110100110000 0000010 1000000 0000001 0001000 0100000 0000100 0010000 
011110111110000110000 0000010 1000000 0000001 0001000 0100000 0010000 0000100 
011110111111010010100 0000010 1000000 0000001 0010000 0000100 0001000 0100000 
011110111111010000100 0000010 1000000 0000001 0010000 0000100 0100000 0001000 
011110111110010010100 0000010 1000000 0000001 0010000 0001000 0000100 0100000 
011110111110000010100 0000010 1000000 0000001 0010000 0001000 0100000 0000100 
011110111111000000100 0000010 1000000 0000001 0010000 0100000 0000100 0001000 
011110111110000000100 0000010 1000000 0000001 0010000 0100000 0001000 0000100 
011110111111100100000 0000010 1000000 0000001 0100000 0000100 0001000 0010000 
011110111111100000000 0000010 1000000 0000001 0100000 0000100 0010000 0001000 
011110111110100100000 0000010 1000000 0000001 0100000 0001000 0000100 0010000 
011110111110000100000 0000010 1000000 0000001 0100000 0001000 0010000 0000100 
011110111111000000000 0000010 1000000 0000001 0100000 0010000 0000100 0001000 
011110111110000000000 0000010 1000000 0000001 0100000 0010000 0001000 0000100 
001110111111110110100 0000010 1000000 0000100 0000001 0001000 0010000 0100000 
001110111111110110000 0000010 1000000 0000100 0000001 0001000 0100000 0010000 
001110111111110010100 0000010 1000000 0000100 0000001 0010000 0001000 0100000 
001110111111110000100 0000010 1000000 0000100 0000001 0010000 0100000 0001000 
001110111111110100000 0000010 1000000 0000100 0000001 0100000 0001000 0010000 
001110111111110000000 0000010 1000000 0000100 0000001 0100000 0010000 0001000 
000110111111110110100 0000010 1000000 0000100 0001000 0000001 0010000 0100000 
000110111111110110000 0000010 1000000 0000100 0001000 0000001 0100000 0010000 
000010111111110110100 0000010 1000000 0000100 0001000 0010000 0000001 0100000 
000000111111110110100 0000010 1000000 0000100 0001000 0010000 0100000 0000001 
000100111111110110000 0000010 1000000 0000100 0001000 0100000 0000001 0010000 
000000111111110110000 0000010 1000000 0000100 0001000 0100000 0010000 0000001 
001010111111110010100 0000010 1000000 0000100 0010000 0000001 0001000 0100000 
001010111111110000100 0000010 1000000 0000100 0010000 0000001 0100000 0001000 
000010111111110010100 0000010 1000000 0000100 0010000 0001000 0000001 0100000 
000000111111110010100 0000010 1000000 0000100 0010000 0001000 0100000 0000001 
001000111111110000100 0000010 1000000 0000100 0010000 0100000 0000001 0001000 
000000111111110000100 0000010 1000000 0000100 0010000 0100000 0001000 0000001 
001100111111110100000 0000010 1000000 0000100 0100000 0000001 0001000 0010000 
001100111111110000000 0000010 1000000 0000100 0100000 0000001 0010000 0001000 
000100111111110100000 0000010 1000000 0000100 0100000 0001000 0000001 0010000 
000000111111110100000 0000010 1000000 0000100 0100000 0001000 0010000 0000001 
001000111111110000000 0000010 1000000 0000100 0100000 0010000 0000001 0001000 
000000111111110000000 0000010 1000000 0000100 0100000 0010000 0001000 0000001 
010110111110110110100 0000010 1000000 0001000 0000001 0000100 0010000 0100000 
010110111110110110000 0000010 1000000 0001000 0000001 0000100 0100000 0010000 
010110111110010110100 0000010 1000000 0001000 0000001 0010000 0000100 0100000 
010110111110000110100 0000010 1000000 0001000 0000001 0010000 0100000 0000100 
010110111110100110000 0000010 1000000 0001000 0000001 0100000 0000100 0010000 
010110111110000110000 0000010 1000000 0001000 0000001 0100000 0010000 0000100 
000110111110110110100 0000010 1000000 0001000 0000100 0000001 0010000 0100000 
000110111110110110000 0000010 1000000 0001000 0000100 0000001 0100000 0010000 
000010111110110110100 0000010 1000000 0001000 0000100 0010000 0000001 0100000 
000000111110110110100 0000010 1000000 0001000 0000100 0010000 0100000 0000001 
000100111110110110000 0000010 1000000 0001000 0000100 0100000 0000001 0010000 
000000111110110110000 0000010 1000000 0001000 0000100 0100000 0010000 0000001 
010010111110010110100 0000010 1000000 0001000 0010000 0000001 0000100 0100000 
010010111110000110100 0000010 1000000 0001000 0010000 0000001 0100000 0000100 
000010111110010110100 0000010 1000000 0001000 0010000 0000100 0000001 0100000 
000000111110010110100 0000010 1000000 0001000 0010000 0000100 0100000 0000001 
010000111110000110100 0000010 1000000 0001000 0010000 0100000 0000001 0000100 
000000111110000110100 0000010 1000000 0001000 0010000 0100000 0000100 0000001 
010100111110100110000 0000010 1000000 0001000 0100000 0000001 0000100 0010000 
010100111110000110000 0000010 1000000 0001000 0100000 0000001 0010000 0000100 
000100111110100110000 0000010 1000000 0001000 0100000 0000100 0000001 0010000 
000000111110100110000 0000010 1000000 0001000 0100000 0000100 0010000 0000001 
010000111110000110000 0000010 1000000 0001000 0100000 0010000 0000001 0000100 
000000111110000110000 0000010 1000000 0001000 0100000 0010000 0000100 0000001 
011010111111010010100 0000010 1000000 0010000 0000001 0000100 0001000 0100000 
011010111111010000100 0000010 1000000 0010000 0000001 0000100 0100000 0001000 
011010111110010010100 0000010 1000000 0010000 0000001 0001000 0000100 0100000 
011010111110000010100 0000010 1000000 0010000 0000001 0001000 0100000 0000100 
011010111111000000100 0000010 1000000 0010000 0000001 0100000 0000100 0001000 
011010111110000000100 0000010 1000000 0010000 0000001 0100000 0001000 0000100 
001010111111010010100 0000010 1000000 0010000 0000100 0000001 0001000 0100000 
001010111111010000100 0000010 1000000 0010000 0000100 0000001 0100000 0001000 
000010111111010010100 0000010 1000000 0010000 0000100 0001000 0000001 0100000 
000000111111010010100 0000010 1000000 0010000 0000100 0001000 0100000 0000001 
001000111111010000100 0000010 1000000 0010000 0000100 0100000 0000001 0001000 
000000111111010000100 0000010 1000000 0010000 0000100 0100000 0001000 0000001 
010010111110010010100 0000010 1000000 0010000 0001000 0000001 0000100 0100000 
010010111110000010100 0000010 1000000 0010000 0001000 0000001 0100000 0000100 
000010111110010010100 0000010 1000000 0010000 0001000 0000100 0000001 0100000 
000000111110010010100 0000010 1000000 0010000 0001000 0000100 0100000 0000001 
010000111110000010100 0000010 1000000 0010000 0001000 0100000 0000001 0000100 
000000111110000010100 0000010 1000000 0010000 0001000 0100000 0000100 0000001 
011000111111000000100 0000010 1000000 0010000 0100000 0000001 0000100 0001000 
011000111110000000100 0000010 1000000 0010000 0100000 0000001 0001000 0000100 
001000111111000000100 0000010 1000000 0010000 0100000 0000100 0000001 0001000 
000000111111000000100 0000010 1000000 0010000 0100000 0000100 0001000 0000001 
010000111110000000100 0000010 1000000 0010000 0100000 0001000 0000001 0000100 
000000111110000000100 0000010 1000000 0010000 0100000 0001000 0000100 0000001 
011100111111100100000 0000010 1000000 0100000 0000001 0000100 0001000 0010000 
011100111111100000000 0000010 1000000 0100000 0000001 0000100 0010000 0001000 
011100111110100100000 0000010 1000000 0100000 0000001 0001000 0000100 0010000 
011100111110000100000 0000010 1000000 0100000 0000001 0001000 0010000 0000100 
011100111111000000000 0000010 1000000 0100000 0000001 0010000 0000100 0001000 
011100111110000000000 0000010 1000000 0100000 0000001 0010000 0001000 0000100 
001100111111100100000 0000010 1000000 0100000 0000100 0000001 0001000 0010000 
001100111111100000000 0000010 1000000 0100000 0000100 0000001 0010000 0001000 
000100111111100100000 0000010 1000000 0100000 0000100 0001000 0000001 0010000 
000000111111100100000 0000010 1000000 0100000 0000100 0001000 0010000 0000001 
001000111111100000000 0000010 1000000 0100000 0000100 0010000 0000001 0001000 
000000111111100000000 0000010 1000000 0100000 0000100 0010000 0001000 0000001 
010100111110100100000 0000010 1000000 0100000 0001000 0000001 0000100 0010000 
010100111110000100000 0000010 1000000 0100000 0001000 0000001 0010000 0000100 
000100111110100100000 0000010 1000000 0100000 0001000 0000100 0000001 0010000 
000000111110100100000 0000010 1000000 0100000 0001000 0000100 0010000 0000001 
010000111110000100000 0000010 1000000 0100000 0001000 0010000 0000001 0000100 
000000111110000100000 0000010 1000000 0100000 0001000 0010000 0000100 0000001 
011000111111000000000 0000010 1000000 0100000 0010000 0000001 0000100 0001000 
011000111110000000000 0000010 1000000 0100000 0010000 0000001 0001000 0000100 
001000111111000000000 0000010 1000000 0100000 0010000 0000100 0000001 0001000 
000000111111000000000 0000010 1000000 0100000 0010000 0000100 0001000 0000001 
010000111110000000000 0000010 1000000 0100000 0010000 0001000 0000001 0000100 
000000111110000000000 0000010 1000000 0100000 0010000 0001000 0000100 0000001 
101111011111111111111 0000100 0000001 0000010 0001000 0010000 0100000 1000000 
101111011111111111110 0000100 0000001 0000010 0001000 0010000 1000000 0100000 
101111011111111111011 0000100 0000001 0000010 0001000 0100000 0010000 1000000 
101111011111111111001 0000100 0000001 0000010 0001000 0100000 1000000 0010000 
101111011111111111100 0000100 0000001 0000010 0001000 1000000 0010000 0100000 
101111011111111111000 0000100 0000001 0000010 0001000 1000000 0100000 0010000 
101111011111111011111 0000100 0000001 0000010 0010000 0001000 0100000 1000000 
101111011111111011110 0000100 0000001 0000010 0010000 0001000 1000000 0100000 
101111011111111001111 0000100 0000001 0000010 0010000 0100000 0001000 1000000 
101111011111111000111 0000100 0000001 0000010 0010000 0100000 1000000 0001000 
101111011111111010110 0000100 0000001 0000010 0010000 1000000 0001000 0100000 
101111011111111000110 0000100 0000001 0000010 0010000 1000000 0100000 0001000 
101111011111111101011 0000100 0000001 0000010 0100000 0001000 0010000 1000000 
101111011111111101001 0000100 0000001 0000010 0100000 0001000 1000000 0010000 
101111011111111001011 0000100 0000001 0000010 0100000 0010000 0001000 1000000 
101111011111111000011 0000100 0000001 0000010 0100000 0010000 1000000 0001000 
101111011111111100001 0000100 0000001 0000010 0100000 1000000 0001000 0010000 
101111011111111000001 0000100 0000001 0000010 0100000 1000000 0010000 0001000 
101111011111111110100 0000100 0000001 0000010 1000000 0001000 0010000 0100000 
101111011111111110000 0000100 0000001 0000010 1000000 0001000 0100000 0010000 
101111011111111010100 0000100 0000001 0000010 1000000 0010000 0001000 0100000 
101111011111111000100 0000100 0000001 0000010 1000000 0010000 0100000 0001000 
101111011111111100000 0000100 0000001 0000010 1000000 0100000 0001000 0010000 
101111011111111000000 0000100 0000001 0000010 1000000 0100000 0010000 0001000 
101111001111111111111 0000100 0000001 0001000 0000010 0010000 0100000 1000000 
101111001111111111110 0000100 0000001 0001000 0000010 0010000 1000000 0100000 
101111001111111111011 0000100 0000001 0001000 0000010 0100000 0010000 1000000 
101111001111111111001 0000100 0000001 0001000 0000010 0100000 1000000 0010000 
101111001111111111100 0000100 0000001 0001000 0000010 1000000 0010000 0100000 
101111001111111111000 0000100 0000001 0001000 0000010 1000000 0100000 0010000 
101111000111111111111 0000100 0000001 0001000 0010000 0000010 0100000 1000000 
101111000111111111110 0000100 0000001 0001000 0010000 0000010 1000000 0100000 
101111000011111111111 0000100 0000001 0001000 0010000 0100000 0000010 1000000 
101111000001111111111 0000100 0000001 0001000 0010000 0100000 1000000 0000010 
101111000101111111110 0000100 0000001 0001000 0010000 1000000 0000010 0100000 
101111000001111111110 0000100 0000001 0001000 0010000 1000000 0100000 0000010 
101111001011111111011 0000100 0000001 0001000 0100000 0000010 0010000 1000000 
101111001011111111001 0000100 0000001 0001000 0100000 0000010 1000000 0010000 
101111000011111111011 0000100 0000001 0001000 0100000 0010000 0000010 1000000 
101111000001111111011 0000100 0000001 0001000 0100000 0010000 1000000 0000010 
101111001001111111001 0000100 0000001 0001000 0100000 1000000 0000010 0010000 
101111000001111111001 0000100 0000001 0001000 0100000 1000000 0010000 0000010 
101111001101111111100 0000100 0000001 0001000 1000000 0000010 0010000 0100000 
101111001101111111000 0000100 0000001 0001000 1000000 0000010 0100000 0010000 
101111000101111111100 0000100 0000001 0001000 1000000 0010000 0000010 0100000 
101111000001111111100 0000100 0000001 0001000 1000000 0010000 0100000 0000010 
101111001001111111000 0000100 0000001 0001000 1000000 0100000 0000010 0010000 
101111000001111111000 0000100 0000001 0001000 1000000 0100000 0010000 0000010 
101111010111111011111 0000100 0000001 0010000 0000010 0001000 0100000 1000000 
101111010111111011110 0000100 0000001 0010000 0000010 0001000 1000000 0100000 
101111010111111001111 0000100 0000001 0010000 0000010 0100000 0001000 1000000 
101111010111111000111 0000100 0000001 0010000 0000010 0100000 1000000 0001000 
101111010111111010110 0000100 0000001 0010000 0000010 1000000 0001000 0100000 
101111010111111000110 0000100 0000001 0010000 0000010 1000000 0100000 0001000 
101111000111111011111 0000100 0000001 0010000 0001000 0000010 0100000 1000000 
101111000111111011110 0000100 0000001 0010000 0001000 0000010 1000000 0100000 
101111000011111011111 0000100 0000001 0010000 0001000 0100000 0000010 1000000 
101111000001111011111 0000100 0000001 0010000 0001000 0100000 1000000 0000010 
101111000101111011110 0000100 0000001 0010000 0001000 1000000 0000010 0100000 
101111000001111011110 0000100 0000001 0010000 0001000 1000000 0100000 0000010 
101111010011111001111 0000100 0000001 0010000 0100000 0000010 0001000 1000000 
101111010011111000111 0000100 0000001 0010000 0100000 0000010 1000000 0001000 
101111000011111001111 0000100 0000001 0010000 0100000 0001000 0000010 1000000 
101111000001111001111 0000100 0000001 0010000 0100000 0001000 1000000 0000010 
101111010001111000111 0000100 0000001 0010000 0100000 1000000 0000010 0001000 
101111000001111000111 0000100 0000001 0010000 0100000 1000000 0001000 0000010 
101111010101111010110 0000100 0000001 0010000 1000000 0000010 0001000 0100000 
101111010101111000110 0000100 0000001 0010000 1000000 0000010 0100000 0001000 
101111000101111010110 0000100 0000001 0010000 1000000 0001000 0000010 0100000 
101111000001111010110 0000100 0000001 0010000 1000000 0001000 0100000 0000010 
101111010001111000110 0000100 0000001 0010000 1000000 0100000 0000010 0001000 
101111000001111000110 0000100 0000001 0010000 1000000 0100000 0001000 0000010 
101111011011111101011 0000100 0000001 0100000 0000010 0001000 0010000 1000000 
101111011011111101001 0000100 0000001 0100000 0000010 0001000 1000000 0010000 
101111011011111001011 0000100 0000001 0100000 0000010 0010000 0001000 1000000 
101111011011111000011 0000100 0000001 0100000 0000010 0010000 1000000 0001000 
101111011011111100001 0000100 0000001 0100000 0000010 1000000 0001000 0010000 
101111011011111000001 0000100 0000001 0100000 0000010 1000000 0010000 0001000 
101111001011111101011 0000100 0000001 0100000 0001000 0000010 0010000 1000000 
101111001011111101001 0000100 0000001 0100000 0001000 0000010 1000000 0010000 
101111000011111101011 0000100 0000001 0100000 0001000 0010000 0000010 1000000 
101111000001111101011 0000100 0000001 0100000 0001000 0010000 1000000 0000010 
101111001001111101001 0000100 0000001 0100000 0001000 1000000 0000010 0010000 
101111000001111101001 0000100 0000001 0100000 0001000 1000000 0010000 0000010 
101111010011111001011 0000100 0000001 0100000 0010000 0000010 0001000 1000000 
101111010011111000011 0000100 0000001 0100000 0010000 0000010 1000000 0001000 
101111000011111001011 0000100 0000001 0100000 0010000 0001000 0000010 1000000 
101111000001111001011 0000100 0000001 0100000 0010000 0001000 1000000 0000010 
101111010001111000011 0000100 0000001 0100000 0010000 1000000 0000010 0001000 
101111000001111000011 0000100 0000001 0100000 0010000 1000000 0001000 0000010 
101111011001111100001 0000100 0000001 0100000 1000000 0000010 0001000 0010000 
101111011001111000001 0000100 0000001 0100000 1000000 0000010 0010000 0001000 
101111001001111100001 0000100 0000001 0100000 1000000 0001000 0000010 0010000 
101111000001111100001 0000100 0000001 0100000 1000000 0001000 0010000 0000010 
101111010001111000001 0000100 0000001 0100000 1000000 0010000 0000010 0001000 
101111000001111000001 0000100 0000001 0100000 1000000 0010000 0001000 0000010 
101111011101111110100 0000100 0000001 1000000 0000010 0001000 0010000 0100000 
101111011101111110000 0000100 0000001 1000000 0000010 0001000 0100000 0010000 
101111011101111010100 0000100 0000001 1000000 0000010 0010000 0001000 0100000 
101111011101111000100 0000100 0000001 1000000 0000010 0010000 0100000 0001000 
101111011101111100000 0000100 0000001 1000000 0000010 0100000 0001000 0010000 
101111011101111000000 0000100 0000001 1000000 0000010 0100000 0010000 0001000 
101111001101111110100 0000100 0000001 1000000 0001000 0000010 0010000 0100000 
101111001101111110000 0000100 0000001 1000000 0001000 0000010 0100000 0010000 
101111000101111110100 0000100 0000001 1000000 0001000 0010000 0000010 0100000 
101111000001111110100 0000100 0000001 1000000 0001000 0010000 0100000 0000010 
101111001001111110000 0000100 0000001 1000000 0001000 0100000 0000010 0010000 
101111000001111110000 0000100 0000001 1000000 0001000 0100000 0010000 0000010 
101111010101111010100 0000100 0000001 1000000 0010000 0000010 0001000 0100000 
101111010101111000100 0000100 0000001 1000000 0010000 0000010 0100000 0001000 
101111000101111010100 0000100 0000001 1000000 0010000 0001000 0000010 0100000 
101111000001111010100 0000100 0000001 1000000 0010000 0001000 0100000 0000010 
101111010001111000100 0000100 0000001 1000000 0010000 0100000 0000010 0001000 
101111000001111000100 0000100 0000001 1000000 0010000 0100000 0001000 0000010 
101111011001111100000 0000100 0000001 1000000 0100000 0000010 0001000 0010000 
101111011001111000000 0000100 0000001 1000000 0100000 0000010 0010000 0001000 
101111001001111100000 0000100 0000001 1000000 0100000 0001000 0000010 0010000 
101111000001111100000 0000100 0000001 1000000 0100000 0001000 0010000 0000010 
101111010001111000000 0000100 0000001 1000000 0100000 0010000 0000010 0001000 
101111000001111000000 0000100 0000001 1000000 0100000 0010000 0001000 0000010 
001111011111111111111 0000100 0000010 0000001 0001000 0010000 0100000 1000000 
001111011111111111110 0000100 0000010 0000001 0001000 0010000 1000000 0100000 
001111011111111111011 0000100 0000010 0000001 0001000 0100000 0010000 1000000 
001111011111111111001 0000100 0000010 0000001 0001000 0100000 1000000 0010000 
001111011111111111100 0000100 0000010 0000001 0001000 1000000 0010000 0100000 
001111011111111111000 0000100 0000010 0000001 0001000 1000000 0100000 0010000 
001111011111111011111 0000100 0000010 0000001 0010000 0001000 0100000 1000000 
001111011111111011110 0000100 0000010 0000001 0010000 0001000 1000000 0100000 
001111011111111001111 0000100 0000010 0000001 0010000 0100000 0001000 1000000 
001111011111111000111 0000100 0000010 0000001 0010000 0100000 1000000 0001000 
001111011111111010110 0000100 0000010 0000001 0010000 1000000 0001000 0100000 
001111011111111000110 0000100 0000010 0000001 0010000 1000000 0100000 0001000 
001111011111111101011 0000100 0000010 0000001 0100000 0001000 0010000 1000000 
001111011111111101001 0000100 0000010 0000001 0100000 0001000 1000000 0010000 
001111011111111001011 0000100 0000010 0000001 0100000 0010000 0001000 1000000 
001111011111111000011 0000100 0000010 0000001 0100000 0010000 1000000 0001000 
001111011111111100001 0000100 0000010 0000001 0100000 1000000 0001000 0010000 
001111011111111000001 0000100 0000010 0000001 0100000 1000000 0010000 0001000 
001111011111111110100 0000100 0000010 0000001 1000000 0001000 0010000 0100000 
001111011111111110000 0000100 0000010 0000001 1000000 0001000 0100000 0010000 
001111011111111010100 0000100 0000010 0000001 1000000 0010000 0001000 0100000 
001111011111111000100 0000100 0000010 0000001 1000000 0010000 0100000 0001000 
001111011111111100000 0000100 0000010 0000001 1000000 0100000 0001000 0010000 
001111011111111000000 0000100 0000010 0000001 1000000 0100000 0010000 0001000 
000111011111111111111 0000100 0000010 0001000 0000001 0010000 0100000 1000000 
000111011111111111110 0000100 0000010 0001000 0000001 0010000 1000000 0100000 
000111011111111111011 0000100 0000010 0001000 0000001 0100000 0010000 1000000 
000111011111111111001 0000100 0000010 0001000 0000001 0100000 1000000 0010000 
000111011111111111100 0000100 0000010 0001000 0000001 1000000 0010000 0100000 
000111011111111111000 0000100 0000010 0001000 0000001 1000000 0100000 0010000 
000011011111111111111 0000100 0000010 0001000 0010000 0000001 0100000 1000000 
000011011111111111110 0000100 0000010 0001000 0010000 0000001 1000000 0100000 
000001011111111111111 0000100 0000010 0001000 0010000 0100000 0000001 1000000 
000000011111111111111 0000100 0000010 0001000 0010000 0100000 1000000 0000001 
000010011111111111110 0000100 0000010 0001000 0010000 1000000 0000001 0100000 
000000011111111111110 0000100 0000010 0001000 0010000 1000000 0100000 0000001 
000101011111111111011 0000100 0000010 0001000 0100000 0000001 0010000 1000000 
000101011111111111001 0000100 0000010 0001000 0100000 0000001 1000000 0010000 
000001011111111111011 0000100 0000010 0001000 0100000 0010000 0000001 1000000 
000000011111111111011 0000100 0000010 0001000 0100000 0010000 1000000 0000001 
000100011111111111001 0000100 0000010 0001000 0100000 1000000 0000001 0010000 
000000011111111111001 0000100 0000010 0001000 0100000 1000000 0010000 0000001 
000110011111111111100 0000100 0000010 0001000 1000000 0000001 0010000 0100000 
000110011111111111000 0000100 0000010 0001000 1000000 0000001 0100000 0010000 
000010011111111111100 0000100 0000010 0001000 1000000 0010000 0000001 0100000 
000000011111111111100 0000100 0000010 0001000 1000000 0010000 0100000 0000001 
000100011111111111000 0000100 0000010 0001000 1000000 0100000 0000001 0010000 
000000011111111111000 0000100 0000010 0001000 1000000 0100000 0010000 0000001 
001011011111111011111 0000100 0000010 0010000 0000001 0001000 0100000 1000000 
001011011111111011110 0000100 0000010 0010000 0000001 0001000 1000000 0100000 
001011011111111001111 0000100 0000010 0010000 0000001 0100000 0001000 1000000 
001011011111111000111 0000100 0000010 0010000 0000001 0100000 1000000 0001000 
001011011111111010110 0000100 0000010 0010000 0000001 1000000 0001000 0100000 
001011011111111000110 0000100 0000010 0010000 0000001 1000000 0100000 0001000 
000011011111111011111 0000100 0000010 0010000 0001000 0000001 0100000 1000000 
000011011111111011110 0000100 0000010 0010000 0001000 0000001 1000000 0100000 
000001011111111011111 0000100 0000010 0010000 0001000 0100000 0000001 1000000 
000000011111111011111 0000100 0000010 0010000 0001000 0100000 1000000 0000001 
000010011111111011110 0000100 0000010 0010000 0001000 1000000 0000001 0100000 
000000011111111011110 0000100 0000010 0010000 0001000 1000000 0100000 0000001 
001001011111111001111 0000100 0000010 0010000 0100000 0000001 0001000 1000000 
001001011111111000111 0000100 0000010 0010000 0100000 0000001 1000000 0001000 
000001011111111001111 0000100 0000010 0010000 0100000 0001000 0000001 1000000 
000000011111111001111 0000100 0000010 0010000 0100000 0001000 1000000 0000001 
001000011111111000111 0000100 0000010 0010000 0100000 1000000 0000001 0001000 
000000011111111000111 0000100 0000010 0010000 0100000 1000000 0001000 0000001 
001010011111111010110 0000100 0000010 0010000 1000000 0000001 0001000 0100000 
001010011111111000110 0000100 0000010 0010000 1000000 0000001 0100000 0001000 
000010011111111010110 0000100 0000010 0010000 1000000 0001000 0000001 0100000 
000000011111111010110 0000100 0000010 0010000 1000000 0001000 0100000 0000001 
001000011111111000110 0000100 0000010 0010000 1000000 0100000 0000001 0001000 
000000011111111000110 0000100 0000010 0010000 1000000 0100000 0001000 0000001 
001101011111111101011 0000100 0000010 0100000 0000001 0001000 0010000 1000000 
001101011111111101001 0000100 0000010 0100000 0000001 0001000 1000000 0010000 
001101011111111001011 0000100 0000010 0100000 0000001 0010000 0001000 1000000 
001101011111111000011 0000100 0000010 0100000 0000001 0010000 1000000 0001000 
001101011111111100001 0000100 0000010 0100000 0000001 1000000 0001000 0010000 
001101011111111000001 0000100 0000010 0100000 0000001 1000000 0010000 0001000 
000101011111111101011 0000100 0000010 0100000 0001000 0000001 0010000 1000000 
000101011111111101001 0000100 0000010 0100000 0001000 0000001 1000000 0010000 
000001011111111101011 0000100 0000010 0100000 0001000 0010000 0000001 1000000 
000000011111111101011 0000100 0000010 0100000 0001000 0010000 1000000 0000001 
000100011111111101001 0000100 0000010 0100000 0001000 1000000 0000001 0010000 
000000011111111101001 0000100 0000010 0100000 0001000 1000000 0010000 0000001 
001001011111111001011 0000100 0000010 0100000 0010000 0000001 0001000 1000000 
001001011111111000011 0000100 0000010 0100000 0010000 0000001 1000000 0001000 
000001011111111001011 0000100 0000010 0100000 0010000 0001000 0000001 1000000 
000000011111111001011 0000100 0000010 0100000 0010000 0001000 1000000 0000001 
001000011111111000011 0000100 0000010 0100000 0010000 1000000 0000001 0001000 
000000011111111000011 0000100 0000010 0100000 0010000 1000000 0001000 0000001 
001100011111111100001 0000100 0000010 0100000 1000000 0000001 0001000 0010000 
001100011111111000001 0000100 0000010 0100000 1000000 0000001 0010000 0001000 
000100011111111100001 0000100 0000010 0100000 1000000 0001000 0000001 0010000 
000000011111111100001 0000100 0000010 0100000 1000000 0001000 0010000 0000001 
001000011111111000001 0000100 0000010 0100000 1000000 0010000 0000001 0001000 
000000011111111000001 0000100 0000010 0100000 1000000 0010000 0001000 0000001 
001110011111111110100 0000100 0000010 1000000 0000001 0001000 0010000 0100000 
001110011111111110000 0000100 0000010 1000000 0000001 0001000 0100000 0010000 
001110011111111010100 0000100 0000010 1000000 0000001 0010000 0001000 0100000 
001110011111111000100 0000100 0000010 1000000 0000001 0010000 0100000 0001000 
001110011111111100000 0000100 0000010 1000000 0000001 0100000 0001000 0010000 
001110011111111000000 0000100 0000010 1000000 0000001 0100000 0010000 0001000 
000110011111111110100 0000100 0000010 1000000 0001000 0000001 0010000 0100000 
000110011111111110000 0000100 0000010 1000000 0001000 0000001 0100000 0010000 
000010011111111110100 0000100 0000010 1000000 0001000 0010000 0000001 0100000 
000000011111111110100 0000100 0000010 1000000 0001000 0010000 0100000 0000001 
000100011111111110000 0000100 0000010 1000000 0001000 0100000 0000001 0010000 
000000011111111110000 0000100 0000010 1000000 0001000 0100000 0010000 0000001 
001010011111111010100 0000100 0000010 1000000 0010000 0000001 0001000 0100000 
001010011111111000100 0000100 0000010 1000000 0010000 0000001 0100000 0001000 
000010011111111010100 0000100 0000010 1000000 0010000 0001000 0000001 0100000 
000000011111111010100 0000100 0000010 1000000 0010000 0001000 0100000 0000001 
001000011111111000100 0000100 0000010 1000000 0010000 0100000 0000001 0001000 
000000011111111000100 0000100 0000010 1000000 0010000 0100000 0001000 0000001 
001100011111111100000 0000100 0000010 1000000 0100000 0000001 0001000 0010000 
001100011111111000000 0000100 0000010 1000000 0100000 0000001 0010000 0001000 
000100011111111100000 0000100 0000010 1000000 0100000 0001000 0000001 0010000 
000000011111111100000 0000100 0000010 1000000 0100000 0001000 0010000 0000001 
001000011111111000000 0000100 0000010 1000000 0100000 0010000 0000001 0001000 
000000011111111000000 0000100 0000010 1000000 0100000 0010000 0001000 0000001 
100111001111111111111 0000100 0001000 0000001 0000010 0010000 0100000 1000000 
100111001111111111110 0000100 0001000 0000001 0000010 0010000 1000000 0100000 
100111001111111111011 0000100 0001000 0000001 0000010 0100000 0010000 1000000 
100111001111111111001 0000100 0001000 0000001 0000010 0100000 1000000 0010000 
100111001111111111100 0000100 0001000 0000001 0000010 1000000 0010000 0100000 
100111001111111111000 0000100 0001000 0000001 0000010 1000000 0100000 0010000 
100111000111111111111 0000100 0001000 0000001 0010000 0000010 0100000 1000000 
100111000111111111110 0000100 0001000 0000001 0010000 0000010 1000000 0100000 
100111000011111111111 0000100 0001000 0000001 0010000 0100000 0000010 1000000 
100111000001111111111 0000100 0001000 0000001 0010000 0100000 1000000 0000010 
100111000101111111110 0000100 0001000 0000001 0010000 1000000 0000010 0100000 
100111000001111111110 0000100 0001000 0000001 0010000 1000000 0100000 0000010 
100111001011111111011 0000100 0001000 0000001 0100000 0000010 0010000 1000000 
100111001011111111001 0000100 0001000 0000001 0100000 0000010 1000000 0010000 
100111000011111111011 0000100 0001000 0000001 0100000 0010000 0000010 1000000 
100111000001111111011 0000100 0001000 0000001 0100000 0010000 1000000 0000010 
100111001001111111001 0000100 0001000 0000001 0100000 1000000 0000010 0010000 
100111000001111111001 0000100 0001000 0000001 0100000 1000000 0010000 0000010 
100111001101111111100 0000100 0001000 0000001 1000000 0000010 0010000 0100000 
100111001101111111000 0000100 0001000 0000001 1000000 0000010 0100000 0010000 
100111000101111111100 0000100 0001000 0000001 1000000 0010000 0000010 0100000 
100111000001111111100 0000100 0001000 0000001 1000000 0010000 0100000 0000010 
100111001001111111000 0000100 0001000 0000001 1000000 0100000 0000010 0010000 
100111000001111111000 0000100 0001000 0000001 1000000 0100000 0010000 0000010 
000111001111111111111 0000100 0001000 0000010 0000001 0010000 0100000 1000000 
000111001111111111110 0000100 0001000 0000010 0000001 0010000 1000000 0100000 
000111001111111111011 0000100 0001000 0000010 0000001 0100000 0010000 1000000 
000111001111111111001 0000100 0001000 0000010 0000001 0100000 1000000 0010000 
000111001111111111100 0000100 0001000 0000010 0000001 1000000 0010000 0100000 
000111001111111111000 0000100 0001000 0000010 0000001 1000000 0100000 0010000 
000011001111111111111 0000100 0001000 0000010 0010000 0000001 0100000 1000000 
000011001111111111110 0000100 0001000 0000010 0010000 0000001 1000000 0100000 
000001001111111111111 0000100 0001000 0000010 0010000 0100000 0000001 1000000 
000000001111111111111 0000100 0001000 0000010 0010000 0100000 1000000 0000001 
000010001111111111110 0000100 0001000 0000010 0010000 1000000 0000001 0100000 
000000001111111111110 0000100 0001000 0000010 0010000 1000000 0100000 0000001 
000101001111111111011 0000100 0001000 0000010 0100000 0000001 0010000 1000000 
000101001111111111001 0000100 0001000 0000010 0100000 0000001 1000000 0010000 
000001001111111111011 0000100 0001000 0000010 0100000 0010000 0000001 1000000 
000000001111111111011 0000100 0001000 0000010 0100000 0010000 1000000 0000001 
000100001111111111001 0000100 0001000 0000010 0100000 1000000 0000001 0010000 
000000001111111111001 0000100 0001000 0000010 0100000 1000000 0010000 0000001 
000110001111111111100 0000100 0001000 0000010 1000000 0000001 0010000 0100000 
000110001111111111000 0000100 0001000 0000010 1000000 0000001 0100000 0010000 
000010001111111111100 0000100 0001000 0000010 1000000 0010000 0000001 0100000 
000000001111111111100 0000100 0001000 0000010 1000000 0010000 0100000 0000001 
000100001111111111000 0000100 0001000 0000010 1000000 0100000 0000001 0010000 
000000001111111111000 0000100 0001000 0000010 1000000 0100000 0010000 0000001 
100011000111111111111 0000100 0001000 0010000 0000001 0000010 0100000 1000000 
100011000111111111110 0000100 0001000 0010000 0000001 0000010 1000000 0100000 
100011000011111111111 0000100 0001000 0010000 0000001 0100000 0000010 1000000 
100011000001111111111 0000100 0001000 0010000 0000001 0100000 1000000 0000010 
100011000101111111110 0000100 0001000 0010000 0000001 1000000 0000010 0100000 
100011000001111111110 0000100 0001000 0010000 0000001 1000000 0100000 0000010 
000011000111111111111 0000100 0001000 0010000 0000010 0000001 0100000 1000000 
000011000111111111110 0000100 0001000 0010000 0000010 0000001 1000000 0100000 
000001000111111111111 0000100 0001000 0010000 0000010 0100000 0000001 1000000 
000000000111111111111 0000100 0001000 0010000 0000010 0100000 1000000 0000001 
000010000111111111110 0000100 0001000 0010000 0000010 1000000 0000001 0100000 
000000000111111111110 0000100 0001000 0010000 0000010 1000000 0100000 0000001 
100001000011111111111 0000100 0001000 0010000 0100000 0000001 0000010 1000000 
100001000001111111111 0000100 0001000 0010000 0100000 0000001 1000000 0000010 
000001000011111111111 0000100 0001000 0010000 0100000 0000010 0000001 1000000 
000000000011111111111 0000100 0001000 0010000 0100000 0000010 1000000 0000001 
100000000001111111111 0000100 0001000 0010000 0100000 1000000 0000001 0000010 
000000000001111111111 0000100 0001000 0010000 0100000 1000000 0000010 0000001 
100010000101111111110 0000100 0001000 0010000 1000000 0000001 0000010 0100000 
100010000001111111110 0000100 0001000 0010000 1000000 0000001 0100000 0000010 
000010000101111111110 0000100 0001000 0010000 1000000 0000010 0000001 0100000 
000000000101111111110 0000100 0001000 0010000 1000000 0000010 0100000 0000001 
100000000001111111110 0000100 0001000 0010000 1000000 0100000 0000001 0000010 
000000000001111111110 0000100 0001000 0010000 1000000 0100000 0000010 0000001 
100101001011111111011 0000100 0001000 0100000 0000001 0000010 0010000 1000000 
100101001011111111001 0000100 0001000 0100000 0000001 0000010 1000000 0010000 
100101000011111111011 0000100 0001000 0100000 0000001 0010000 0000010 1000000 
100101000001111111011 0000100 0001000 0100000 0000001 0010000 1000000 0000010 
100101001001111111001 0000100 0001000 0100000 0000001 1000000 0000010 0010000 
100101000001111111001 0000100 0001000 0100000 0000001 1000000 0010000 0000010 
000101001011111111011 0000100 0001000 0100000 0000010 0000001 0010000 1000000 
000101001011111111001 0000100 0001000 0100000 0000010 0000001 1000000 0010000 
000001001011111111011 0000100 0001000 0100000 0000010 0010000 0000001 1000000 
000000001011111111011 0000100 0001000 0100000 0000010 0010000 1000000 0000001 
000100001011111111001 0000100 0001000 0100000 0000010 1000000 0000001 0010000 
000000001011111111001 0000100 0001000 0100000 0000010 1000000 0010000 0000001 
100001000011111111011 0000100 0001000 0100000 0010000 0000001 0000010 1000000 
100001000001111111011 0000100 0001000 0100000 0010000 0000001 1000000 0000010 
000001000011111111011 0000100 0001000 0100000 0010000 0000010 0000001 1000000 
000000000011111111011 0000100 0001000 0100000 0010000 0000010 1000000 0000001 
100000000001111111011 0000100 0001000 0100000 0010000 1000000 0000001 0000010 
000000000001111111011 0000100 0001000 0100000 0010000 1000000 0000010 0000001 
100100001001111111001 0000100 0001000 0100000 1000000 0000001 0000010 0010000 
100100000001111111001 0000100 0001000 0100000 1000000 0000001 0010000 0000010 
000100001001111111001 0000100 0001000 0100000 1000000 0000010 0000001 0010000 
000000001001111111001 0000100 0001000 0100000 1000000 0000010 0010000 0000001 
100000000001111111001 0000100 0001000 0100000 1000000 0010000 0000001 0000010 
000000000001111111001 0000100 0001000 0100000 1000000 0010000 0000010 0000001 
100110001101111111100 0000100 0001000 1000000 0000001 0000010 0010000 0100000 
100110001101111111000 0000100 0001000 1000000 0000001 0000010 0100000 0010000 
100110000101111111100 0000100 0001000 1000000 0000001 0010000 0000010 0100000 
100110000001111111100 0000100 0001000 1000000 0000001 0010000 0100000 0000010 
100110001001111111000 0000100 0001000 1000000 0000001 0100000 0000010 0010000 
100110000001111111000 0000100 0001000 1000000 0000001 0100000 0010000 0000010 
000110001101111111100 0000100 0001000 1000000 0000010 0000001 0010000 0100000 
000110001101111111000 0000100 0001000 1000000 0000010 0000001 0100000 0010000 
000010001101111111100 0000100 0001000 1000000 0000010 0010000 0000001 0100000 
000000001101111111100 0000100 0001000 1000000 0000010 0010000 0100000 0000001 
000100001101111111000 0000100 0001000 1000000 0000010 0100000 0000001 0010000 
000000001101111111000 0000100 0001000 1000000 0000010 0100000 0010000 0000001 
100010000101111111100 0000100 0001000 1000000 0010000 0000001 0000010 0100000 
100010000001111111100 0000100 0001000 1000000 0010000 0000001 0100000 0000010 
000010000101111111100 0000100 0001000 1000000 0010000 0000010 0000001 0100000 
000000000101111111100 0000100 0001000 1000000 0010000 0000010 0100000 0000001 
100000000001111111100 0000100 0001000 1000000 0010000 0100000 0000001 0000010 
000000000001111111100 0000100 0001000 1000000 0010000 0100000 0000010 0000001 
100100001001111111000 0000100 0001000 1000000 0100000 0000001 0000010 0010000 
100100000001111111000 0000100 0001000 1000000 0100000 0000001 0010000 0000010 
000100001001111111000 0000100 0001000 1000000 0100000 0000010 0000001 0010000 
000000001001111111000 0000100 0001000 1000000 0100000 0000010 0010000 0000001 
100000000001111111000 0000100 0001000 1000000 0100000 0010000 0000001 0000010 
000000000001111111000 0000100 0001000 1000000 0100000 0010000 0000010 0000001 
101011010111111011111 0000100 0010000 0000001 0000010 0001000 0100000 1000000 
101011010111111011110 0000100 0010000 0000001 0000010 0001000 1000000 0100000 
101011010111111001111 0000100 0010000 0000001 0000010 0100000 0001000 1000000 
101011010111111000111 0000100 0010000 0000001 0000010 0100000 1000000 0001000 
101011010111111010110 0000100 0010000 0000001 0000010 1000000 0001000 0100000 
101011010111111000110 0000100 0010000 0000001 0000010 1000000 0100000 0001000 
101011000111111011111 0000100 0010000 0000001 0001000 0000010 0100000 1000000 
101011000111111011110 0000100 0010000 0000001 0001000 0000010 1000000 0100000 
101011000011111011111 0000100 0010000 0000001 0001000 0100000 0000010 1000000 
101011000001111011111 0000100 0010000 0000001 0001000 0100000 1000000 0000010 
101011000101111011110 0000100 0010000 0000001 0001000 1000000 0000010 0100000 
101011000001111011110 0000100 0010000 0000001 0001000 1000000 0100000 0000010 
101011010011111001111 0000100 0010000 0000001 0100000 0000010 0001000 1000000 
101011010011111000111 0000100 0010000 0000001 0100000 0000010 1000000 0001000 
101011000011111001111 0000100 0010000 0000001 0100000 0001000 0000010 1000000 
101011000001111001111 0000100 0010000 0000001 0100000 0001000 1000000 0000010 
101011010001111000111 0000100 0010000 0000001 0100000 1000000 0000010 0001000 
101011000001111000111 0000100 0010000 0000001 0100000 1000000 0001000 0000010 
101011010101111010110 0000100 0010000 0000001 1000000 0000010 0001000 0100000 
101011010101111000110 0000100 0010000 0000001 1000000 0000010 0100000 0001000 
101011000101111010110 0000100 0010000 0000001 1000000 0001000 0000010 0100000 
101011000001111010110 0000100 0010000 0000001 1000000 0001000 0100000 0000010 
101011010001111000110 0000100 0010000 0000001 1000000 0100000 0000010 0001000 
101011000001111000110 0000100 0010000 0000001 1000000 0100000 0001000 0000010 
001011010111111011111 0000100 0010000 0000010 0000001 0001000 0100000 1000000 
001011010111111011110 0000100 0010000 0000010 0000001 0001000 1000000 0100000 
001011010111111001111 0000100 0010000 0000010 0000001 0100000 0001000 1000000 
001011010111111000111 0000100 0010000 0000010 0000001 0100000 1000000 0001000 
001011010111111010110 0000100 0010000 0000010 0000001 1000000 0001000 0100000 
001011010111111000110 0000100 0010000 0000010 0000001 1000000 0100000 0001000 
000011010111111011111 0000100 0010000 0000010 0001000 0000001 0100000 1000000 
000011010111111011110 0000100 0010000 0000010 0001000 0000001 1000000 0100000 
000001010111111011111 0000100 0010000 0000010 0001000 0100000 0000001 1000000 
000000010111111011111 0000100 0010000 0000010 0001000 0100000 1000000 0000001 
000010010111111011110 0000100 0010000 0000010 0001000 1000000 0000001 0100000 
000000010111111011110 0000100 0010000 0000010 0001000 1000000 0100000 0000001 
001001010111111001111 0000100 0010000 0000010 0100000 0000001 0001000 1000000 
001001010111111000111 0000100 0010000 0000010 0100000 0000001 1000000 0001000 
000001010111111001111 0000100 0010000 0000010 0100000 0001000 0000001 1000000 
000000010111111001111 0000100 0010000 0000010 0100000 0001000 1000000 0000001 
001000010111111000111 0000100 0010000 0000010 0100000 1000000 0000001 0001000 
000000010111111000111 0000100 0010000 0000010 0100000 1000000 0001000 0000001 
001010010111111010110 0000100 0010000 0000010 1000000 0000001 0001000 0100000 
001010010111111000110 0000100 0010000 0000010 1000000 0000001 0100000 0001000 
000010010111111010110 0000100 0010000 0000010 1000000 0001000 0000001 0100000 
000000010111111010110 0000100 0010000 0000010 1000000 0001000 0100000 0000001 
001000010111111000110 0000100 0010000 0000010 1000000 0100000 0000001 0001000 
000000010111111000110 0000100 0010000 0000010 1000000 0100000 0001000 0000001 
100011000111111011111 0000100 0010000 0001000 0000001 0000010 0100000 1000000 
100011000111111011110 0000100 0010000 0001000 0000001 0000010 1000000 0100000 
100011000011111011111 0000100 0010000 0001000 0000001 0100000 0000010 1000000 
100011000001111011111 0000100 0010000 0001000 0000001 0100000 1000000 0000010 
100011000101111011110 0000100 0010000 0001000 0000001 1000000 0000010 0100000 
100011000001111011110 0000100 0010000 0001000 0000001 1000000 0100000 0000010 
000011000111111011111 0000100 0010000 0001000 0000010 0000001 0100000 1000000 
000011000111111011110 0000100 0010000 0001000 0000010 0000001 1000000 0100000 
000001000111111011111 0000100 0010000 0001000 0000010 0100000 0000001 1000000 
000000000111111011111 0000100 0010000 0001000 0000010 0100000 1000000 0000001 
000010000111111011110 0000100 0010000 0001000 0000010 1000000 0000001 0100000 
000000000111111011110 0000100 0010000 0001000 0000010 1000000 0100000 0000001 
100001000011111011111 0000100 0010000 0001000 0100000 0000001 0000010 1000000 
100001000001111011111 0000100 0010000 0001000 0100000 0000001 1000000 0000010 
000001000011111011111 0000100 0010000 0001000 0100000 0000010 0000001 1000000 
000000000011111011111 0000100 0010000 0001000 0100000 0000010 1000000 0000001 
100000000001111011111 0000100 0010000 0001000 0100000 1000000 0000001 0000010 
000000000001111011111 0000100 0010000 0001000 0100000 1000000 0000010 0000001 
100010000101111011110 0000100 0010000 0001000 1000000 0000001 0000010 0100000 
100010000001111011110 0000100 0010000 0001000 1000000 0000001 0100000 0000010 
000010000101111011110 0000100 0010000 0001000 1000000 0000010 0000001 0100000 
000000000101111011110 0000100 0010000 0001000 1000000 0000010 0100000 0000001 
100000000001111011110 0000100 0010000 0001000 1000000 0100000 0000001 0000010 
000000000001111011110 0000100 0010000 0001000 1000000 0100000 0000010 0000001 
101001010011111001111 0000100 0010000 0100000 0000001 0000010 0001000 1000000 
101001010011111000111 0000100 0010000 0100000 0000001 0000010 1000000 0001000 
101001000011111001111 0000100 0010000 0100000 0000001 0001000 0000010 1000000 
101001000001111001111 0000100 0010000 0100000 0000001 0001000 1000000 0000010 
101001010001111000111 0000100 0010000 0100000 0000001 1000000 0000010 0001000 
101001000001111000111 0000100 0010000 0100000 0000001 1000000 0001000 0000010 
001001010011111001111 0000100 0010000 0100000 0000010 0000001 0001000 1000000 
001001010011111000111 0000100 0010000 0100000 0000010 0000001 1000000 0001000 
000001010011111001111 0000100 0010000 0100000 0000010 0001000 0000001 1000000 
000000010011111001111 0000100 0010000 0100000 0000010 0001000 1000000 0000001 
001000010011111000111 0000100 0010000 0100000 0000010 1000000 0000001 0001000 
000000010011111000111 0000100 0010000 0100000 0000010 1000000 0001000 0000001 
100001000011111001111 0000100 0010000 0100000 0001000 0000001 0000010 1000000 
100001000001111001111 0000100 0010000 0100000 0001000 0000001 1000000 0000010 
000001000011111001111 0000100 0010000 0100000 0001000 0000010 0000001 1000000 
000000000011111001111 0000100 0010000 0100000 0001000 0000010 1000000 0000001 
100000000001111001111 0000100 0010000 0100000 0001000 1000000 0000001 0000010 
000000000001111001111 0000100 0010000 0100000 0001000 1000000 0000010 0000001 
101000010001111000111 0000100 0010000 0100000 1000000 0000001 0000010 0001000 
101000000001111000111 0000100 0010000 0100000 1000000 0000001 0001000 0000010 
001000010001111000111 0000100 0010000 0100000 1000000 0000010 0000001 0001000 
000000010001111000111 0000100 0010000 0100000 1000000 0000010 0001000 0000001 
100000000001111000111 0000100 0010000 0100000 1000000 0001000 0000001 0000010 
000000000001111000111 0000100 0010000 0100000 1000000 0001000 0000010 0000001 
101010010101111010110 0000100 0010000 1000000 0000001 0000010 0001000 0100000 
101010010101111000110 0000100 0010000 1000000 0000001 0000010 0100000 0001000 
101010000101111010110 0000100 0010000 1000000 0000001 0001000 0000010 0100000 
101010000001111010110 0000100 0010000 1000000 0000001 0001000 0100000 0000010 
101010010001111000110 0000100 0010000 1000000 0000001 0100000 0000010 0001000 
101010000001111000110 0000100 0010000 1000000 0000001 0100000 0001000 0000010 
001010010101111010110 0000100 0010000 1000000 0000010 0000001 0001000 0100000 
001010010101111000110 0000100 0010000 1000000 0000010 0000001 0100000 0001000 
000010010101111010110 0000100 0010000 1000000 0000010 0001000 0000001 0100000 
000000010101111010110 0000100 0010000 1000000 0000010 0001000 0100000 0000001 
001000010101111000110 0000100 0010000 1000000 0000010 0100000 0000001 0001000 
000000010101111000110 0000100 0010000 1000000 0000010 0100000 0001000 0000001 
100010000101111010110 0000100 0010000 1000000 0001000 0000001 0000010 0100000 
100010000001111010110 0000100 0010000 1000000 0001000 0000001 0100000 0000010 
000010000101111010110 0000100 0010000 1000000 0001000 0000010 0000001 0100000 
000000000101111010110 0000100 0010000 1000000 0001000 0000010 0100000 0000001 
100000000001111010110 0000100 0010000 1000000 0001000 0100000 0000001 0000010 
000000000001111010110 0000100 0010000 1000000 0001000 0100000 0000010 0000001 
101000010001111000110 0000100 0010000 1000000 0100000 0000001 0000010 0001000 
101000000001111000110 0000100 0010000 1000000 0100000 0000001 0001000 0000010 
001000010001111000110 0000100 0010000 1000000 0100000 0000010 0000001 0001000 
000000010001111000110 0000100 0010000 1000000 0100000 0000010 0001000 0000001 
100000000001111000110 0000100 0010000 1000000 0100000 0001000 0000001 0000010 
000000000001111000110 0000100 0010000 1000000 0100000 0001000 0000010 0000001 
101101011011111101011 0000100 0100000 0000001 0000010 0001000 0010000 1000000 
101101011011111101001 0000100 0100000 0000001 0000010 0001000 1000000 0010000 
101101011011111001011 0000100 0100000 0000001 0000010 0010000 0001000 1000000 
101101011011111000011 0000100 0100000 0000001 0000010 0010000 1000000 0001000 
101101011011111100001 0000100 0100000 0000001 0000010 1000000 0001000 0010000 
101101011011111000001 0000100 0100000 0000001 0000010 1000000 0010000 0001000 
101101001011111101011 0000100 0100000 0000001 0001000 0000010 0010000 1000000 
101101001011111101001 0000100 0100000 0000001 0001000 0000010 1000000 0010000 
101101000011111101011 0000100 0100000 0000001 0001000 0010000 0000010 1000000 
101101000001111101011 0000100 0100000 0000001 0001000 0010000 1000000 0000010 
101101001001111101001 0000100 0100000 0000001 0001000 1000000 0000010 0010000 
101101000001111101001 0000100 0100000 0000001 0001000 1000000 0010000 0000010 
101101010011111001011 0000100 0100000 0000001 0010000 0000010 0001000 1000000 
101101010011111000011 0000100 0100000 0000001 0010000 0000010 1000000 0001000 
101101000011111001011 0000100 0100000 0000001 0010000 0001000 0000010 1000000 
101101000001111001011 0000100 0100000 0000001 0010000 0001000 1000000 0000010 
101101010001111000011 0000100 0100000 0000001 0010000 1000000 0000010 0001000 
101101000001111000011 0000100 0100000 0000001 0010000 1000000 0001000 0000010 
101101011001111100001 0000100 0100000 0000001 1000000 0000010 0001000 0010000 
101101011001111000001 0000100 0100000 0000001 1000000 0000010 0010000 0001000 
101101001001111100001 0000100 0100000 0000001 1000000 0001000 0000010 0010000 
101101000001111100001 0000100 0100000 0000001 1000000 0001000 0010000 0000010 
101101010001111000001 0000100 0100000 0000001 1000000 0010000 0000010 0001000 
101101000001111000001 0000100 0100000 0000001 1000000 0010000 0001000 0000010 
001101011011111101011 0000100 0100000 0000010 0000001 0001000 0010000 1000000 
001101011011111101001 0000100 0100000 0000010 0000001 0001000 1000000 0010000 
001101011011111001011 0000100 0100000 0000010 0000001 0010000 0001000 1000000 
001101011011111000011 0000100 0100000 0000010 0000001 0010000 1000000 0001000 
001101011011111100001 0000100 0100000 0000010 0000001 1000000 0001000 0010000 
001101011011111000001 0000100 0100000 0000010 0000001 1000000 0010000 0001000 
000101011011111101011 0000100 0100000 0000010 0001000 0000001 0010000 1000000 
000101011011111101001 0000100 0100000 0000010 0001000 0000001 1000000 0010000 
000001011011111101011 0000100 0100000 0000010 0001000 0010000 0000001 1000000 
000000011011111101011 0000100 0100000 0000010 0001000 0010000 1000000 0000001 
000100011011111101001 0000100 0100000 0000010 0001000 1000000 0000001 0010000 
000000011011111101001 0000100 0100000 0000010 0001000 1000000 0010000 0000001 
001001011011111001011 0000100 0100000 0000010 0010000 0000001 0001000 1000000 
001001011011111000011 0000100 0100000 0000010 0010000 0000001 1000000 0001000 
000001011011111001011 0000100 0100000 0000010 0010000 0001000 0000001 1000000 
000000011011111001011 0000100 0100000 0000010 0010000 0001000 1000000 0000001 
001000011011111000011 0000100 0100000 0000010 0010000 1000000 0000001 0001000 
000000011011111000011 0000100 0100000 0000010 0010000 1000000 0001000 0000001 
001100011011111100001 0000100 0100000 0000010 1000000 0000001 0001000 0010000 
001100011011111000001 0000100 0100000 0000010 1000000 0000001 0010000 0001000 
000100011011111100001 0000100 0100000 0000010 1000000 0001000 0000001 0010000 
000000011011111100001 0000100 0100000 0000010 1000000 0001000 0010000 0000001 
001000011011111000001 0000100 0100000 0000010 1000000 0010000 0000001 0001000 
000000011011111000001 0000100 0100000 0000010 1000000 0010000 0001000 0000001 
100101001011111101011 0000100 0100000 0001000 0000001 0000010 0010000 1000000 
100101001011111101001 0000100 0100000 0001000 0000001 0000010 1000000 0010000 
100101000011111101011 0000100 0100000 0001000 0000001 0010000 0000010 1000000 
100101000001111101011 0000100 0100000 0001000 0000001 0010000 1000000 0000010 
100101001001111101001 0000100 0100000 0001000 0000001 1000000 0000010 0010000 
100101000001111101001 0000100 0100000 0001000 0000001 1000000 0010000 0000010 
000101001011111101011 0000100 0100000 0001000 0000010 0000001 0010000 1000000 
000101001011111101001 0000100 0100000 0001000 0000010 0000001 1000000 0010000 
000001001011111101011 0000100 0100000 0001000 0000010 0010000 0000001 1000000 
000000001011111101011 0000100 0100000 0001000 0000010 0010000 1000000 0000001 
000100001011111101001 0000100 0100000 0001000 0000010 1000000 0000001 0010000 
000000001011111101001 0000100 0100000 0001000 0000010 1000000 0010000 0000001 
100001000011111101011 0000100 0100000 0001000 0010000 0000001 0000010 1000000 
100001000001111101011 0000100 0100000 0001000 0010000 0000001 1000000 0000010 
000001000011111101011 0000100 0100000 0001000 0010000 0000010 0000001 1000000 
000000000011111101011 0000100 0100000 0001000 0010000 0000010 1000000 0000001 
100000000001111101011 0000100 0100000 0001000 0010000 1000000 0000001 0000010 
000000000001111101011 0000100 0100000 0001000 0010000 1000000 0000010 0000001 
100100001001111101001 0000100 0100000 0001000 1000000 0000001 0000010 0010000 
100100000001111101001 0000100 0100000 0001000 1000000 0000001 0010000 0000010 
000100001001111101001 0000100 0100000 0001000 1000000 0000010 0000001 0010000 
000000001001111101001 0000100 0100000 0001000 1000000 0000010 0010000 0000001 
100000000001111101001 0000100 0100000 0001000 1000000 0010000 0000001 0000010 
000000000001111101001 0000100 0100000 0001000 1000000 0010000 0000010 0000001 
101001010011111001011 0000100 0100000 0010000 0000001 0000010 0001000 1000000 
101001010011111000011 0000100 0100000 0010000 0000001 0000010 1000000 0001000 
101001000011111001011 0000100 0100000 0010000 0000001 0001000 0000010 1000000 
101001000001111001011 0000100 0100000 0010000 0000001 0001000 1000000 0000010 
101001010001111000011 0000100 0100000 0010000 0000001 1000000 0000010 0001000 
101001000001111000011 0000100 0100000 0010000 0000001 1000000 0001000 0000010 
001001010011111001011 0000100 0100000 0010000 0000010 0000001 0001000 1000000 
001001010011111000011 0000100 0100000 0010000 0000010 0000001 1000000 0001000 
000001010011111001011 0000100 0100000 0010000 0000010 0001000 0000001 1000000 
000000010011111001011 0000100 0100000 0010000 0000010 0001000 1000000 0000001 
001000010011111000011 0000100 0100000 0010000 0000010 1000000 0000001 0001000 
000000010011111000011 0000100 0100000 0010000 0000010 1000000 0001000 0000001 
100001000011111001011 0000100 0100000 0010000 0001000 0000001 0000010 1000000 
100001000001111001011 0000100 0100000 0010000 0001000 0000001 1000000 0000010 
000001000011111001011 0000100 0100000 0010000 0001000 0000010 0000001 1000000 
000000000011111001011 0000100 0100000 0010000 0001000 0000010 1000000 0000001 
100000000001111001011 0000100 0100000 0010000 0001000 1000000 0000001 0000010 
000000000001111001011 0000100 0100000 0010000 0001000 1000000 0000010 0000001 
101000010001111000011 0000100 0100000 0010000 1000000 0000001 0000010 0001000 
101000000001111000011 0000100 0100000 0010000 1000000 0000001 0001000 0000010 
001000010001111000011 0000100 0100000 0010000 1000000 0000010 0000001 0001000 
000000010001111000011 0000100 0100000 0010000 1000000 0000010 0001000 0000001 
100000000001111000011 0000100 0100000 0010000 1000000 0001000 0000001 0000010 
000000000001111000011 0000100 0100000 0010000 1000000 0001000 0000010 0000001 
101100011001111100001 0000100 0100000 1000000 0000001 0000010 0001000 0010000 
101100011001111000001 0000100 0100000 1000000 0000001 0000010 0010000 0001000 
101100001001111100001 0000100 0100000 1000000 0000001 0001000 0000010 0010000 
101100000001111100001 0000100 0100000 1000000 0000001 0001000 0010000 0000010 
101100010001111000001 0000100 0100000 1000000 0000001 0010000 0000010 0001000 
101100000001111000001 0000100 0100000 1000000 0000001 0010000 0001000 0000010 
001100011001111100001 0000100 0100000 1000000 0000010 0000001 0001000 0010000 
001100011001111000001 0000100 0100000 1000000 0000010 0000001 0010000 0001000 
000100011001111100001 0000100 0100000 1000000 0000010 0001000 0000001 0010000 
000000011001111100001 0000100 0100000 1000000 0000010 0001000 0010000 0000001 
001000011001111000001 0000100 0100000 1000000 0000010 0010000 0000001 0001000 
000000011001111000001 0000100 0100000 1000000 0000010 0010000 0001000 0000001 
100100001001111100001 0000100 0100000 1000000 0001000 0000001 0000010 0010000 
100100000001111100001 0000100 0100000 1000000 0001000 0000001 0010000 0000010 
000100001001111100001 0000100 0100000 1000000 0001000 0000010 0000001 0010000 
000000001001111100001 0000100 0100000 1000000 0001000 0000010 0010000 0000001 
100000000001111100001 0000100 0100000 1000000 0001000 0010000 0000001 0000010 
000000000001111100001 0000100 0100000 1000000 0001000 0010000 0000010 0000001 
101000010001111000001 0000100 0100000 1000000 0010000 0000001 0000010 0001000 
101000000001111000001 0000100 0100000 1000000 0010000 0000001 0001000 0000010 
001000010001111000001 0000100 0100000 1000000 0010000 0000010 0000001 0001000 
000000010001111000001 0000100 0100000 1000000 0010000 0000010 0001000 0000001 
100000000001111000001 0000100 0100000 1000000 0010000 0001000 0000001 0000010 
000000000001111000001 0000100 0100000 1000000 0010000 0001000 0000010 0000001 
101110011101111110100 0000100 1000000 0000001 0000010 0001000 0010000 0100000 
101110011101111110000 0000100 1000000 0000001 0000010 0001000 0100000 0010000 
101110011101111010100 0000100 1000000 0000001 0000010 0010000 0001000 0100000 
101110011101111000100 0000100 1000000 0000001 0000010 0010000 0100000 0001000 
101110011101111100000 0000100 1000000 0000001 0000010 0100000 0001000 0010000 
101110011101111000000 0000100 1000000 0000001 0000010 0100000 0010000 0001000 
101110001101111110100 0000100 1000000 0000001 0001000 0000010 0010000 0100000 
101110001101111110000 0000100 1000000 0000001 0001000 0000010 0100000 0010000 
101110000101111110100 0000100 1000000 0000001 0001000 0010000 0000010 0100000 
101110000001111110100 0000100 1000000 0000001 0001000 0010000 0100000 0000010 
101110001001111110000 0000100 1000000 0000001 0001000 0100000 0000010 0010000 
101110000001111110000 0000100 1000000 0000001 0001000 0100000 0010000 0000010 
101110010101111010100 0000100 1000000 0000001 0010000 0000010 0001000 0100000 
101110010101111000100 0000100 1000000 0000001 0010000 0000010 0100000 0001000 
101110000101111010100 0000100 1000000 0000001 0010000 0001000 0000010 0100000 
101110000001111010100 0000100 1000000 0000001 0010000 0001000 0100000 0000010 
101110010001111000100 0000100 1000000 0000001 0010000 0100000 0000010 0001000 
101110000001111000100 0000100 1000000 0000001 0010000 0100000 0001000 0000010 
101110011001111100000 0000100 1000000 0000001 0100000 0000010 0001000 0010000 
101110011001111000000 0000100 1000000 0000001 0100000 0000010 0010000 0001000 
101110001001111100000 0000100 1000000 0000001 0100000 0001000 0000010 0010000 
101110000001111100000 0000100 1000000 0000001 0100000 0001000 0010000 0000010 
101110010001111000000 0000100 1000000 0000001 0100000 0010000 0000010 0001000 
101110000001111000000 0000100 1000000 0000001 0100000 0010000 0001000 0000010 
001110011101111110100 0000100 1000000 0000010 0000001 0001000 0010000 0100000 
001110011101111110000 0000100 1000000 0000010 0000001 0001000 0100000 0010000 
001110011101111010100 0000100 1000000 0000010 0000001 0010000 0001000 0100000 
001110011101111000100 0000100 1000000 0000010 0000001 0010000 0100000 0001000 
001110011101111100000 0000100 1000000 0000010 0000001 0100000 0001000 0010000 
001110011101111000000 0000100 1000000 0000010 0000001 0100000 0010000 0001000 
000110011101111110100 0000100 1000000 0000010 0001000 0000001 0010000 0100000 
000110011101111110000 0000100 1000000 0000010 0001000 0000001 0100000 0010000 
000010011101111110100 0000100 1000000 0000010 0001000 0010000 0000001 0100000 
000000011101111110100 0000100 1000000 0000010 0001000 0010000 0100000 0000001 
000100011101111110000 0000100 1000000 0000010 0001000 0100000 0000001 0010000 
000000011101111110000 0000100 1000000 0000010 0001000 0100000 0010000 0000001 
001010011101111010100 0000100 1000000 0000010 0010000 0000001 0001000 0100000 
001010011101111000100 0000100 1000000 0000010 0010000 0000001 0100000 0001000 
000010011101111010100 0000100 1000000 0000010 0010000 0001000 0000001 0100000 
000000011101111010100 0000100 1000000 0000010 0010000 0001000 0100000 0000001 
001000011101111000100 0000100 1000000 0000010 0010000 0100000 0000001 0001000 
000000011101111000100 0000100 1000000 0000010 0010000 0100000 0001000 0000001 
001100011101111100000 0000100 1000000 0000010 0100000 0000001 0001000 0010000 
001100011101111000000 0000100 1000000 0000010 0100000 0000001 0010000 0001000 
000100011101111100000 0000100 1000000 0000010 0100000 0001000 0000001 0010000 
000000011101111100000 0000100 1000000 0000010 0100000 0001000 0010000 0000001 
001000011101111000000 0000100 1000000 0000010 0100000 0010000 0000001 0001000 
000000011101111000000 0000100 1000000 0000010 0100000 0010000 0001000 0000001 
100110001101111110100 0000100 1000000 0001000 0000001 0000010 0010000 0100000 
100110001101111110000 0000100 1000000 0001000 0000001 0000010 0100000 0010000 
100110000101111110100 0000100 1000000 0001000 0000001 0010000 0000010 0100000 
100110000001111110100 0000100 1000000 0001000 0000001 0010000 0100000 0000010 
100110001001111110000 0000100 1000000 0001000 0000001 0100000 0000010 0010000 
100110000001111110000 0000100 1000000 0001000 0000001 0100000 0010000 0000010 
000110001101111110100 0000100 1000000 0001000 0000010 0000001 0010000 0100000 
000110001101111110000 0000100 1000000 0001000 0000010 0000001 0100000 0010000 
000010001101111110100 0000100 1000000 0001000 0000010 0010000 0000001 0100000 
000000001101111110100 0000100 1000000 0001000 0000010 0010000 0100000 0000001 
000100001101111110000 0000100 1000000 0001000 0000010 0100000 0000001 0010000 
000000001101111110000 0000100 1000000 0001000 0000010 0100000 0010000 0000001 
100010000101111110100 0000100 1000000 0001000 0010000 0000001 0000010 0100000 
100010000001111110100 0000100 1000000 0001000 0010000 0000001 0100000 0000010 
000010000101111110100 0000100 1000000 0001000 0010000 0000010 0000001 0100000 
000000000101111110100 0000100 1000000 0001000 0010000 0000010 0100000 0000001 
100000000001111110100 0000100 1000000 0001000 0010000 0100000 0000001 0000010 
000000000001111110100 0000100 1000000 0001000 0010000 0100000 0000010 0000001 
100100001001111110000 0000100 1000000 0001000 0100000 0000001 0000010 0010000 
100100000001111110000 0000100 1000000 0001000 0100000 0000001 0010000 0000010 
000100001001111110000 0000100 1000000 0001000 0100000 0000010 0000001 0010000 
000000001001111110000 0000100 1000000 0001000 0100000 0000010 0010000 0000001 
100000000001111110000 0000100 1000000 0001000 0100000 0010000 0000001 0000010 
000000000001111110000 0000100 1000000 0001000 0100000 0010000 0000010 0000001 
101010010101111010100 0000100 1000000 0010000 0000001 0000010 0001000 0100000 
101010010101111000100 0000100 1000000 0010000 0000001 0000010 0100000 0001000 
101010000101111010100 0000100 1000000 0010000 0000001 0001000 0000010 0100000 
101010000001111010100 0000100 1000000 0010000 0000001 0001000 0100000 0000010 
101010010001111000100 0000100 1000000 0010000 0000001 0100000 0000010 0001000 
101010000001111000100 0000100 1000000 0010000 0000001 0100000 0001000 0000010 
001010010101111010100 0000100 1000000 0010000 0000010 0000001 0001000 0100000 
001010010101111000100 0000100 1000000 0010000 0000010 0000001 0100000 0001000 
000010010101111010100 0000100 1000000 0010000 0000010 0001000 0000001 0100000 
000000010101111010100 0000100 1000000 0010000 0000010 0001000 0100000 0000001 
001000010101111000100 0000100 1000000 0010000 0000010 0100000 0000001 0001000 
000000010101111000100 0000100 1000000 0010000 0000010 0100000 0001000 0000001 
100010000101111010100 0000100 1000000 0010000 0001000 0000001 0000010 0100000 
100010000001111010100 0000100 1000000 0010000 0001000 0000001 0100000 0000010 
000010000101111010100 0000100 1000000 0010000 0001000 0000010 0000001 0100000 
000000000101111010100 0000100 1000000 0010000 0001000 0000010 0100000 0000001 
100000000001111010100 0000100 1000000 0010000 0001000 0100000 0000001 0000010 
000000000001111010100 0000100 1000000 0010000 0001000 0100000 0000010 0000001 
101000010001111000100 0000100 1000000 0010000 0100000 0000001 0000010 0001000 
101000000001111000100 0000100 1000000 0010000 0100000 0000001 0001000 0000010 
001000010001111000100 0000100 1000000 0010000 0100000 0000010 0000001 0001000 
000000010001111000100 0000100 1000000 0010000 0100000 0000010 0001000 0000001 
100000000001111000100 0000100 1000000 0010000 0100000 0001000 0000001 0000010 
000000000001111000100 0000100 1000000 0010000 0100000 0001000 0000010 0000001 
101100011001111100000 0000100 1000000 0100000 0000001 0000010 0001000 0010000 
101100011001111000000 0000100 1000000 0100000 0000001 0000010 0010000 0001000 
101100001001111100000 0000100 1000000 0100000 0000001 0001000 0000010 0010000 
101100000001111100000 0000100 1000000 0100000 0000001 0001000 0010000 0000010 
101100010001111000000 0000100 1000000 0100000 0000001 0010000 0000010 0001000 
101100000001111000000 0000100 1000000 0100000 0000001 0010000 0001000 0000010 
001100011001111100000 0000100 1000000 0100000 0000010 0000001 0001000 0010000 
001100011001111000000 0000100 1000000 0100000 0000010 0000001 0010000 0001000 
000100011001111100000 0000100 1000000 0100000 0000010 0001000 0000001 0010000 
000000011001111100000 0000100 1000000 0100000 0000010 0001000 0010000 0000001 
001000011001111000000 0000100 1000000 0100000 0000010 0010000 0000001 0001000 
000000011001111000000 0000100 1000000 0100000 0000010 0010000 0001000 0000001 
100100001001111100000 0000100 1000000 0100000 0001000 0000001 0000010 0010000 
100100000001111100000 0000100 1000000 0100000 0001000 0000001 0010000 0000010 
000100001001111100000 0000100 1000000 0100000 0001000 0000010 0000001 0010000 
000000001001111100000 0000100 1000000 0100000 0001000 0000010 0010000 0000001 
100000000001111100000 0000100 1000000 0100000 0001000 0010000 0000001 0000010 
000000000001111100000 0000100 1000000 0100000 0001000 0010000 0000010 0000001 
101000010001111000000 0000100 1000000 0100000 0010000 0000001 0000010 0001000 
101000000001111000000 0000100 1000000 0100000 0010000 0000001 0001000 0000010 
001000010001111000000 0000100 1000000 0100000 0010000 0000010 0000001 0001000 
000000010001111000000 0000100 1000000 0100000 0010000 0000010 0001000 0000001 
100000000001111000000 0000100 1000000 0100000 0010000 0001000 0000001 0000010 
000000000001111000000 0000100 1000000 0100000 0010000 0001000 0000010 0000001 
110111101110111111111 0001000 0000001 0000010 0000100 0010000 0100000 1000000 
110111101110111111110 0001000 0000001 0000010 0000100 0010000 1000000 0100000 
110111101110111111011 0001000 0000001 0000010 0000100 0100000 0010000 1000000 
110111101110111111001 0001000 0000001 0000010 0000100 0100000 1000000 0010000 
110111101110111111100 0001000 0000001 0000010 0000100 1000000 0010000 0100000 
110111101110111111000 0001000 0000001 0000010 0000100 1000000 0100000 0010000 
110111101110011111111 0001000 0000001 0000010 0010000 0000100 0100000 1000000 
110111101110011111110 0001000 0000001 0000010 0010000 0000100 1000000 0100000 
110111101110001111111 0001000 0000001 0000010 0010000 0100000 0000100 1000000 
110111101110000111111 0001000 0000001 0000010 0010000 0100000 1000000 0000100 
110111101110010111110 0001000 0000001 0000010 0010000 1000000 0000100 0100000 
110111101110000111110 0001000 0000001 0000010 0010000 1000000 0100000 0000100 
110111101110101111011 0001000 0000001 0000010 0100000 0000100 0010000 1000000 
110111101110101111001 0001000 0000001 0000010 0100000 0000100 1000000 0010000 
110111101110001111011 0001000 0000001 0000010 0100000 0010000 0000100 1000000 
110111101110000111011 0001000 0000001 0000010 0100000 0010000 1000000 0000100 
110111101110100111001 0001000 0000001 0000010 0100000 1000000 0000100 0010000 
110111101110000111001 0001000 0000001 0000010 0100000 1000000 0010000 0000100 
110111101110110111100 0001000 0000001 0000010 1000000 0000100 0010000 0100000 
110111101110110111000 0001000 0000001 0000010 1000000 0000100 0100000 0010000 
110111101110010111100 0001000 0000001 0000010 1000000 0010000 0000100 0100000 
110111101110000111100 0001000 0000001 0000010 1000000 0010000 0100000 0000100 
110111101110100111000 0001000 0000001 0000010 1000000 0100000 0000100 0010000 
110111101110000111000 0001000 0000001 0000010 1000000 0100000 0010000 0000100 
110111001110111111111 0001000 0000001 0000100 0000010 0010000 0100000 1000000 
110111001110111111110 0001000 0000001 0000100 0000010 0010000 1000000 0100000 
110111001110111111011 0001000 0000001 0000100 0000010 0100000 0010000 1000000 
110111001110111111001 0001000 0000001 0000100 0000010 0100000 1000000 0010000 
110111001110111111100 0001000 0000001 0000100 0000010 1000000 0010000 0100000 
110111001110111111000 0001000 0000001 0000100 0000010 1000000 0100000 0010000 
110111000110111111111 0001000 0000001 0000100 0010000 0000010 0100000 1000000 
110111000110111111110 0001000 0000001 0000100 0010000 0000010 1000000 0100000 
110111000010111111111 0001000 0000001 0000100 0010000 0100000 0000010 1000000 
110111000000111111111 0001000 0000001 0000100 0010000 0100000 1000000 0000010 
110111000100111111110 0001000 0000001 0000100 0010000 1000000 0000010 0100000 
110111000000111111110 0001000 0000001 0000100 0010000 1000000 0100000 0000010 
110111001010111111011 0001000 0000001 0000100 0100000 0000010 0010000 1000000 
110111001010111111001 0001000 0000001 0000100 0100000 0000010 1000000 0010000 
110111000010111111011 0001000 0000001 0000100 0100000 0010000 0000010 1000000 
110111000000111111011 0001000 0000001 0000100 0100000 0010000 1000000 0000010 
110111001000111111001 0001000 0000001 0000100 0100000 1000000 0000010 0010000 
110111000000111111001 0001000 0000001 0000100 0100000 1000000 0010000 0000010 
110111001100111111100 0001000 0000001 0000100 1000000 0000010 0010000 0100000 
110111001100111111000 0001000 0000001 0000100 1000000 0000010 0100000 0010000 
110111000100111111100 0001000 0000001 0000100 1000000 0010000 0000010 0100000 
110111000000111111100 0001000 0000001 0000100 1000000 0010000 0100000 0000010 
110111001000111111000 0001000 0000001 0000100 1000000 0100000 0000010 0010000 
110111000000111111000 0001000 0000001 0000100 1000000 0100000 0010000 0000010 
110111100110011111111 0001000 0000001 0010000 0000010 0000100 0100000 1000000 
110111100110011111110 0001000 0000001 0010000 0000010 0000100 1000000 0100000 
110111100110001111111 0001000 0000001 0010000 0000010 0100000 0000100 1000000 
110111100110000111111 0001000 0000001 0010000 0000010 0100000 1000000 0000100 
110111100110010111110 0001000 0000001 0010000 0000010 1000000 0000100 0100000 
110111100110000111110 0001000 0000001 0010000 0000010 1000000 0100000 0000100 
110111000110011111111 0001000 0000001 0010000 0000100 0000010 0100000 1000000 
110111000110011111110 0001000 0000001 0010000 0000100 0000010 1000000 0100000 
110111000010011111111 0001000 0000001 0010000 0000100 0100000 0000010 1000000 
110111000000011111111 0001000 0000001 0010000 0000100 0100000 1000000 0000010 
110111000100011111110 0001000 0000001 0010000 0000100 1000000 0000010 0100000 
110111000000011111110 0001000 0000001 0010000 0000100 1000000 0100000 0000010 
110111100010001111111 0001000 0000001 0010000 0100000 0000010 0000100 1000000 
110111100010000111111 0001000 0000001 0010000 0100000 0000010 1000000 0000100 
110111000010001111111 0001000 0000001 0010000 0100000 0000100 0000010 1000000 
110111000000001111111 0001000 0000001 0010000 0100000 0000100 1000000 0000010 
110111100000000111111 0001000 0000001 0010000 0100000 1000000 0000010 0000100 
110111000000000111111 0001000 0000001 0010000 0100000 1000000 0000100 0000010 
110111100100010111110 0001000 0000001 0010000 1000000 0000010 0000100 0100000 
110111100100000111110 0001000 0000001 0010000 1000000 0000010 0100000 0000100 
110111000100010111110 0001000 0000001 0010000 1000000 0000100 0000010 0100000 
110111000000010111110 0001000 0000001 0010000 1000000 0000100 0100000 0000010 
110111100000000111110 0001000 0000001 0010000 1000000 0100000 0000010 0000100 
110111000000000111110 0001000 0000001 0010000 1000000 0100000 0000100 0000010 
110111101010101111011 0001000 0000001 0100000 0000010 0000100 0010000 1000000 
110111101010101111001 0001000 0000001 0100000 0000010 0000100 1000000 0010000 
110111101010001111011 0001000 0000001 0100000 0000010 0010000 0000100 1000000 
110111101010000111011 0001000 0000001 0100000 0000010 0010000 1000000 0000100 
110111101010100111001 0001000 0000001 0100000 0000010 1000000 0000100 0010000 
110111101010000111001 0001000 0000001 0100000 0000010 1000000 0010000 0000100 
110111001010101111011 0001000 0000001 0100000 0000100 0000010 0010000 1000000 
110111001010101111001 0001000 0000001 0100000 0000100 0000010 1000000 0010000 
110111000010101111011 0001000 0000001 0100000 0000100 0010000 0000010 1000000 
110111000000101111011 0001000 0000001 0100000 0000100 0010000 1000000 0000010 
110111001000101111001 0001000 0000001 0100000 0000100 1000000 0000010 0010000 
110111000000101111001 0001000 0000001 0100000 0000100 1000000 0010000 0000010 
110111100010001111011 0001000 0000001 0100000 0010000 0000010 0000100 1000000 
110111100010000111011 0001000 0000001 0100000 0010000 0000010 1000000 0000100 
110111000010001111011 0001000 0000001 0100000 0010000 0000100 0000010 1000000 
110111000000001111011 0001000 0000001 0100000 0010000 0000100 1000000 0000010 
110111100000000111011 0001000 0000001 0100000 0010000 1000000 0000010 0000100 
110111000000000111011 0001000 0000001 0100000 0010000 1000000 0000100 0000010 
110111101000100111001 0001000 0000001 0100000 1000000 0000010 0000100 0010000 
110111101000000111001 0001000 0000001 0100000 1000000 0000010 0010000 0000100 
110111001000100111001 0001000 0000001 0100000 1000000 0000100 0000010 0010000 
110111000000100111001 0001000 0000001 0100000 1000000 0000100 0010000 0000010 
110111100000000111001 0001000 0000001 0100000 1000000 0010000 0000010 0000100 
110111000000000111001 0001000 0000001 0100000 1000000 0010000 0000100 0000010 
110111101100110111100 0001000 0000001 1000000 0000010 0000100 0010000 0100000 
110111101100110111000 0001000 0000001 1000000 0000010 0000100 0100000 0010000 
110111101100010111100 0001000 0000001 1000000 0000010 0010000 0000100 0100000 
110111101100000111100 0001000 0000001 1000000 0000010 0010000 0100000 0000100 
110111101100100111000 0001000 0000001 1000000 0000010 0100000 0000100 0010000 
110111101100000111000 0001000 0000001 1000000 0000010 0100000 0010000 0000100 
110111001100110111100 0001000 0000001 1000000 0000100 0000010 0010000 0100000 
110111001100110111000 0001000 0000001 1000000 0000100 0000010 0100000 0010000 
110111000100110111100 0001000 0000001 1000000 0000100 0010000 0000010 0100000 
110111000000110111100 0001000 0000001 1000000 0000100 0010000 0100000 0000010 
110111001000110111000 0001000 0000001 1000000 0000100 0100000 0000010 0010000 
110111000000110111000 0001000 0000001 1000000 0000100 0100000 0010000 0000010 
110111100100010111100 0001000 0000001 1000000 0010000 0000010 0000100 0100000 
110111100100000111100 0001000 0000001 1000000 0010000 0000010 0100000 0000100 
110111000100010111100 0001000 0000001 1000000 0010000 0000100 0000010 0100000 
110111000000010111100 0001000 0000001 1000000 0010000 0000100 0100000 0000010 
110111100000000111100 0001000 0000001 1000000 0010000 0100000 0000010 0000100 
110111000000000111100 0001000 0000001 1000000 0010000 0100000 0000100 0000010 
110111101000100111000 0001000 0000001 1000000 0100000 0000010 0000100 0010000 
110111101000000111000 0001000 0000001 1000000 0100000 0000010 0010000 0000100 
110111001000100111000 0001000 0000001 1000000 0100000 0000100 0000010 0010000 
110111000000100111000 0001000 0000001 1000000 0100000 0000100 0010000 0000010 
110111100000000111000 0001000 0000001 1000000 0100000 0010000 0000010 0000100 
110111000000000111000 0001000 0000001 1000000 0100000 0010000 0000100 0000010 
010111101110111111111 0001000 0000010 0000001 0000100 0010000 0100000 1000000 
010111101110111111110 0001000 0000010 0000001 0000100 0010000 1000000 0100000 
010111101110111111011 0001000 0000010 0000001 0000100 0100000 0010000 1000000 
010111101110111111001 0001000 0000010 0000001 0000100 0100000 1000000 0010000 
010111101110111111100 0001000 0000010 0000001 0000100 1000000 0010000 0100000 
010111101110111111000 0001000 0000010 0000001 0000100 1000000 0100000 0010000 
010111101110011111111 0001000 0000010 0000001 0010000 0000100 0100000 1000000 
010111101110011111110 0001000 0000010 0000001 0010000 0000100 1000000 0100000 
010111101110001111111 0001000 0000010 0000001 0010000 0100000 0000100 1000000 
010111101110000111111 0001000 0000010 0000001 0010000 0100000 1000000 0000100 
010111101110010111110 0001000 0000010 0000001 0010000 1000000 0000100 0100000 
010111101110000111110 0001000 0000010 0000001 0010000 1000000 0100000 0000100 
010111101110101111011 0001000 0000010 0000001 0100000 0000100 0010000 1000000 
010111101110101111001 0001000 0000010 0000001 0100000 0000100 1000000 0010000 
010111101110001111011 0001000 0000010 0000001 0100000 0010000 0000100 1000000 
010111101110000111011 0001000 0000010 0000001 0100000 0010000 1000000 0000100 
010111101110100111001 0001000 0000010 0000001 0100000 1000000 0000100 0010000 
010111101110000111001 0001000 0000010 0000001 0100000 1000000 0010000 0000100 
010111101110110111100 0001000 0000010 0000001 1000000 0000100 0010000 0100000 
010111101110110111000 0001000 0000010 0000001 1000000 0000100 0100000 0010000 
010111101110010111100 0001000 0000010 0000001 1000000 0010000 0000100 0100000 
010111101110000111100 0001000 0000010 0000001 1000000 0010000 0100000 0000100 
010111101110100111000 0001000 0000010 0000001 1000000 0100000 0000100 0010000 
010111101110000111000 0001000 0000010 0000001 1000000 0100000 0010000 0000100 
000111101110111111111 0001000 0000010 0000100 0000001 0010000 0100000 1000000 
000111101110111111110 0001000 0000010 0000100 0000001 0010000 1000000 0100000 
000111101110111111011 0001000 0000010 0000100 0000001 0100000 0010000 1000000 
000111101110111111001 0001000 0000010 0000100 0000001 0100000 1000000 0010000 
000111101110111111100 0001000 0000010 0000100 0000001 1000000 0010000 0100000 
000111101110111111000 0001000 0000010 0000100 0000001 1000000 0100000 0010000 
000011101110111111111 0001000 0000010 0000100 0010000 0000001 0100000 1000000 
000011101110111111110 0001000 0000010 0000100 0010000 0000001 1000000 0100000 
000001101110111111111 0001000 0000010 0000100 0010000 0100000 0000001 1000000 
000000101110111111111 0001000 0000010 0000100 0010000 0100000 1000000 0000001 
000010101110111111110 0001000 0000010 0000100 0010000 1000000 0000001 0100000 
000000101110111111110 0001000 0000010 0000100 0010000 1000000 0100000 0000001 
000101101110111111011 0001000 0000010 0000100 0100000 0000001 0010000 1000000 
000101101110111111001 0001000 0000010 0000100 0100000 0000001 1000000 0010000 
000001101110111111011 0001000 0000010 0000100 0100000 0010000 0000001 1000000 
000000101110111111011 0001000 0000010 0000100 0100000 0010000 1000000 0000001 
000100101110111111001 0001000 0000010 0000100 0100000 1000000 0000001 0010000 
000000101110111111001 0001000 0000010 0000100 0100000 1000000 0010000 0000001 
000110101110111111100 0001000 0000010 0000100 1000000 0000001 0010000 0100000 
000110101110111111000 0001000 0000010 0000100 1000000 0000001 0100000 0010000 
000010101110111111100 0001000 0000010 0000100 1000000 0010000 0000001 0100000 
000000101110111111100 0001000 0000010 0000100 1000000 0010000 0100000 0000001 
000100101110111111000 0001000 0000010 0000100 1000000 0100000 0000001 0010000 
000000101110111111000 0001000 0000010 0000100 1000000 0100000 0010000 0000001 
010011101110011111111 0001000 0000010 0010000 0000001 0000100 0100000 1000000 
010011101110011111110 0001000 0000010 0010000 0000001 0000100 1000000 0100000 
010011101110001111111 0001000 0000010 0010000 0000001 0100000 0000100 1000000 
010011101110000111111 0001000 0000010 0010000 0000001 0100000 1000000 0000100 
010011101110010111110 0001000 0000010 0010000 0000001 1000000 0000100 0100000 
010011101110000111110 0001000 0000010 0010000 0000001 1000000 0100000 0000100 
000011101110011111111 0001000 0000010 0010000 0000100 0000001 0100000 1000000 
000011101110011111110 0001000 0000010 0010000 0000100 0000001 1000000 0100000 
000001101110011111111 0001000 0000010 0010000 0000100 0100000 0000001 1000000 
000000101110011111111 0001000 0000010 0010000 0000100 0100000 1000000 0000001 
000010101110011111110 0001000 0000010 0010000 0000100 1000000 0000001 0100000 
000000101110011111110 0001000 0000010 0010000 0000100 1000000 0100000 0000001 
010001101110001111111 0001000 0000010 0010000 0100000 0000001 0000100 1000000 
010001101110000111111 0001000 0000010 0010000 0100000 0000001 1000000 0000100 
000001101110001111111 0001000 0000010 0010000 0100000 0000100 0000001 1000000 
000000101110001111111 0001000 0000010 0010000 0100000 0000100 1000000 0000001 
010000101110000111111 0001000 0000010 0010000 0100000 1000000 0000001 0000100 
000000101110000111111 0001000 0000010 0010000 0100000 1000000 0000100 0000001 
010010101110010111110 0001000 0000010 0010000 1000000 0000001 0000100 0100000 
010010101110000111110 0001000 0000010 0010000 1000000 0000001 0100000 0000100 
000010101110010111110 0001000 0000010 0010000 1000000 0000100 0000001 0100000 
000000101110010111110 0001000 0000010 0010000 1000000 0000100 0100000 0000001 
010000101110000111110 0001000 0000010 0010000 1000000 0100000 0000001 0000100 
000000101110000111110 0001000 0000010 0010000 1000000 0100000 0000100 0000001 
010101101110101111011 0001000 0000010 0100000 0000001 0000100 0010000 1000000 
010101101110101111001 0001000 0000010 0100000 0000001 0000100 1000000 0010000 
010101101110001111011 0001000 0000010 0100000 0000001 0010000 0000100 1000000 
010101101110000111011 0001000 0000010 0100000 0000001 0010000 1000000 0000100 
010101101110100111001 0001000 0000010 0100000 0000001 1000000 0000100 0010000 
010101101110000111001 0001000 0000010 0100000 0000001 1000000 0010000 0000100 
000101101110101111011 0001000 0000010 0100000 0000100 0000001 0010000 1000000 
000101101110101111001 0001000 0000010 0100000 0000100 0000001 1000000 0010000 
000001101110101111011 0001000 0000010 0100000 0000100 0010000 0000001 1000000 
000000101110101111011 0001000 0000010 0100000 0000100 0010000 1000000 0000001 
000100101110101111001 0001000 0000010 0100000 0000100 1000000 0000001 0010000 
000000101110101111001 0001000 0000010 0100000 0000100 1000000 0010000 0000001 
010001101110001111011 0001000 0000010 0100000 0010000 0000001 0000100 1000000 
010001101110000111011 0001000 0000010 0100000 0010000 0000001 1000000 0000100 
000001101110001111011 0001000 0000010 0100000 0010000 0000100 0000001 1000000 
000000101110001111011 0001000 0000010 0100000 0010000 0000100 1000000 0000001 
010000101110000111011 0001000 0000010 0100000 0010000 1000000 0000001 0000100 
000000101110000111011 0001000 0000010 0100000 0010000 1000000 0000100 0000001 
010100101110100111001 0001000 0000010 0100000 1000000 0000001 0000100 0010000 
010100101110000111001 0001000 0000010 0100000 1000000 0000001 0010000 0000100 
000100101110100111001 0001000 0000010 0100000 1000000 0000100 0000001 0010000 
000000101110100111001 0001000 0000010 0100000 1000000 0000100 0010000 0000001 
010000101110000111001 0001000 0000010 0100000 1000000 0010000 0000001 0000100 
000000101110000111001 0001000 0000010 0100000 1000000 0010000 0000100 0000001 
010110101110110111100 0001000 0000010 1000000 0000001 0000100 0010000 0100000 
010110101110110111000 0001000 0000010 1000000 0000001 0000100 0100000 0010000 
010110101110010111100 0001000 0000010 1000000 0000001 0010000 0000100 0100000 
010110101110000111100 0001000 0000010 1000000 0000001 0010000 0100000 0000100 
010110101110100111000 0001000 0000010 1000000 0000001 0100000 0000100 0010000 
010110101110000111000 0001000 0000010 1000000 0000001 0100000 0010000 0000100 
000110101110110111100 0001000 0000010 1000000 0000100 0000001 0010000 0100000 
000110101110110111000 0001000 0000010 1000000 0000100 0000001 0100000 0010000 
000010101110110111100 0001000 0000010 1000000 0000100 0010000 0000001 0100000 
000000101110110111100 0001000 0000010 1000000 0000100 0010000 0100000 0000001 
000100101110110111000 0001000 0000010 1000000 0000100 0100000 0000001 0010000 
000000101110110111000 0001000 0000010 1000000 0000100 0100000 0010000 0000001 
010010101110010111100 0001000 0000010 1000000 0010000 0000001 0000100 0100000 
010010101110000111100 0001000 0000010 1000000 0010000 0000001 0100000 0000100 
000010101110010111100 0001000 0000010 1000000 0010000 0000100 0000001 0100000 
000000101110010111100 0001000 0000010 1000000 0010000 0000100 0100000 0000001 
010000101110000111100 0001000 0000010 1000000 0010000 0100000 0000001 0000100 
000000101110000111100 0001000 0000010 1000000 0010000 0100000 0000100 0000001 
010100101110100111000 0001000 0000010 1000000 0100000 0000001 0000100 0010000 
010100101110000111000 0001000 0000010 1000000 0100000 0000001 0010000 0000100 
000100101110100111000 0001000 0000010 1000000 0100000 0000100 0000001 0010000 
000000101110100111000 0001000 0000010 1000000 0100000 0000100 0010000 0000001 
010000101110000111000 0001000 0000010 1000000 0100000 0010000 0000001 0000100 
000000101110000111000 0001000 0000010 1000000 0100000 0010000 0000100 0000001 
100111001110111111111 0001000 0000100 0000001 0000010 0010000 0100000 1000000 
100111001110111111110 0001000 0000100 0000001 0000010 0010000 1000000 0100000 
100111001110111111011 0001000 0000100 0000001 0000010 0100000 0010000 1000000 
100111001110111111001 0001000 0000100 0000001 0000010 0100000 1000000 0010000 
100111001110111111100 0001000 0000100 0000001 0000010 1000000 0010000 0100000 
100111001110111111000 0001000 0000100 0000001 0000010 1000000 0100000 0010000 
100111000110111111111 0001000 0000100 0000001 0010000 0000010 0100000 1000000 
100111000110111111110 0001000 0000100 0000001 0010000 0000010 1000000 0100000 
100111000010111111111 0001000 0000100 0000001 0010000 0100000 0000010 1000000 
100111000000111111111 0001000 0000100 0000001 0010000 0100000 1000000 0000010 
100111000100111111110 0001000 0000100 0000001 0010000 1000000 0000010 0100000 
100111000000111111110 0001000 0000100 0000001 0010000 1000000 0100000 0000010 
100111001010111111011 0001000 0000100 0000001 0100000 0000010 0010000 1000000 
100111001010111111001 0001000 0000100 0000001 0100000 0000010 1000000 0010000 
100111000010111111011 0001000 0000100 0000001 0100000 0010000 0000010 1000000 
100111000000111111011 0001000 0000100 0000001 0100000 0010000 1000000 0000010 
100111001000111111001 0001000 0000100 0000001 0100000 1000000 0000010 0010000 
100111000000111111001 0001000 0000100 0000001 0100000 1000000 0010000 0000010 
100111001100111111100 0001000 0000100 0000001 1000000 0000010 0010000 0100000 
100111001100111111000 0001000 0000100 0000001 1000000 0000010 0100000 0010000 
100111000100111111100 0001000 0000100 0000001 1000000 0010000 0000010 0100000 
100111000000111111100 0001000 0000100 0000001 1000000 0010000 0100000 0000010 
100111001000111111000 0001000 0000100 0000001 1000000 0100000 0000010 0010000 
100111000000111111000 0001000 0000100 0000001 1000000 0100000 0010000 0000010 
000111001110111111111 0001000 0000100 0000010 0000001 0010000 0100000 1000000 
000111001110111111110 0001000 0000100 0000010 0000001 0010000 1000000 0100000 
000111001110111111011 0001000 0000100 0000010 0000001 0100000 0010000 1000000 
000111001110111111001 0001000 0000100 0000010 0000001 0100000 1000000 0010000 
000111001110111111100 0001000 0000100 0000010 0000001 1000000 0010000 0100000 
000111001110111111000 0001000 0000100 0000010 0000001 1000000 0100000 0010000 
000011001110111111111 0001000 0000100 0000010 0010000 0000001 0100000 1000000 
000011001110111111110 0001000 0000100 0000010 0010000 0000001 1000000 0100000 
000001001110111111111 0001000 0000100 0000010 0010000 0100000 0000001 1000000 
000000001110111111111 0001000 0000100 0000010 0010000 0100000 1000000 0000001 
000010001110111111110 0001000 0000100 0000010 0010000 1000000 0000001 0100000 
000000001110111111110 0001000 0000100 0000010 0010000 1000000 0100000 0000001 
000101001110111111011 0001000 0000100 0000010 0100000 0000001 0010000 1000000 
000101001110111111001 0001000 0000100 0000010 0100000 0000001 1000000 0010000 
000001001110111111011 0001000 0000100 0000010 0100000 0010000 0000001 1000000 
000000001110111111011 0001000 0000100 0000010 0100000 0010000 1000000 0000001 
000100001110111111001 0001000 0000100 0000010 0100000 1000000 0000001 0010000 
000000001110111111001 0001000 0000100 0000010 0100000 1000000 0010000 0000001 
000110001110111111100 0001000 0000100 0000010 1000000 0000001 0010000 0100000 
000110001110111111000 0001000 0000100 0000010 1000000 0000001 0100000 0010000 
000010001110111111100 0001000 0000100 0000010 1000000 0010000 0000001 0100000 
000000001110111111100 0001000 0000100 0000010 1000000 0010000 0100000 0000001 
000100001110111111000 0001000 0000100 0000010 1000000 0100000 0000001 0010000 
000000001110111111000 0001000 0000100 0000010 1000000 0100000 0010000 0000001 
100011000110111111111 0001000 0000100 0010000 0000001 0000010 0100000 1000000 
100011000110111111110 0001000 0000100 0010000 0000001 0000010 1000000 0100000 
100011000010111111111 0001000 0000100 0010000 0000001 0100000 0000010 1000000 
100011000000111111111 0001000 0000100 0010000 0000001 0100000 1000000 0000010 
100011000100111111110 0001000 0000100 0010000 0000001 1000000 0000010 0100000 
100011000000111111110 0001000 0000100 0010000 0000001 1000000 0100000 0000010 
000011000110111111111 0001000 0000100 0010000 0000010 0000001 0100000 1000000 
000011000110111111110 0001000 0000100 0010000 0000010 0000001 1000000 0100000 
000001000110111111111 0001000 0000100 0010000 0000010 0100000 0000001 1000000 
000000000110111111111 0001000 0000100 0010000 0000010 0100000 1000000 0000001 
000010000110111111110 0001000 0000100 0010000 0000010 1000000 0000001 0100000 
000000000110111111110 0001000 0000100 0010000 0000010 1000000 0100000 0000001 
100001000010111111111 0001000 0000100 0010000 0100000 0000001 0000010 1000000 
100001000000111111111 0001000 0000100 0010000 0100000 0000001 1000000 0000010 
000001000010111111111 0001000 0000100 0010000 0100000 0000010 0000001 1000000 
000000000010111111111 0001000 0000100 0010000 0100000 0000010 1000000 0000001 
100000000000111111111 0001000 0000100 0010000 0100000 1000000 0000001 0000010 
000000000000111111111 0001000 0000100 0010000 0100000 1000000 0000010 0000001 
100010000100111111110 0001000 0000100 0010000 1000000 0000001 0000010 0100000 
100010000000111111110 0001000 0000100 0010000 1000000 0000001 0100000 0000010 
000010000100111111110 0001000 0000100 0010000 1000000 0000010 0000001 0100000 
000000000100111111110 0001000 0000100 0010000 1000000 0000010 0100000 0000001 
100000000000111111110 0001000 0000100 0010000 1000000 0100000 0000001 0000010 
000000000000111111110 0001000 0000100 0010000 1000000 0100000 0000010 0000001 
100101001010111111011 0001000 0000100 0100000 0000001 0000010 0010000 1000000 
100101001010111111001 0001000 0000100 0100000 0000001 0000010 1000000 0010000 
100101000010111111011 0001000 0000100 0100000 0000001 0010000 0000010 1000000 
100101000000111111011 0001000 0000100 0100000 0000001 0010000 1000000 0000010 
100101001000111111001 0001000 0000100 0100000 0000001 1000000 0000010 0010000 
100101000000111111001 0001000 0000100 0100000 0000001 1000000 0010000 0000010 
000101001010111111011 0001000 0000100 0100000 0000010 0000001 0010000 1000000 
000101001010111111001 0001000 0000100 0100000 0000010 0000001 1000000 0010000 
000001001010111111011 0001000 0000100 0100000 0000010 0010000 0000001 1000000 
000000001010111111011 0001000 0000100 0100000 0000010 0010000 1000000 0000001 
000100001010111111001 0001000 0000100 0100000 0000010 1000000 0000001 0010000 
000000001010111111001 0001000 0000100 0100000 0000010 1000000 0010000 0000001 
100001000010111111011 0001000 0000100 0100000 0010000 0000001 0000010 1000000 
100001000000111111011 0001000 0000100 0100000 0010000 0000001 1000000 0000010 
000001000010111111011 0001000 0000100 0100000 0010000 0000010 0000001 1000000 
000000000010111111011 0001000 0000100 0100000 0010000 0000010 1000000 0000001 
100000000000111111011 0001000 0000100 0100000 0010000 1000000 0000001 0000010 
000000000000111111011 0001000 0000100 0100000 0010000 1000000 0000010 0000001 
100100001000111111001 0001000 0000100 0100000 1000000 0000001 0000010 0010000 
100100000000111111001 0001000 0000100 0100000 1000000 0000001 0010000 0000010 
000100001000111111001 0001000 0000100 0100000 1000000 0000010 0000001 0010000 
000000001000111111001 0001000 0000100 0100000 1000000 0000010 0010000 0000001 
100000000000111111001 0001000 0000100 0100000 1000000 0010000 0000001 0000010 
000000000000111111001 0001000 0000100 0100000 1000000 0010000 0000010 0000001 
100110001100111111100 0001000 0000100 1000000 0000001 0000010 0010000 0100000 
100110001100111111000 0001000 0000100 1000000 0000001 0000010 0100000 0010000 
100110000100111111100 0001000 0000100 1000000 0000001 0010000 0000010 0100000 
100110000000111111100 0001000 0000100 1000000 0000001 0010000 0100000 0000010 
100110001000111111000 0001000 0000100 1000000 0000001 0100000 0000010 0010000 
100110000000111111000 0001000 0000100 1000000 0000001 0100000 0010000 0000010 
000110001100111111100 0001000 0000100 1000000 0000010 0000001 0010000 0100000 
000110001100111111000 0001000 0000100 1000000 0000010 0000001 0100000 0010000 
000010001100111111100 0001000 0000100 1000000 0000010 0010000 0000001 0100000 
000000001100111111100 0001000 0000100 1000000 0000010 0010000 0100000 0000001 
000100001100111111000 0001000 0000100 1000000 0000010 0100000 0000001 0010000 
000000001100111111000 0001000 0000100 1000000 0000010 0100000 0010000 0000001 
100010000100111111100 0001000 0000100 1000000 0010000 0000001 0000010 0100000 
100010000000111111100 0001000 0000100 1000000 0010000 0000001 0100000 0000010 
000010000100111111100 0001000 0000100 1000000 0010000 0000010 0000001 0100000 
000000000100111111100 0001000 0000100 1000000 0010000 0000010 0100000 0000001 
100000000000111111100 0001000 0000100 1000000 0010000 0100000 0000001 0000010 
000000000000111111100 0001000 0000100 1000000 0010000 0100000 0000010 0000001 
100100001000111111000 0001000 0000100 1000000 0100000 0000001 0000010 0010000 
100100000000111111000 0001000 0000100 1000000 0100000 0000001 0010000 0000010 
000100001000111111000 0001000 0000100 1000000 0100000 0000010 0000001 0010000 
000000001000111111000 0001000 0000100 1000000 0100000 0000010 0010000 0000001 
100000000000111111000 0001000 0000100 1000000 0100000 0010000 0000001 0000010 
000000000000111111000 0001000 0000100 1000000 0100000 0010000 0000010 0000001 
110011100110011111111 0001000 0010000 0000001 0000010 0000100 0100000 1000000 
110011100110011111110 0001000 0010000 0000001 0000010 0000100 1000000 0100000 
110011100110001111111 0001000 0010000 0000001 0000010 0100000 0000100 1000000 
110011100110000111111 0001000 0010000 0000001 0000010 0100000 1000000 0000100 
110011100110010111110 0001000 0010000 0000001 0000010 1000000 0000100 0100000 
110011100110000111110 0001000 0010000 0000001 0000010 1000000 0100000 0000100 
110011000110011111111 0001000 0010000 0000001 0000100 0000010 0100000 1000000 
110011000110011111110 0001000 0010000 0000001 0000100 0000010 1000000 0100000 
110011000010011111111 0001000 0010000 0000001 0000100 0100000 0000010 1000000 
110011000000011111111 0001000 0010000 0000001 0000100 0100000 1000000 0000010 
110011000100011111110 0001000 0010000 0000001 0000100 1000000 0000010 0100000 
110011000000011111110 0001000 0010000 0000001 0000100 1000000 0100000 0000010 
110011100010001111111 0001000 0010000 0000001 0100000 0000010 0000100 1000000 
110011100010000111111 0001000 0010000 0000001 0100000 0000010 1000000 0000100 
110011000010001111111 0001000 0010000 0000001 0100000 0000100 0000010 1000000 
110011000000001111111 0001000 0010000 0000001 0100000 0000100 1000000 0000010 
110011100000000111111 0001000 0010000 0000001 0100000 1000000 0000010 0000100 
110011000000000111111 0001000 0010000 0000001 0100000 1000000 0000100 0000010 
110011100100010111110 0001000 0010000 0000001 1000000 0000010 0000100 0100000 
110011100100000111110 0001000 0010000 0000001 1000000 0000010 0100000 0000100 
110011000100010111110 0001000 0010000 0000001 1000000 0000100 0000010 0100000 
110011000000010111110 0001000 0010000 0000001 1000000 0000100 0100000 0000010 
110011100000000111110 0001000 0010000 0000001 1000000 0100000 0000010 0000100 
110011000000000111110 0001000 0010000 0000001 1000000 0100000 0000100 0000010 
010011100110011111111 0001000 0010000 0000010 0000001 0000100 0100000 1000000 
010011100110011111110 0001000 0010000 0000010 0000001 0000100 1000000 0100000 
010011100110001111111 0001000 0010000 0000010 0000001 0100000 0000100 1000000 
010011100110000111111 0001000 0010000 0000010 0000001 0100000 1000000 0000100 
010011100110010111110 0001000 0010000 0000010 0000001 1000000 0000100 0100000 
010011100110000111110 0001000 0010000 0000010 0000001 1000000 0100000 0000100 
000011100110011111111 0001000 0010000 0000010 0000100 0000001 0100000 1000000 
000011100110011111110 0001000 0010000 0000010 0000100 0000001 1000000 0100000 
000001100110011111111 0001000 0010000 0000010 0000100 0100000 0000001 1000000 
000000100110011111111 0001000 0010000 0000010 0000100 0100000 1000000 0000001 
000010100110011111110 0001000 0010000 0000010 0000100 1000000 0000001 0100000 
000000100110011111110 0001000 0010000 0000010 0000100 1000000 0100000 0000001 
010001100110001111111 0001000 0010000 0000010 0100000 0000001 0000100 1000000 
010001100110000111111 0001000 0010000 0000010 0100000 0000001 1000000 0000100 
000001100110001111111 0001000 0010000 0000010 0100000 0000100 0000001 1000000 
000000100110001111111 0001000 0010000 0000010 0100000 0000100 1000000 0000001 
010000100110000111111 0001000 0010000 0000010 0100000 1000000 0000001 0000100 
000000100110000111111 0001000 0010000 0000010 0100000 1000000 0000100 0000001 
010010100110010111110 0001000 0010000 0000010 1000000 0000001 0000100 0100000 
010010100110000111110 0001000 0010000 0000010 1000000 0000001 0100000 0000100 
000010100110010111110 0001000 0010000 0000010 1000000 0000100 0000001 0100000 
000000100110010111110 0001000 0010000 0000010 1000000 0000100 0100000 0000001 
010000100110000111110 0001000 0010000 0000010 1000000 0100000 0000001 0000100 
000000100110000111110 0001000 0010000 0000010 1000000 0100000 0000100 0000001 
100011000110011111111 0001000 0010000 0000100 0000001 0000010 0100000 1000000 
100011000110011111110 0001000 0010000 0000100 0000001 0000010 1000000 0100000 
100011000010011111111 0001000 0010000 0000100 0000001 0100000 0000010 1000000 
100011000000011111111 0001000 0010000 0000100 0000001 0100000 1000000 0000010 
100011000100011111110 0001000 0010000 0000100 0000001 1000000 0000010 0100000 
100011000000011111110 0001000 0010000 0000100 0000001 1000000 0100000 0000010 
000011000110011111111 0001000 0010000 0000100 0000010 0000001 0100000 1000000 
000011000110011111110 0001000 0010000 0000100 0000010 0000001 1000000 0100000 
000001000110011111111 0001000 0010000 0000100 0000010 0100000 0000001 1000000 
000000000110011111111 0001000 0010000 0000100 0000010 0100000 1000000 0000001 
000010000110011111110 0001000 0010000 0000100 0000010 1000000 0000001 0100000 
000000000110011111110 0001000 0010000 0000100 0000010 1000000 0100000 0000001 
100001000010011111111 0001000 0010000 0000100 0100000 0000001 0000010 1000000 
100001000000011111111 0001000 0010000 0000100 0100000 0000001 1000000 0000010 
000001000010011111111 0001000 0010000 0000100 0100000 0000010 0000001 1000000 
000000000010011111111 0001000 0010000 0000100 0100000 0000010 1000000 0000001 
100000000000011111111 0001000 0010000 0000100 0100000 1000000 0000001 0000010 
000000000000011111111 0001000 0010000 0000100 0100000 1000000 0000010 0000001 
100010000100011111110 0001000 0010000 0000100 1000000 0000001 0000010 0100000 
100010000000011111110 0001000 0010000 0000100 1000000 0000001 0100000 0000010 
000010000100011111110 0001000 0010000 0000100 1000000 0000010 0000001 0100000 
000000000100011111110 0001000 0010000 0000100 1000000 0000010 0100000 0000001 
100000000000011111110 0001000 0010000 0000100 1000000 0100000 0000001 0000010 
000000000000011111110 0001000 0010000 0000100 1000000 0100000 0000010 0000001 
110001100010001111111 0001000 0010000 0100000 0000001 0000010 0000100 1000000 
110001100010000111111 0001000 0010000 0100000 0000001 0000010 1000000 0000100 
110001000010001111111 0001000 0010000 0100000 0000001 0000100 0000010 1000000 
110001000000001111111 0001000 0010000 0100000 0000001 0000100 1000000 0000010 
110001100000000111111 0001000 0010000 0100000 0000001 1000000 0000010 0000100 
110001000000000111111 0001000 0010000 0100000 0000001 1000000 0000100 0000010 
010001100010001111111 0001000 0010000 0100000 0000010 0000001 0000100 1000000 
010001100010000111111 0001000 0010000 0100000 0000010 0000001 1000000 0000100 
000001100010001111111 0001000 0010000 0100000 0000010 0000100 0000001 1000000 
000000100010001111111 0001000 0010000 0100000 0000010 0000100 1000000 0000001 
010000100010000111111 0001000 0010000 0100000 0000010 1000000 0000001 0000100 
000000100010000111111 0001000 0010000 0100000 0000010 1000000 0000100 0000001 
100001000010001111111 0001000 0010000 0100000 0000100 0000001 0000010 1000000 
100001000000001111111 0001000 0010000 0100000 0000100 0000001 1000000 0000010 
000001000010001111111 0001000 0010000 0100000 0000100 0000010 0000001 1000000 
000000000010001111111 0001000 0010000 0100000 0000100 0000010 1000000 0000001 
100000000000001111111 0001000 0010000 0100000 0000100 1000000 0000001 0000010 
000000000000001111111 0001000 0010000 0100000 0000100 1000000 0000010 0000001 
110000100000000111111 0001000 0010000 0100000 1000000 0000001 0000010 0000100 
110000000000000111111 0001000 0010000 0100000 1000000 0000001 0000100 0000010 
010000100000000111111 0001000 0010000 0100000 1000000 0000010 0000001 0000100 
000000100000000111111 0001000 0010000 0100000 1000000 0000010 0000100 0000001 
100000000000000111111 0001000 0010000 0100000 1000000 0000100 0000001 0000010 
000000000000000111111 0001000 0010000 0100000 1000000 0000100 0000010 0000001 
110010100100010111110 0001000 0010000 1000000 0000001 0000010 0000100 0100000 
110010100100000111110 0001000 0010000 1000000 0000001 0000010 0100000 0000100 
110010000100010111110 0001000 0010000 1000000 0000001 0000100 0000010 0100000 
110010000000010111110 0001000 0010000 1000000 0000001 0000100 0100000 0000010 
110010100000000111110 0001000 0010000 1000000 0000001 0100000 0000010 0000100 
110010000000000111110 0001000 0010000 1000000 0000001 0100000 0000100 0000010 
010010100100010111110 0001000 0010000 1000000 0000010 0000001 0000100 0100000 
010010100100000111110 0001000 0010000 1000000 0000010 0000001 0100000 0000100 
000010100100010111110 0001000 0010000 1000000 0000010 0000100 0000001 0100000 
000000100100010111110 0001000 0010000 1000000 0000010 0000100 0100000 0000001 
010000100100000111110 0001000 0010000 1000000 0000010 0100000 0000001 0000100 
000000100100000111110 0001000 0010000 1000000 0000010 0100000 0000100 0000001 
100010000100010111110 0001000 0010000 1000000 0000100 0000001 0000010 0100000 
100010000000010111110 0001000 0010000 1000000 0000100 0000001 0100000 0000010 
000010000100010111110 0001000 0010000 1000000 0000100 0000010 0000001 0100000 
000000000100010111110 0001000 0010000 1000000 0000100 0000010 0100000 0000001 
100000000000010111110 0001000 0010000 1000000 0000100 0100000 0000001 0000010 
000000000000010111110 0001000 0010000 1000000 0000100 0100000 0000010 0000001 
110000100000000111110 0001000 0010000 1000000 0100000 0000001 0000010 0000100 
110000000000000111110 0001000 0010000 1000000 0100000 0000001 0000100 0000010 
010000100000000111110 0001000 0010000 1000000 0100000 0000010 0000001 0000100 
000000100000000111110 0001000 0010000 1000000 0100000 0000010 0000100 0000001 
100000000000000111110 0001000 0010000 1000000 0100000 0000100 0000001 0000010 
000000000000000111110 0001000 0010000 1000000 0100000 0000100 0000010 0000001 
110101101010101111011 0001000 0100000 0000001 0000010 0000100 0010000 1000000 
110101101010101111001 0001000 0100000 0000001 0000010 0000100 1000000 0010000 
110101101010001111011 0001000 0100000 0000001 0000010 0010000 0000100 1000000 
110101101010000111011 0001000 0100000 0000001 0000010 0010000 1000000 0000100 
110101101010100111001 0001000 0100000 0000001 0000010 1000000 0000100 0010000 
110101101010000111001 0001000 0100000 0000001 0000010 1000000 0010000 0000100 
110101001010101111011 0001000 0100000 0000001 0000100 0000010 0010000 1000000 
110101001010101111001 0001000 0100000 0000001 0000100 0000010 1000000 0010000 
110101000010101111011 0001000 0100000 0000001 0000100 0010000 0000010 1000000 
110101000000101111011 0001000 0100000 0000001 0000100 0010000 1000000 0000010 
110101001000101111001 0001000 0100000 0000001 0000100 1000000 0000010 0010000 
110101000000101111001 0001000 0100000 0000001 0000100 1000000 0010000 0000010 
110101100010001111011 0001000 0100000 0000001 0010000 0000010 0000100 1000000 
110101100010000111011 0001000 0100000 0000001 0010000 0000010 1000000 0000100 
110101000010001111011 0001000 0100000 0000001 0010000 0000100 0000010 1000000 
110101000000001111011 0001000 0100000 0000001 0010000 0000100 1000000 0000010 
110101100000000111011 0001000 0100000 0000001 0010000 1000000 0000010 0000100 
110101000000000111011 0001000 0100000 0000001 0010000 1000000 0000100 0000010 
110101101000100111001 0001000 0100000 0000001 1000000 0000010 0000100 0010000 
110101101000000111001 0001000 0100000 0000001 1000000 0000010 0010000 0000100 
110101001000100111001 0001000 0100000 0000001 1000000 0000100 0000010 0010000 
110101000000100111001 0001000 0100000 0000001 1000000 0000100 0010000 0000010 
110101100000000111001 0001000 0100000 0000001 1000000 0010000 0000010 0000100 
110101000000000111001 0001000 0100000 0000001 1000000 0010000 0000100 0000010 
010101101010101111011 0001000 0100000 0000010 0000001 0000100 0010000 1000000 
010101101010101111001 0001000 0100000 0000010 0000001 0000100 1000000 0010000 
010101101010001111011 0001000 0100000 0000010 0000001 0010000 0000100 1000000 
010101101010000111011 0001000 0100000 0000010 0000001 0010000 1000000 0000100 
010101101010100111001 0001000 0100000 0000010 0000001 1000000 0000100 0010000 
010101101010000111001 0001000 0100000 0000010 0000001 1000000 0010000 0000100 
000101101010101111011 0001000 0100000 0000010 0000100 0000001 0010000 1000000 
000101101010101111001 0001000 0100000 0000010 0000100 0000001 1000000 0010000 
000001101010101111011 0001000 0100000 0000010 0000100 0010000 0000001 1000000 
000000101010101111011 0001000 0100000 0000010 0000100 0010000 1000000 0000001 
000100101010101111001 0001000 0100000 0000010 0000100 1000000 0000001 0010000 
000000101010101111001 0001000 0100000 0000010 0000100 1000000 0010000 0000001 
010001101010001111011 0001000 0100000 0000010 0010000 0000001 0000100 1000000 
010001101010000111011 0001000 0100000 0000010 0010000 0000001 1000000 0000100 
000001101010001111011 0001000 0100000 0000010 0010000 0000100 0000001 1000000 
000000101010001111011 0001000 0100000 0000010 0010000 0000100 1000000 0000001 
010000101010000111011 0001000 0100000 0000010 0010000 1000000 0000001 0000100 
000000101010000111011 0001000 0100000 0000010 0010000 1000000 0000100 0000001 
010100101010100111001 0001000 0100000 0000010 1000000 0000001 0000100 0010000 
010100101010000111001 0001000 0100000 0000010 1000000 0000001 0010000 0000100 
000100101010100111001 0001000 0100000 0000010 1000000 0000100 0000001 0010000 
000000101010100111001 0001000 0100000 0000010 1000000 0000100 0010000 0000001 
010000101010000111001 0001000 0100000 0000010 1000000 0010000 0000001 0000100 
000000101010000111001 0001000 0100000 0000010 1000000 0010000 0000100 0000001 
100101001010101111011 0001000 0100000 0000100 0000001 0000010 0010000 1000000 
100101001010101111001 0001000 0100000 0000100 0000001 0000010 1000000 0010000 
100101000010101111011 0001000 0100000 0000100 0000001 0010000 0000010 1000000 
100101000000101111011 0001000 0100000 0000100 0000001 0010000 1000000 0000010 
100101001000101111001 0001000 0100000 0000100 0000001 1000000 0000010 0010000 
100101000000101111001 0001000 0100000 0000100 0000001 1000000 0010000 0000010 
000101001010101111011 0001000 0100000 0000100 0000010 0000001 0010000 1000000 
000101001010101111001 0001000 0100000 0000100 0000010 0000001 1000000 0010000 
000001001010101111011 0001000 0100000 0000100 0000010 0010000 0000001 1000000 
000000001010101111011 0001000 0100000 0000100 0000010 0010000 1000000 0000001 
000100001010101111001 0001000 0100000 0000100 0000010 1000000 0000001 0010000 
000000001010101111001 0001000 0100000 0000100 0000010 1000000 0010000 0000001 
100001000010101111011 0001000 0100000 0000100 0010000 0000001 0000010 1000000 
100001000000101111011 0001000 0100000 0000100 0010000 0000001 1000000 0000010 
000001000010101111011 0001000 0100000 0000100 0010000 0000010 0000001 1000000 
000000000010101111011 0001000 0100000 0000100 0010000 0000010 1000000 0000001 
100000000000101111011 0001000 0100000 0000100 0010000 1000000 0000001 0000010 
000000000000101111011 0001000 0100000 0000100 0010000 1000000 0000010 0000001 
100100001000101111001 0001000 0100000 0000100 1000000 0000001 0000010 0010000 
100100000000101111001 0001000 0100000 0000100 1000000 0000001 0010000 0000010 
000100001000101111001 0001000 0100000 0000100 1000000 0000010 0000001 0010000 
000000001000101111001 0001000 0100000 0000100 1000000 0000010 0010000 0000001 
100000000000101111001 0001000 0100000 0000100 1000000 0010000 0000001 0000010 
000000000000101111001 0001000 0100000 0000100 1000000 0010000 0000010 0000001 
110001100010001111011 0001000 0100000 0010000 0000001 0000010 0000100 1000000 
110001100010000111011 0001000 0100000 0010000 0000001 0000010 1000000 0000100 
110001000010001111011 0001000 0100000 0010000 0000001 0000100 0000010 1000000 
110001000000001111011 0001000 0100000 0010000 0000001 0000100 1000000 0000010 
110001100000000111011 0001000 0100000 0010000 0000001 1000000 0000010 0000100 
110001000000000111011 0001000 0100000 0010000 0000001 1000000 0000100 0000010 
010001100010001111011 0001000 0100000 0010000 0000010 0000001 0000100 1000000 
010001100010000111011 0001000 0100000 0010000 0000010 0000001 1000000 0000100 
000001100010001111011 0001000 0100000 0010000 0000010 0000100 0000001 1000000 
000000100010001111011 0001000 0100000 0010000 0000010 0000100 1000000 0000001 
010000100010000111011 0001000 0100000 0010000 0000010 1000000 0000001 0000100 
000000100010000111011 0001000 0100000 0010000 0000010 1000000 0000100 0000001 
100001000010001111011 0001000 0100000 0010000 0000100 0000001 0000010 1000000 
100001000000001111011 0001000 0100000 0010000 0000100 0000001 1000000 0000010 
000001000010001111011 0001000 0100000 0010000 0000100 0000010 0000001 1000000 
000000000010001111011 0001000 0100000 0010000 0000100 0000010 1000000 0000001 
100000000000001111011 0001000 0100000 0010000 0000100 1000000 0000001 0000010 
000000000000001111011 0001000 0100000 0010000 0000100 1000000 0000010 0000001 
110000100000000111011 0001000 0100000 0010000 1000000 0000001 0000010 0000100 
110000000000000111011 0001000 0100000 0010000 1000000 0000001 0000100 0000010 
010000100000000111011 0001000 0100000 0010000 1000000 0000010 0000001 0000100 
000000100000000111011 0001000 0100000 0010000 1000000 0000010 0000100 0000001 
100000000000000111011 0001000 0100000 0010000 1000000 0000100 0000001 0000010 
000000000000000111011 0001000 0100000 0010000 1000000 0000100 0000010 0000001 
110100101000100111001 0001000 0100000 1000000 0000001 0000010 0000100 0010000 
110100101000000111001 0001000 0100000 1000000 0000001 0000010 0010000 0000100 
110100001000100111001 0001000 0100000 1000000 0000001 0000100 0000010 0010000 
110100000000100111001 0001000 0100000 1000000 0000001 0000100 0010000 0000010 
110100100000000111001 0001000 0100000 1000000 0000001 0010000 0000010 0000100 
110100000000000111001 0001000 0100000 1000000 0000001 0010000 0000100 0000010 
010100101000100111001 0001000 0100000 1000000 0000010 0000001 0000100 0010000 
010100101000000111001 0001000 0100000 1000000 0000010 0000001 0010000 0000100 
000100101000100111001 0001000 0100000 1000000 0000010 0000100 0000001 0010000 
000000101000100111001 0001000 0100000 1000000 0000010 0000100 0010000 0000001 
010000101000000111001 0001000 0100000 1000000 0000010 0010000 0000001 0000100 
000000101000000111001 0001000 0100000 1000000 0000010 0010000 0000100 0000001 
100100001000100111001 0001000 0100000 1000000 0000100 0000001 0000010 0010000 
100100000000100111001 0001000 0100000 1000000 0000100 0000001 0010000 0000010 
000100001000100111001 0001000 0100000 1000000 0000100 0000010 0000001 0010000 
000000001000100111001 0001000 0100000 1000000 0000100 0000010 0010000 0000001 
100000000000100111001 0001000 0100000 1000000 0000100 0010000 0000001 0000010 
000000000000100111001 0001000 0100000 1000000 0000100 0010000 0000010 0000001 
110000100000000111001 0001000 0100000 1000000 0010000 0000001 0000010 0000100 
110000000000000111001 0001000 0100000 1000000 0010000 0000001 0000100 0000010 
010000100000000111001 0001000 0100000 1000000 0010000 0000010 0000001 0000100 
000000100000000111001 0001000 0100000 1000000 0010000 0000010 0000100 0000001 
100000000000000111001 0001000 0100000 1000000 0010000 0000100 0000001 0000010 
000000000000000111001 0001000 0100000 1000000 0010000 0000100 0000010 0000001 
110110101100110111100 0001000 1000000 0000001 0000010 0000100 0010000 0100000 
110110101100110111000 0001000 1000000 0000001 0000010 0000100 0100000 0010000 
110110101100010111100 0001000 1000000 0000001 0000010 0010000 0000100 0100000 
110110101100000111100 0001000 1000000 0000001 0000010 0010000 0100000 0000100 
110110101100100111000 0001000 1000000 0000001 0000010 0100000 0000100 0010000 
110110101100000111000 0001000 1000000 0000001 0000010 0100000 0010000 0000100 
110110001100110111100 0001000 1000000 0000001 0000100 0000010 0010000 0100000 
110110001100110111000 0001000 1000000 0000001 0000100 0000010 0100000 0010000 
110110000100110111100 0001000 1000000 0000001 0000100 0010000 0000010 0100000 
110110000000110111100 0001000 1000000 0000001 0000100 0010000 0100000 0000010 
110110001000110111000 0001000 1000000 0000001 0000100 0100000 0000010 0010000 
110110000000110111000 0001000 1000000 0000001 0000100 0100000 0010000 0000010 
110110100100010111100 0001000 1000000 0000001 0010000 0000010 0000100 0100000 
110110100100000111100 0001000 1000000 0000001 0010000 0000010 0100000 0000100 
110110000100010111100 0001000 1000000 0000001 0010000 0000100 0000010 0100000 
110110000000010111100 0001000 1000000 0000001 0010000 0000100 0100000 0000010 
110110100000000111100 0001000 1000000 0000001 0010000 0100000 0000010 0000100 
110110000000000111100 0001000 1000000 0000001 0010000 0100000 0000100 0000010 
110110101000100111000 0001000 1000000 0000001 0100000 0000010 0000100 0010000 
110110101000000111000 0001000 1000000 0000001 0100000 0000010 0010000 0000100 
110110001000100111000 0001000 1000000 0000001 0100000 0000100 0000010 0010000 
110110000000100111000 0001000 1000000 0000001 0100000 0000100 0010000 0000010 
110110100000000111000 0001000 1000000 0000001 0100000 0010000 0000010 0000100 
110110000000000111000 0001000 1000000 0000001 0100000 0010000 0000100 0000010 
010110101100110111100 0001000 1000000 0000010 0000001 0000100 0010000 0100000 
010110101100110111000 0001000 1000000 0000010 0000001 0000100 0100000 0010000 
010110101100010111100 0001000 1000000 0000010 0000001 0010000 0000100 0100000 
010110101100000111100 0001000 1000000 0000010 0000001 0010000 0100000 0000100 
010110101100100111000 0001000 1000000 0000010 0000001 0100000 0000100 0010000 
010110101100000111000 0001000 1000000 0000010 0000001 0100000 0010000 0000100 
000110101100110111100 0001000 1000000 0000010 0000100 0000001 0010000 0100000 
000110101100110111000 0001000 1000000 0000010 0000100 0000001 0100000 0010000 
000010101100110111100 0001000 1000000 0000010 0000100 0010000 0000001 0100000 
000000101100110111100 0001000 1000000 0000010 0000100 0010000 0100000 0000001 
000100101100110111000 0001000 1000000 0000010 0000100 0100000 0000001 0010000 
000000101100110111000 0001000 1000000 0000010 0000100 0100000 0010000 0000001 
010010101100010111100 0001000 1000000 0000010 0010000 0000001 0000100 0100000 
010010101100000111100 0001000 1000000 0000010 0010000 0000001 0100000 0000100 
000010101100010111100 0001000 1000000 0000010 0010000 0000100 0000001 0100000 
000000101100010111100 0001000 1000000 0000010 0010000 0000100 0100000 0000001 
010000101100000111100 0001000 1000000 0000010 0010000 0100000 0000001 0000100 
000000101100000111100 0001000 1000000 0000010 0010000 0100000 0000100 0000001 
010100101100100111000 0001000 1000000 0000010 0100000 0000001 0000100 0010000 
010100101100000111000 0001000 1000000 0000010 0100000 0000001 0010000 0000100 
000100101100100111000 0001000 1000000 0000010 0100000 0000100 0000001 0010000 
000000101100100111000 0001000 1000000 0000010 0100000 0000100 0010000 0000001 
010000101100000111000 0001000 1000000 0000010 0100000 0010000 0000001 0000100 
000000101100000111000 0001000 1000000 0000010 0100000 0010000 0000100 0000001 
100110001100110111100 0001000 1000000 0000100 0000001 0000010 0010000 0100000 
100110001100110111000 0001000 1000000 0000100 0000001 0000010 0100000 0010000 
100110000100110111100 0001000 1000000 0000100 0000001 0010000 0000010 0100000 
100110000000110111100 0001000 1000000 0000100 0000001 0010000 0100000 0000010 
100110001000110111000 0001000 1000000 0000100 0000001 0100000 0000010 0010000 
100110000000110111000 0001000 1000000 0000100 0000001 0100000 0010000 0000010 
000110001100110111100 0001000 1000000 0000100 0000010 0000001 0010000 0100000 
000110001100110111000 0001000 1000000 0000100 0000010 0000001 0100000 0010000 
000010001100110111100 0001000 1000000 0000100 0000010 0010000 0000001 0100000 
000000001100110111100 0001000 1000000 0000100 0000010 0010000 0100000 0000001 
000100001100110111000 0001000 1000000 0000100 0000010 0100000 0000001 0010000 
000000001100110111000 0001000 1000000 0000100 0000010 0100000 0010000 0000001 
100010000100110111100 0001000 1000000 0000100 0010000 0000001 0000010 0100000 
100010000000110111100 0001000 1000000 0000100 0010000 0000001 0100000 0000010 
000010000100110111100 0001000 1000000 0000100 0010000 0000010 0000001 0100000 
000000000100110111100 0001000 1000000 0000100 0010000 0000010 0100000 0000001 
100000000000110111100 0001000 1000000 0000100 0010000 0100000 0000001 0000010 
000000000000110111100 0001000 1000000 0000100 0010000 0100000 0000010 0000001 
100100001000110111000 0001000 1000000 0000100 0100000 0000001 0000010 0010000 
100100000000110111000 0001000 1000000 0000100 0100000 0000001 0010000 0000010 
000100001000110111000 0001000 1000000 0000100 0100000 0000010 0000001 0010000 
000000001000110111000 0001000 1000000 0000100 0100000 0000010 0010000 0000001 
100000000000110111000 0001000 1000000 0000100 0100000 0010000 0000001 0000010 
000000000000110111000 0001000 1000000 0000100 0100000 0010000 0000010 0000001 
110010100100010111100 0001000 1000000 0010000 0000001 0000010 0000100 0100000 
110010100100000111100 0001000 1000000 0010000 0000001 0000010 0100000 0000100 
110010000100010111100 0001000 1000000 0010000 0000001 0000100 0000010 0100000 
110010000000010111100 0001000 1000000 0010000 0000001 0000100 0100000 0000010 
110010100000000111100 0001000 1000000 0010000 0000001 0100000 0000010 0000100 
110010000000000111100 0001000 1000000 0010000 0000001 0100000 0000100 0000010 
010010100100010111100 0001000 1000000 0010000 0000010 0000001 0000100 0100000 
010010100100000111100 0001000 1000000 0010000 0000010 0000001 0100000 0000100 
000010100100010111100 0001000 1000000 0010000 0000010 0000100 0000001 0100000 
000000100100010111100 0001000 1000000 0010000 0000010 0000100 0100000 0000001 
010000100100000111100 0001000 1000000 0010000 0000010 0100000 0000001 0000100 
000000100100000111100 0001000 1000000 0010000 0000010 0100000 0000100 0000001 
100010000100010111100 0001000 1000000 0010000 0000100 0000001 0000010 0100000 
100010000000010111100 0001000 1000000 0010000 0000100 0000001 0100000 0000010 
000010000100010111100 0001000 1000000 0010000 0000100 0000010 0000001 0100000 
000000000100010111100 0001000 1000000 0010000 0000100 0000010 0100000 0000001 
100000000000010111100 0001000 1000000 0010000 0000100 0100000 0000001 0000010 
000000000000010111100 0001000 1000000 0010000 0000100 0100000 0000010 0000001 
110000100000000111100 0001000 1000000 0010000 0100000 0000001 0000010 0000100 
110000000000000111100 0001000 1000000 0010000 0100000 0000001 0000100 0000010 
010000100000000111100 0001000 1000000 0010000 0100000 0000010 0000001 0000100 
000000100000000111100 0001000 1000000 0010000 0100000 0000010 0000100 0000001 
100000000000000111100 0001000 1000000 0010000 0100000 0000100 0000001 0000010 
000000000000000111100 0001000 1000000 0010000 0100000 0000100 0000010 0000001 
110100101000100111000 0001000 1000000 0100000 0000001 0000010 0000100 0010000 
110100101000000111000 0001000 1000000 0100000 0000001 0000010 0010000 0000100 
110100001000100111000 0001000 1000000 0100000 0000001 0000100 0000010 0010000 
110100000000100111000 0001000 1000000 0100000 0000001 0000100 0010000 0000010 
110100100000000111000 0001000 1000000 0100000 0000001 0010000 0000010 0000100 
110100000000000111000 0001000 1000000 0100000 0000001 0010000 0000100 0000010 
010100101000100111000 0001000 1000000 0100000 0000010 0000001 0000100 0010000 
010100101000000111000 0001000 1000000 0100000 0000010 0000001 0010000 0000100 
000100101000100111000 0001000 1000000 0100000 0000010 0000100 0000001 0010000 
000000101000100111000 0001000 1000000 0100000 0000010 0000100 0010000 0000001 
010000101000000111000 0001000 1000000 0100000 0000010 0010000 0000001 0000100 
000000101000000111000 0001000 1000000 0100000 0000010 0010000 0000100 0000001 
100100001000100111000 0001000 1000000 0100000 0000100 0000001 0000010 0010000 
100100000000100111000 0001000 1000000 0100000 0000100 0000001 0010000 0000010 
000100001000100111000 0001000 1000000 0100000 0000100 0000010 0000001 0010000 
000000001000100111000 0001000 1000000 0100000 0000100 0000010 0010000 0000001 
100000000000100111000 0001000 1000000 0100000 0000100 0010000 0000001 0000010 
000000000000100111000 0001000 1000000 0100000 0000100 0010000 0000010 0000001 
110000100000000111000 0001000 1000000 0100000 0010000 0000001 0000010 0000100 
110000000000000111000 0001000 1000000 0100000 0010000 0000001 0000100 0000010 
010000100000000111000 0001000 1000000 0100000 0010000 0000010 0000001 0000100 
000000100000000111000 0001000 1000000 0100000 0010000 0000010 0000100 0000001 
100000000000000111000 0001000 1000000 0100000 0010000 0000100 0000001 0000010 
000000000000000111000 0001000 1000000 0100000 0010000 0000100 0000010 0000001 
111011110111011011111 0010000 0000001 0000010 0000100 0001000 0100000 1000000 
111011110111011011110 0010000 0000001 0000010 0000100 0001000 1000000 0100000 
111011110111011001111 0010000 0000001 0000010 0000100 0100000 0001000 1000000 
111011110111011000111 0010000 0000001 0000010 0000100 0100000 1000000 0001000 
111011110111011010110 0010000 0000001 0000010 0000100 1000000 0001000 0100000 
111011110111011000110 0010000 0000001 0000010 0000100 1000000 0100000 0001000 
111011110110011011111 0010000 0000001 0000010 0001000 0000100 0100000 1000000 
111011110110011011110 0010000 0000001 0000010 0001000 0000100 1000000 0100000 
111011110110001011111 0010000 0000001 0000010 0001000 0100000 0000100 1000000 
111011110110000011111 0010000 0000001 0000010 0001000 0100000 1000000 0000100 
111011110110010011110 0010000 0000001 0000010 0001000 1000000 0000100 0100000 
111011110110000011110 0010000 0000001 0000010 0001000 1000000 0100000 0000100 
111011110111001001111 0010000 0000001 0000010 0100000 0000100 0001000 1000000 
111011110111001000111 0010000 0000001 0000010 0100000 0000100 1000000 0001000 
111011110110001001111 0010000 0000001 0000010 0100000 0001000 0000100 1000000 
111011110110000001111 0010000 0000001 0000010 0100000 0001000 1000000 0000100 
111011110111000000111 0010000 0000001 0000010 0100000 1000000 0000100 0001000 
111011110110000000111 0010000 0000001 0000010 0100000 1000000 0001000 0000100 
111011110111010010110 0010000 0000001 0000010 1000000 0000100 0001000 0100000 
111011110111010000110 0010000 0000001 0000010 1000000 0000100 0100000 0001000 
111011110110010010110 0010000 0000001 0000010 1000000 0001000 0000100 0100000 
111011110110000010110 0010000 0000001 0000010 1000000 0001000 0100000 0000100 
111011110111000000110 0010000 0000001 0000010 1000000 0100000 0000100 0001000 
111011110110000000110 0010000 0000001 0000010 1000000 0100000 0001000 0000100 
111011010111011011111 0010000 0000001 0000100 0000010 0001000 0100000 1000000 
111011010111011011110 0010000 0000001 0000100 0000010 0001000 1000000 0100000 
111011010111011001111 0010000 0000001 0000100 0000010 0100000 0001000 1000000 
111011010111011000111 0010000 0000001 0000100 0000010 0100000 1000000 0001000 
111011010111011010110 0010000 0000001 0000100 0000010 1000000 0001000 0100000 
111011010111011000110 0010000 0000001 0000100 0000010 1000000 0100000 0001000 
111011000111011011111 0010000 0000001 0000100 0001000 0000010 0100000 1000000 
111011000111011011110 0010000 0000001 0000100 0001000 0000010 1000000 0100000 
111011000011011011111 0010000 0000001 0000100 0001000 0100000 0000010 1000000 
111011000001011011111 0010000 0000001 0000100 0001000 0100000 1000000 0000010 
111011000101011011110 0010000 0000001 0000100 0001000 1000000 0000010 0100000 
111011000001011011110 0010000 0000001 0000100 0001000 1000000 0100000 0000010 
111011010011011001111 0010000 0000001 0000100 0100000 0000010 0001000 1000000 
111011010011011000111 0010000 0000001 0000100 0100000 0000010 1000000 0001000 
111011000011011001111 0010000 0000001 0000100 0100000 0001000 0000010 1000000 
111011000001011001111 0010000 0000001 0000100 0100000 0001000 1000000 0000010 
111011010001011000111 0010000 0000001 0000100 0100000 1000000 0000010 0001000 
111011000001011000111 0010000 0000001 0000100 0100000 1000000 0001000 0000010 
111011010101011010110 0010000 0000001 0000100 1000000 0000010 0001000 0100000 
111011010101011000110 0010000 0000001 0000100 1000000 0000010 0100000 0001000 
111011000101011010110 0010000 0000001 0000100 1000000 0001000 0000010 0100000 
111011000001011010110 0010000 0000001 0000100 1000000 0001000 0100000 0000010 
111011010001011000110 0010000 0000001 0000100 1000000 0100000 0000010 0001000 
111011000001011000110 0010000 0000001 0000100 1000000 0100000 0001000 0000010 
111011100110011011111 0010000 0000001 0001000 0000010 0000100 0100000 1000000 
111011100110011011110 0010000 0000001 0001000 0000010 0000100 1000000 0100000 
111011100110001011111 0010000 0000001 0001000 0000010 0100000 0000100 1000000 
111011100110000011111 0010000 0000001 0001000 0000010 0100000 1000000 0000100 
111011100110010011110 0010000 0000001 0001000 0000010 1000000 0000100 0100000 
111011100110000011110 0010000 0000001 0001000 0000010 1000000 0100000 0000100 
111011000110011011111 0010000 0000001 0001000 0000100 0000010 0100000 1000000 
111011000110011011110 0010000 0000001 0001000 0000100 0000010 1000000 0100000 
111011000010011011111 0010000 0000001 0001000 0000100 0100000 0000010 1000000 
111011000000011011111 0010000 0000001 0001000 0000100 0100000 1000000 0000010 
111011000100011011110 0010000 0000001 0001000 0000100 1000000 0000010 0100000 
111011000000011011110 0010000 0000001 0001000 0000100 1000000 0100000 0000010 
111011100010001011111 0010000 0000001 0001000 0100000 0000010 0000100 1000000 
111011100010000011111 0010000 0000001 0001000 0100000 0000010 1000000 0000100 
111011000010001011111 0010000 0000001 0001000 0100000 0000100 0000010 1000000 
111011000000001011111 0010000 0000001 0001000 0100000 0000100 1000000 0000010 
111011100000000011111 0010000 0000001 0001000 0100000 1000000 0000010 0000100 
111011000000000011111 0010000 0000001 0001000 0100000 1000000 0000100 0000010 
111011100100010011110 0010000 0000001 0001000 1000000 0000010 0000100 0100000 
111011100100000011110 0010000 0000001 0001000 1000000 0000010 0100000 0000100 
111011000100010011110 0010000 0000001 0001000 1000000 0000100 0000010 0100000 
111011000000010011110 0010000 0000001 0001000 1000000 0000100 0100000 0000010 
111011100000000011110 0010000 0000001 0001000 1000000 0100000 0000010 0000100 
111011000000000011110 0010000 0000001 0001000 1000000 0100000 0000100 0000010 
111011110011001001111 0010000 0000001 0100000 0000010 0000100 0001000 1000000 
111011110011001000111 0010000 0000001 0100000 0000010 0000100 1000000 0001000 
111011110010001001111 0010000 0000001 0100000 0000010 0001000 0000100 1000000 
111011110010000001111 0010000 0000001 0100000 0000010 0001000 1000000 0000100 
111011110011000000111 0010000 0000001 0100000 0000010 1000000 0000100 0001000 
111011110010000000111 0010000 0000001 0100000 0000010 1000000 0001000 0000100 
111011010011001001111 0010000 0000001 0100000 0000100 0000010 0001000 1000000 
111011010011001000111 0010000 0000001 0100000 0000100 0000010 1000000 0001000 
111011000011001001111 0010000 0000001 0100000 0000100 0001000 0000010 1000000 
111011000001001001111 0010000 0000001 0100000 0000100 0001000 1000000 0000010 
111011010001001000111 0010000 0000001 0100000 0000100 1000000 0000010 0001000 
111011000001001000111 0010000 0000001 0100000 0000100 1000000 0001000 0000010 
111011100010001001111 0010000 0000001 0100000 0001000 0000010 0000100 1000000 
111011100010000001111 0010000 0000001 0100000 0001000 0000010 1000000 0000100 
111011000010001001111 0010000 0000001 0100000 0001000 0000100 0000010 1000000 
111011000000001001111 0010000 0000001 0100000 0001000 0000100 1000000 0000010 
111011100000000001111 0010000 0000001 0100000 0001000 1000000 0000010 0000100 
111011000000000001111 0010000 0000001 0100000 0001000 1000000 0000100 0000010 
111011110001000000111 0010000 0000001 0100000 1000000 0000010 0000100 0001000 
111011110000000000111 0010000 0000001 0100000 1000000 0000010 0001000 0000100 
111011010001000000111 0010000 0000001 0100000 1000000 0000100 0000010 0001000 
111011000001000000111 0010000 0000001 0100000 1000000 0000100 0001000 0000010 
111011100000000000111 0010000 0000001 0100000 1000000 0001000 0000010 0000100 
111011000000000000111 0010000 0000001 0100000 1000000 0001000 0000100 0000010 
111011110101010010110 0010000 0000001 1000000 0000010 0000100 0001000 0100000 
111011110101010000110 0010000 0000001 1000000 0000010 0000100 0100000 0001000 
111011110100010010110 0010000 0000001 1000000 0000010 0001000 0000100 0100000 
111011110100000010110 0010000 0000001 1000000 0000010 0001000 0100000 0000100 
111011110101000000110 0010000 0000001 1000000 0000010 0100000 0000100 0001000 
111011110100000000110 0010000 0000001 1000000 0000010 0100000 0001000 0000100 
111011010101010010110 0010000 0000001 1000000 0000100 0000010 0001000 0100000 
111011010101010000110 0010000 0000001 1000000 0000100 0000010 0100000 0001000 
111011000101010010110 0010000 0000001 1000000 0000100 0001000 0000010 0100000 
111011000001010010110 0010000 0000001 1000000 0000100 0001000 0100000 0000010 
111011010001010000110 0010000 0000001 1000000 0000100 0100000 0000010 0001000 
111011000001010000110 0010000 0000001 1000000 0000100 0100000 0001000 0000010 
111011100100010010110 0010000 0000001 1000000 0001000 0000010 0000100 0100000 
111011100100000010110 0010000 0000001 1000000 0001000 0000010 0100000 0000100 
111011000100010010110 0010000 0000001 1000000 0001000 0000100 0000010 0100000 
111011000000010010110 0010000 0000001 1000000 0001000 0000100 0100000 0000010 
111011100000000010110 0010000 0000001 1000000 0001000 0100000 0000010 0000100 
111011000000000010110 0010000 0000001 1000000 0001000 0100000 0000100 0000010 
111011110001000000110 0010000 0000001 1000000 0100000 0000010 0000100 0001000 
111011110000000000110 0010000 0000001 1000000 0100000 0000010 0001000 0000100 
111011010001000000110 0010000 0000001 1000000 0100000 0000100 0000010 0001000 
111011000001000000110 0010000 0000001 1000000 0100000 0000100 0001000 0000010 
111011100000000000110 0010000 0000001 1000000 0100000 0001000 0000010 0000100 
111011000000000000110 0010000 0000001 1000000 0100000 0001000 0000100 0000010 
011011110111011011111 0010000 0000010 0000001 0000100 0001000 0100000 1000000 
011011110111011011110 0010000 0000010 0000001 0000100 0001000 1000000 0100000 
011011110111011001111 0010000 0000010 0000001 0000100 0100000 0001000 1000000 
011011110111011000111 0010000 0000010 0000001 0000100 0100000 1000000 0001000 
011011110111011010110 0010000 0000010 0000001 0000100 1000000 0001000 0100000 
011011110111011000110 0010000 0000010 0000001 0000100 1000000 0100000 0001000 
011011110110011011111 0010000 0000010 0000001 0001000 0000100 0100000 1000000 
011011110110011011110 0010000 0000010 0000001 0001000 0000100 1000000 0100000 
011011110110001011111 0010000 0000010 0000001 0001000 0100000 0000100 1000000 
011011110110000011111 0010000 0000010 0000001 0001000 0100000 1000000 0000100 
011011110110010011110 0010000 0000010 0000001 0001000 1000000 0000100 0100000 
011011110110000011110 0010000 0000010 0000001 0001000 1000000 0100000 0000100 
011011110111001001111 0010000 0000010 0000001 0100000 0000100 0001000 1000000 
011011110111001000111 0010000 0000010 0000001 0100000 0000100 1000000 0001000 
011011110110001001111 0010000 0000010 0000001 0100000 0001000 0000100 1000000 
011011110110000001111 0010000 0000010 0000001 0100000 0001000 1000000 0000100 
011011110111000000111 0010000 0000010 0000001 0100000 1000000 0000100 0001000 
011011110110000000111 0010000 0000010 0000001 0100000 1000000 0001000 0000100 
011011110111010010110 0010000 0000010 0000001 1000000 0000100 0001000 0100000 
011011110111010000110 0010000 0000010 0000001 1000000 0000100 0100000 0001000 
011011110110010010110 0010000 0000010 0000001 1000000 0001000 0000100 0100000 
011011110110000010110 0010000 0000010 0000001 1000000 0001000 0100000 0000100 
011011110111000000110 0010000 0000010 0000001 1000000 0100000 0000100 0001000 
011011110110000000110 0010000 0000010 0000001 1000000 0100000 0001000 0000100 
001011110111011011111 0010000 0000010 0000100 0000001 0001000 0100000 1000000 
001011110111011011110 0010000 0000010 0000100 0000001 0001000 1000000 0100000 
001011110111011001111 0010000 0000010 0000100 0000001 0100000 0001000 1000000 
001011110111011000111 0010000 0000010 0000100 0000001 0100000 1000000 0001000 
001011110111011010110 0010000 0000010 0000100 0000001 1000000 0001000 0100000 
001011110111011000110 0010000 0000010 0000100 0000001 1000000 0100000 0001000 
000011110111011011111 0010000 0000010 0000100 0001000 0000001 0100000 1000000 
000011110111011011110 0010000 0000010 0000100 0001000 0000001 1000000 0100000 
000001110111011011111 0010000 0000010 0000100 0001000 0100000 0000001 1000000 
000000110111011011111 0010000 0000010 0000100 0001000 0100000 1000000 0000001 
000010110111011011110 0010000 0000010 0000100 0001000 1000000 0000001 0100000 
000000110111011011110 0010000 0000010 0000100 0001000 1000000 0100000 0000001 
001001110111011001111 0010000 0000010 0000100 0100000 0000001 0001000 1000000 
001001110111011000111 0010000 0000010 0000100 0100000 0000001 1000000 0001000 
000001110111011001111 0010000 0000010 0000100 0100000 0001000 0000001 1000000 
000000110111011001111 0010000 0000010 0000100 0100000 0001000 1000000 0000001 
001000110111011000111 0010000 0000010 0000100 0100000 1000000 0000001 0001000 
000000110111011000111 0010000 0000010 0000100 0100000 1000000 0001000 0000001 
001010110111011010110 0010000 0000010 0000100 1000000 0000001 0001000 0100000 
001010110111011000110 0010000 0000010 0000100 1000000 0000001 0100000 0001000 
000010110111011010110 0010000 0000010 0000100 1000000 0001000 0000001 0100000 
000000110111011010110 0010000 0000010 0000100 1000000 0001000 0100000 0000001 
001000110111011000110 0010000 0000010 0000100 1000000 0100000 0000001 0001000 
000000110111011000110 0010000 0000010 0000100 1000000 0100000 0001000 0000001 
010011110110011011111 0010000 0000010 0001000 0000001 0000100 0100000 1000000 
010011110110011011110 0010000 0000010 0001000 0000001 0000100 1000000 0100000 
010011110110001011111 0010000 0000010 0001000 0000001 0100000 0000100 1000000 
010011110110000011111 0010000 0000010 0001000 0000001 0100000 1000000 0000100 
010011110110010011110 0010000 0000010 0001000 0000001 1000000 0000100 0100000 
010011110110000011110 0010000 0000010 0001000 0000001 1000000 0100000 0000100 
000011110110011011111 0010000 0000010 0001000 0000100 0000001 0100000 1000000 
000011110110011011110 0010000 0000010 0001000 0000100 0000001 1000000 0100000 
000001110110011011111 0010000 0000010 0001000 0000100 0100000 0000001 1000000 
000000110110011011111 0010000 0000010 0001000 0000100 0100000 1000000 0000001 
000010110110011011110 0010000 0000010 0001000 0000100 1000000 0000001 0100000 
000000110110011011110 0010000 0000010 0001000 0000100 1000000 0100000 0000001 
010001110110001011111 0010000 0000010 0001000 0100000 0000001 0000100 1000000 
010001110110000011111 0010000 0000010 0001000 0100000 0000001 1000000 0000100 
000001110110001011111 0010000 0000010 0001000 0100000 0000100 0000001 1000000 
000000110110001011111 0010000 0000010 0001000 0100000 0000100 1000000 0000001 
010000110110000011111 0010000 0000010 0001000 0100000 1000000 0000001 0000100 
000000110110000011111 0010000 0000010 0001000 0100000 1000000 0000100 0000001 
010010110110010011110 0010000 0000010 0001000 1000000 0000001 0000100 0100000 
010010110110000011110 0010000 0000010 0001000 1000000 0000001 0100000 0000100 
000010110110010011110 0010000 0000010 0001000 1000000 0000100 0000001 0100000 
000000110110010011110 0010000 0000010 0001000 1000000 0000100 0100000 0000001 
010000110110000011110 0010000 0000010 0001000 1000000 0100000 0000001 0000100 
000000110110000011110 0010000 0000010 0001000 1000000 0100000 0000100 0000001 
011001110111001001111 0010000 0000010 0100000 0000001 0000100 0001000 1000000 
011001110111001000111 0010000 0000010 0100000 0000001 0000100 1000000 0001000 
011001110110001001111 0010000 0000010 0100000 0000001 0001000 0000100 1000000 
011001110110000001111 0010000 0000010 0100000 0000001 0001000 1000000 0000100 
011001110111000000111 0010000 0000010 0100000 0000001 1000000 0000100 0001000 
011001110110000000111 0010000 0000010 0100000 0000001 1000000 0001000 0000100 
001001110111001001111 0010000 0000010 0100000 0000100 0000001 0001000 1000000 
001001110111001000111 0010000 0000010 0100000 0000100 0000001 1000000 0001000 
000001110111001001111 0010000 0000010 0100000 0000100 0001000 0000001 1000000 
000000110111001001111 0010000 0000010 0100000 0000100 0001000 1000000 0000001 
001000110111001000111 0010000 0000010 0100000 0000100 1000000 0000001 0001000 
000000110111001000111 0010000 0000010 0100000 0000100 1000000 0001000 0000001 
010001110110001001111 0010000 0000010 0100000 0001000 0000001 0000100 1000000 
010001110110000001111 0010000 0000010 0100000 0001000 0000001 1000000 0000100 
000001110110001001111 0010000 0000010 0100000 0001000 0000100 0000001 1000000 
000000110110001001111 0010000 0000010 0100000 0001000 0000100 1000000 0000001 
010000110110000001111 0010000 0000010 0100000 0001000 1000000 0000001 0000100 
000000110110000001111 0010000 0000010 0100000 0001000 1000000 0000100 0000001 
011000110111000000111 0010000 0000010 0100000 1000000 0000001 0000100 0001000 
011000110110000000111 0010000 0000010 0100000 1000000 0000001 0001000 0000100 
001000110111000000111 0010000 0000010 0100000 1000000 0000100 0000001 0001000 
000000110111000000111 0010000 0000010 0100000 1000000 0000100 0001000 0000001 
010000110110000000111 0010000 0000010 0100000 1000000 0001000 0000001 0000100 
000000110110000000111 0010000 0000010 0100000 1000000 0001000 0000100 0000001 
011010110111010010110 0010000 0000010 1000000 0000001 0000100 0001000 0100000 
011010110111010000110 0010000 0000010 1000000 0000001 0000100 0100000 0001000 
011010110110010010110 0010000 0000010 1000000 0000001 0001000 0000100 0100000 
011010110110000010110 0010000 0000010 1000000 0000001 0001000 0100000 0000100 
011010110111000000110 0010000 0000010 1000000 0000001 0100000 0000100 0001000 
011010110110000000110 0010000 0000010 1000000 0000001 0100000 0001000 0000100 
001010110111010010110 0010000 0000010 1000000 0000100 0000001 0001000 0100000 
001010110111010000110 0010000 0000010 1000000 0000100 0000001 0100000 0001000 
000010110111010010110 0010000 0000010 1000000 0000100 0001000 0000001 0100000 
000000110111010010110 0010000 0000010 1000000 0000100 0001000 0100000 0000001 
001000110111010000110 0010000 0000010 1000000 0000100 0100000 0000001 0001000 
000000110111010000110 0010000 0000010 1000000 0000100 0100000 0001000 0000001 
010010110110010010110 0010000 0000010 1000000 0001000 0000001 0000100 0100000 
010010110110000010110 0010000 0000010 1000000 0001000 0000001 0100000 0000100 
000010110110010010110 0010000 0000010 1000000 0001000 0000100 0000001 0100000 
000000110110010010110 0010000 0000010 1000000 0001000 0000100 0100000 0000001 
010000110110000010110 0010000 0000010 1000000 0001000 0100000 0000001 0000100 
000000110110000010110 0010000 0000010 1000000 0001000 0100000 0000100 0000001 
011000110111000000110 0010000 0000010 1000000 0100000 0000001 0000100 0001000 
011000110110000000110 0010000 0000010 1000000 0100000 0000001 0001000 0000100 
001000110111000000110 0010000 0000010 1000000 0100000 0000100 0000001 0001000 
000000110111000000110 0010000 0000010 1000000 0100000 0000100 0001000 0000001 
010000110110000000110 0010000 0000010 1000000 0100000 0001000 0000001 0000100 
000000110110000000110 0010000 0000010 1000000 0100000 0001000 0000100 0000001 
101011010111011011111 0010000 0000100 0000001 0000010 0001000 0100000 1000000 
101011010111011011110 0010000 0000100 0000001 0000010 0001000 1000000 0100000 
101011010111011001111 0010000 0000100 0000001 0000010 0100000 0001000 1000000 
101011010111011000111 0010000 0000100 0000001 0000010 0100000 1000000 0001000 
101011010111011010110 0010000 0000100 0000001 0000010 1000000 0001000 0100000 
101011010111011000110 0010000 0000100 0000001 0000010 1000000 0100000 0001000 
101011000111011011111 0010000 0000100 0000001 0001000 0000010 0100000 1000000 
101011000111011011110 0010000 0000100 0000001 0001000 0000010 1000000 0100000 
101011000011011011111 0010000 0000100 0000001 0001000 0100000 0000010 1000000 
101011000001011011111 0010000 0000100 0000001 0001000 0100000 1000000 0000010 
101011000101011011110 0010000 0000100 0000001 0001000 1000000 0000010 0100000 
101011000001011011110 0010000 0000100 0000001 0001000 1000000 0100000 0000010 
101011010011011001111 0010000 0000100 0000001 0100000 0000010 0001000 1000000 
101011010011011000111 0010000 0000100 0000001 0100000 0000010 1000000 0001000 
101011000011011001111 0010000 0000100 0000001 0100000 0001000 0000010 1000000 
101011000001011001111 0010000 0000100 0000001 0100000 0001000 1000000 0000010 
101011010001011000111 0010000 0000100 0000001 0100000 1000000 0000010 0001000 
101011000001011000111 0010000 0000100 0000001 0100000 1000000 0001000 0000010 
101011010101011010110 0010000 0000100 0000001 1000000 0000010 0001000 0100000 
101011010101011000110 0010000 0000100 0000001 1000000 0000010 0100000 0001000 
101011000101011010110 0010000 0000100 0000001 1000000 0001000 0000010 0100000 
101011000001011010110 0010000 0000100 0000001 1000000 0001000 0100000 0000010 
101011010001011000110 0010000 0000100 0000001 1000000 0100000 0000010 0001000 
101011000001011000110 0010000 0000100 0000001 1000000 0100000 0001000 0000010 
001011010111011011111 0010000 0000100 0000010 0000001 0001000 0100000 1000000 
001011010111011011110 0010000 0000100 0000010 0000001 0001000 1000000 0100000 
001011010111011001111 0010000 0000100 0000010 0000001 0100000 0001000 1000000 
001011010111011000111 0010000 0000100 0000010 0000001 0100000 1000000 0001000 
001011010111011010110 0010000 0000100 0000010 0000001 1000000 0001000 0100000 
001011010111011000110 0010000 0000100 0000010 0000001 1000000 0100000 0001000 
000011010111011011111 0010000 0000100 0000010 0001000 0000001 0100000 1000000 
000011010111011011110 0010000 0000100 0000010 0001000 0000001 1000000 0100000 
000001010111011011111 0010000 0000100 0000010 0001000 0100000 0000001 1000000 
000000010111011011111 0010000 0000100 0000010 0001000 0100000 1000000 0000001 
000010010111011011110 0010000 0000100 0000010 0001000 1000000 0000001 0100000 
000000010111011011110 0010000 0000100 0000010 0001000 1000000 0100000 0000001 
001001010111011001111 0010000 0000100 0000010 0100000 0000001 0001000 1000000 
001001010111011000111 0010000 0000100 0000010 0100000 0000001 1000000 0001000 
000001010111011001111 0010000 0000100 0000010 0100000 0001000 0000001 1000000 
000000010111011001111 0010000 0000100 0000010 0100000 0001000 1000000 0000001 
001000010111011000111 0010000 0000100 0000010 0100000 1000000 0000001 0001000 
000000010111011000111 0010000 0000100 0000010 0100000 1000000 0001000 0000001 
001010010111011010110 0010000 0000100 0000010 1000000 0000001 0001000 0100000 
001010010111011000110 0010000 0000100 0000010 1000000 0000001 0100000 0001000 
000010010111011010110 0010000 0000100 0000010 1000000 0001000 0000001 0100000 
000000010111011010110 0010000 0000100 0000010 1000000 0001000 0100000 0000001 
001000010111011000110 0010000 0000100 0000010 1000000 0100000 0000001 0001000 
000000010111011000110 0010000 0000100 0000010 1000000 0100000 0001000 0000001 
100011000111011011111 0010000 0000100 0001000 0000001 0000010 0100000 1000000 
100011000111011011110 0010000 0000100 0001000 0000001 0000010 1000000 0100000 
100011000011011011111 0010000 0000100 0001000 0000001 0100000 0000010 1000000 
100011000001011011111 0010000 0000100 0001000 0000001 0100000 1000000 0000010 
100011000101011011110 0010000 0000100 0001000 0000001 1000000 0000010 0100000 
100011000001011011110 0010000 0000100 0001000 0000001 1000000 0100000 0000010 
000011000111011011111 0010000 0000100 0001000 0000010 0000001 0100000 1000000 
000011000111011011110 0010000 0000100 0001000 0000010 0000001 1000000 0100000 
000001000111011011111 0010000 0000100 0001000 0000010 0100000 0000001 1000000 
000000000111011011111 0010000 0000100 0001000 0000010 0100000 1000000 0000001 
000010000111011011110 0010000 0000100 0001000 0000010 1000000 0000001 0100000 
000000000111011011110 0010000 0000100 0001000 0000010 1000000 0100000 0000001 
100001000011011011111 0010000 0000100 0001000 0100000 0000001 0000010 1000000 
100001000001011011111 0010000 0000100 0001000 0100000 0000001 1000000 0000010 
000001000011011011111 0010000 0000100 0001000 0100000 0000010 0000001 1000000 
000000000011011011111 0010000 0000100 0001000 0100000 0000010 1000000 0000001 
100000000001011011111 0010000 0000100 0001000 0100000 1000000 0000001 0000010 
000000000001011011111 0010000 0000100 0001000 0100000 1000000 0000010 0000001 
100010000101011011110 0010000 0000100 0001000 1000000 0000001 0000010 0100000 
100010000001011011110 0010000 0000100 0001000 1000000 0000001 0100000 0000010 
000010000101011011110 0010000 0000100 0001000 1000000 0000010 0000001 0100000 
000000000101011011110 0010000 0000100 0001000 1000000 0000010 0100000 0000001 
100000000001011011110 0010000 0000100 0001000 1000000 0100000 0000001 0000010 
000000000001011011110 0010000 0000100 0001000 1000000 0100000 0000010 0000001 
101001010011011001111 0010000 0000100 0100000 0000001 0000010 0001000 1000000 
101001010011011000111 0010000 0000100 0100000 0000001 0000010 1000000 0001000 
101001000011011001111 0010000 0000100 0100000 0000001 0001000 0000010 1000000 
101001000001011001111 0010000 0000100 0100000 0000001 0001000 1000000 0000010 
101001010001011000111 0010000 0000100 0100000 0000001 1000000 0000010 0001000 
101001000001011000111 0010000 0000100 0100000 0000001 1000000 0001000 0000010 
001001010011011001111 0010000 0000100 0100000 0000010 0000001 0001000 1000000 
001001010011011000111 0010000 0000100 0100000 0000010 0000001 1000000 0001000 
000001010011011001111 0010000 0000100 0100000 0000010 0001000 0000001 1000000 
000000010011011001111 0010000 0000100 0100000 0000010 0001000 1000000 0000001 
001000010011011000111 0010000 0000100 0100000 0000010 1000000 0000001 0001000 
000000010011011000111 0010000 0000100 0100000 0000010 1000000 0001000 0000001 
100001000011011001111 0010000 0000100 0100000 0001000 0000001 0000010 1000000 
100001000001011001111 0010000 0000100 0100000 0001000 0000001 1000000 0000010 
000001000011011001111 0010000 0000100 0100000 0001000 0000010 0000001 1000000 
000000000011011001111 0010000 0000100 0100000 0001000 0000010 1000000 0000001 
100000000001011001111 0010000 0000100 0100000 0001000 1000000 0000001 0000010 
000000000001011001111 0010000 0000100 0100000 0001000 1000000 0000010 0000001 
101000010001011000111 0010000 0000100 0100000 1000000 0000001 0000010 0001000 
101000000001011000111 0010000 0000100 0100000 1000000 0000001 0001000 0000010 
001000010001011000111 0010000 0000100 0100000 1000000 0000010 0000001 0001000 
000000010001011000111 0010000 0000100 0100000 1000000 0000010 0001000 0000001 
100000000001011000111 0010000 0000100 0100000 1000000 0001000 0000001 0000010 
000000000001011000111 0010000 0000100 0100000 1000000 0001000 0000010 0000001 
101010010101011010110 0010000 0000100 1000000 0000001 0000010 0001000 0100000 
101010010101011000110 0010000 0000100 1000000 0000001 0000010 0100000 0001000 
101010000101011010110 0010000 0000100 1000000 0000001 0001000 0000010 0100000 
101010000001011010110 0010000 0000100 1000000 0000001 0001000 0100000 0000010 
101010010001011000110 0010000 0000100 1000000 0000001 0100000 0000010 0001000 
101010000001011000110 0010000 0000100 1000000 0000001 0100000 0001000 0000010 
001010010101011010110 0010000 0000100 1000000 0000010 0000001 0001000 0100000 
001010010101011000110 0010000 0000100 1000000 0000010 0000001 0100000 0001000 
000010010101011010110 0010000 0000100 1000000 0000010 0001000 0000001 0100000 
000000010101011010110 0010000 0000100 1000000 0000010 0001000 0100000 0000001 
001000010101011000110 0010000 0000100 1000000 0000010 0100000 0000001 0001000 
000000010101011000110 0010000 0000100 1000000 0000010 0100000 0001000 0000001 
100010000101011010110 0010000 0000100 1000000 0001000 0000001 0000010 0100000 
100010000001011010110 0010000 0000100 1000000 0001000 0000001 0100000 0000010 
000010000101011010110 0010000 0000100 1000000 0001000 0000010 0000001 0100000 
000000000101011010110 0010000 0000100 1000000 0001000 0000010 0100000 0000001 
100000000001011010110 0010000 0000100 1000000 0001000 0100000 0000001 0000010 
000000000001011010110 0010000 0000100 1000000 0001000 0100000 0000010 0000001 
101000010001011000110 0010000 0000100 1000000 0100000 0000001 0000010 0001000 
101000000001011000110 0010000 0000100 1000000 0100000 0000001 0001000 0000010 
001000010001011000110 0010000 0000100 1000000 0100000 0000010 0000001 0001000 
000000010001011000110 0010000 0000100 1000000 0100000 0000010 0001000 0000001 
100000000001011000110 0010000 0000100 1000000 0100000 0001000 0000001 0000010 
000000000001011000110 0010000 0000100 1000000 0100000 0001000 0000010 0000001 
110011100110011011111 0010000 0001000 0000001 0000010 0000100 0100000 1000000 
110011100110011011110 0010000 0001000 0000001 0000010 0000100 1000000 0100000 
110011100110001011111 0010000 0001000 0000001 0000010 0100000 0000100 1000000 
110011100110000011111 0010000 0001000 0000001 0000010 0100000 1000000 0000100 
110011100110010011110 0010000 0001000 0000001 0000010 1000000 0000100 0100000 
110011100110000011110 0010000 0001000 0000001 0000010 1000000 0100000 0000100 
110011000110011011111 0010000 0001000 0000001 0000100 0000010 0100000 1000000 
110011000110011011110 0010000 0001000 0000001 0000100 0000010 1000000 0100000 
110011000010011011111 0010000 0001000 0000001 0000100 0100000 0000010 1000000 
110011000000011011111 0010000 0001000 0000001 0000100 0100000 1000000 0000010 
110011000100011011110 0010000 0001000 0000001 0000100 1000000 0000010 0100000 
110011000000011011110 0010000 0001000 0000001 0000100 1000000 0100000 0000010 
110011100010001011111 0010000 0001000 0000001 0100000 0000010 0000100 1000000 
110011100010000011111 0010000 0001000 0000001 0100000 0000010 1000000 0000100 
110011000010001011111 0010000 0001000 0000001 0100000 0000100 0000010 1000000 
110011000000001011111 0010000 0001000 0000001 0100000 0000100 1000000 0000010 
110011100000000011111 0010000 0001000 0000001 0100000 1000000 0000010 0000100 
110011000000000011111 0010000 0001000 0000001 0100000 1000000 0000100 0000010 
110011100100010011110 0010000 0001000 0000001 1000000 0000010 0000100 0100000 
110011100100000011110 0010000 0001000 0000001 1000000 0000010 0100000 0000100 
110011000100010011110 0010000 0001000 0000001 1000000 0000100 0000010 0100000 
110011000000010011110 0010000 0001000 0000001 1000000 0000100 0100000 0000010 
110011100000000011110 0010000 0001000 0000001 1000000 0100000 0000010 0000100 
110011000000000011110 0010000 0001000 0000001 1000000 0100000 0000100 0000010 
010011100110011011111 0010000 0001000 0000010 0000001 0000100 0100000 1000000 
010011100110011011110 0010000 0001000 0000010 0000001 0000100 1000000 0100000 
010011100110001011111 0010000 0001000 0000010 0000001 0100000 0000100 1000000 
010011100110000011111 0010000 0001000 0000010 0000001 0100000 1000000 0000100 
010011100110010011110 0010000 0001000 0000010 0000001 1000000 0000100 0100000 
010011100110000011110 0010000 0001000 0000010 0000001 1000000 0100000 0000100 
000011100110011011111 0010000 0001000 0000010 0000100 0000001 0100000 1000000 
000011100110011011110 0010000 0001000 0000010 0000100 0000001 1000000 0100000 
000001100110011011111 0010000 0001000 0000010 0000100 0100000 0000001 1000000 
000000100110011011111 0010000 0001000 0000010 0000100 0100000 1000000 0000001 
000010100110011011110 0010000 0001000 0000010 0000100 1000000 0000001 0100000 
000000100110011011110 0010000 0001000 0000010 0000100 1000000 0100000 0000001 
010001100110001011111 0010000 0001000 0000010 0100000 0000001 0000100 1000000 
010001100110000011111 0010000 0001000 0000010 0100000 0000001 1000000 0000100 
000001100110001011111 0010000 0001000 0000010 0100000 0000100 0000001 1000000 
000000100110001011111 0010000 0001000 0000010 0100000 0000100 1000000 0000001 
010000100110000011111 0010000 0001000 0000010 0100000 1000000 0000001 0000100 
000000100110000011111 0010000 0001000 0000010 0100000 1000000 0000100 0000001 
010010100110010011110 0010000 0001000 0000010 1000000 0000001 0000100 0100000 
010010100110000011110 0010000 0001000 0000010 1000000 0000001 0100000 0000100 
000010100110010011110 0010000 0001000 0000010 1000000 0000100 0000001 0100000 
000000100110010011110 0010000 0001000 0000010 1000000 0000100 0100000 0000001 
010000100110000011110 0010000 0001000 0000010 1000000 0100000 0000001 0000100 
000000100110000011110 0010000 0001000 0000010 1000000 0100000 0000100 0000001 
100011000110011011111 0010000 0001000 0000100 0000001 0000010 0100000 1000000 
100011000110011011110 0010000 0001000 0000100 0000001 0000010 1000000 0100000 
100011000010011011111 0010000 0001000 0000100 0000001 0100000 0000010 1000000 
100011000000011011111 0010000 0001000 0000100 0000001 0100000 1000000 0000010 
100011000100011011110 0010000 0001000 0000100 0000001 1000000 0000010 0100000 
100011000000011011110 0010000 0001000 0000100 0000001 1000000 0100000 0000010 
000011000110011011111 0010000 0001000 0000100 0000010 0000001 0100000 1000000 
000011000110011011110 0010000 0001000 0000100 0000010 0000001 1000000 0100000 
000001000110011011111 0010000 0001000 0000100 0000010 0100000 0000001 1000000 
000000000110011011111 0010000 0001000 0000100 0000010 0100000 1000000 0000001 
000010000110011011110 0010000 0001000 0000100 0000010 1000000 0000001 0100000 
000000000110011011110 0010000 0001000 0000100 0000010 1000000 0100000 0000001 
100001000010011011111 0010000 0001000 0000100 0100000 0000001 0000010 1000000 
100001000000011011111 0010000 0001000 0000100 0100000 0000001 1000000 0000010 
000001000010011011111 0010000 0001000 0000100 0100000 0000010 0000001 1000000 
000000000010011011111 0010000 0001000 0000100 0100000 0000010 1000000 0000001 
100000000000011011111 0010000 0001000 0000100 0100000 1000000 0000001 0000010 
000000000000011011111 0010000 0001000 0000100 0100000 1000000 0000010 0000001 
100010000100011011110 0010000 0001000 0000100 1000000 0000001 0000010 0100000 
100010000000011011110 0010000 0001000 0000100 1000000 0000001 0100000 0000010 
000010000100011011110 0010000 0001000 0000100 1000000 0000010 0000001 0100000 
000000000100011011110 0010000 0001000 0000100 1000000 0000010 0100000 0000001 
100000000000011011110 0010000 0001000 0000100 1000000 0100000 0000001 0000010 
000000000000011011110 0010000 0001000 0000100 1000000 0100000 0000010 0000001 
110001100010001011111 0010000 0001000 0100000 0000001 0000010 0000100 1000000 
110001100010000011111 0010000 0001000 0100000 0000001 0000010 1000000 0000100 
110001000010001011111 0010000 0001000 0100000 0000001 0000100 0000010 1000000 
110001000000001011111 0010000 0001000 0100000 0000001 0000100 1000000 0000010 
110001100000000011111 0010000 0001000 0100000 0000001 1000000 0000010 0000100 
110001000000000011111 0010000 0001000 0100000 0000001 1000000 0000100 0000010 
010001100010001011111 0010000 0001000 0100000 0000010 0000001 0000100 1000000 
010001100010000011111 0010000 0001000 0100000 0000010 0000001 1000000 0000100 
000001100010001011111 0010000 0001000 0100000 0000010 0000100 0000001 1000000 
000000100010001011111 0010000 0001000 0100000 0000010 0000100 1000000 0000001 
010000100010000011111 0010000 0001000 0100000 0000010 1000000 0000001 0000100 
000000100010000011111 0010000 0001000 0100000 0000010 1000000 0000100 0000001 
100001000010001011111 0010000 0001000 0100000 0000100 0000001 0000010 1000000 
100001000000001011111 0010000 0001000 0100000 0000100 0000001 1000000 0000010 
000001000010001011111 0010000 0001000 0100000 0000100 0000010 0000001 1000000 
000000000010001011111 0010000 0001000 0100000 0000100 0000010 1000000 0000001 
100000000000001011111 0010000 0001000 0100000 0000100 1000000 0000001 0000010 
000000000000001011111 0010000 0001000 0100000 0000100 1000000 0000010 0000001 
110000100000000011111 0010000 0001000 0100000 1000000 0000001 0000010 0000100 
110000000000000011111 0010000 0001000 0100000 1000000 0000001 0000100 0000010 
010000100000000011111 0010000 0001000 0100000 1000000 0000010 0000001 0000100 
000000100000000011111 0010000 0001000 0100000 1000000 0000010 0000100 0000001 
100000000000000011111 0010000 0001000 0100000 1000000 0000100 0000001 0000010 
000000000000000011111 0010000 0001000 0100000 1000000 0000100 0000010 0000001 
110010100100010011110 0010000 0001000 1000000 0000001 0000010 0000100 0100000 
110010100100000011110 0010000 0001000 1000000 0000001 0000010 0100000 0000100 
110010000100010011110 0010000 0001000 1000000 0000001 0000100 0000010 0100000 
110010000000010011110 0010000 0001000 1000000 0000001 0000100 0100000 0000010 
110010100000000011110 0010000 0001000 1000000 0000001 0100000 0000010 0000100 
110010000000000011110 0010000 0001000 1000000 0000001 0100000 0000100 0000010 
010010100100010011110 0010000 0001000 1000000 0000010 0000001 0000100 0100000 
010010100100000011110 0010000 0001000 1000000 0000010 0000001 0100000 0000100 
000010100100010011110 0010000 0001000 1000000 0000010 0000100 0000001 0100000 
000000100100010011110 0010000 0001000 1000000 0000010 0000100 0100000 0000001 
010000100100000011110 0010000 0001000 1000000 0000010 0100000 0000001 0000100 
000000100100000011110 0010000 0001000 1000000 0000010 0100000 0000100 0000001 
100010000100010011110 0010000 0001000 1000000 0000100 0000001 0000010 0100000 
100010000000010011110 0010000 0001000 1000000 0000100 0000001 0100000 0000010 
000010000100010011110 0010000 0001000 1000000 0000100 0000010 0000001 0100000 
000000000100010011110 0010000 0001000 1000000 0000100 0000010 0100000 0000001 
100000000000010011110 0010000 0001000 1000000 0000100 0100000 0000001 0000010 
000000000000010011110 0010000 0001000 1000000 0000100 0100000 0000010 0000001 
110000100000000011110 0010000 0001000 1000000 0100000 0000001 0000010 0000100 
110000000000000011110 0010000 0001000 1000000 0100000 0000001 0000100 0000010 
010000100000000011110 0010000 0001000 1000000 0100000 0000010 0000001 0000100 
000000100000000011110 0010000 0001000 1000000 0100000 0000010 0000100 0000001 
100000000000000011110 0010000 0001000 1000000 0100000 0000100 0000001 0000010 
000000000000000011110 0010000 0001000 1000000 0100000 0000100 0000010 0000001 
111001110011001001111 0010000 0100000 0000001 0000010 0000100 0001000 1000000 
111001110011001000111 0010000 0100000 0000001 0000010 0000100 1000000 0001000 
111001110010001001111 0010000 0100000 0000001 0000010 0001000 0000100 1000000 
111001110010000001111 0010000 0100000 0000001 0000010 0001000 1000000 0000100 
111001110011000000111 0010000 0100000 0000001 0000010 1000000 0000100 0001000 
111001110010000000111 0010000 0100000 0000001 0000010 1000000 0001000 0000100 
111001010011001001111 0010000 0100000 0000001 0000100 0000010 0001000 1000000 
111001010011001000111 0010000 0100000 0000001 0000100 0000010 1000000 0001000 
111001000011001001111 0010000 0100000 0000001 0000100 0001000 0000010 1000000 
111001000001001001111 0010000 0100000 0000001 0000100 0001000 1000000 0000010 
111001010001001000111 0010000 0100000 0000001 0000100 1000000 0000010 0001000 
111001000001001000111 0010000 0100000 0000001 0000100 1000000 0001000 0000010 
111001100010001001111 0010000 0100000 0000001 0001000 0000010 0000100 1000000 
111001100010000001111 0010000 0100000 0000001 0001000 0000010 1000000 0000100 
111001000010001001111 0010000 0100000 0000001 0001000 0000100 0000010 1000000 
111001000000001001111 0010000 0100000 0000001 0001000 0000100 1000000 0000010 
111001100000000001111 0010000 0100000 0000001 0001000 1000000 0000010 0000100 
111001000000000001111 0010000 0100000 0000001 0001000 1000000 0000100 0000010 
111001110001000000111 0010000 0100000 0000001 1000000 0000010 0000100 0001000 
111001110000000000111 0010000 0100000 0000001 1000000 0000010 0001000 0000100 
111001010001000000111 0010000 0100000 0000001 1000000 0000100 0000010 0001000 
111001000001000000111 0010000 0100000 0000001 1000000 0000100 0001000 0000010 
111001100000000000111 0010000 0100000 0000001 1000000 0001000 0000010 0000100 
111001000000000000111 0010000 0100000 0000001 1000000 0001000 0000100 0000010 
011001110011001001111 0010000 0100000 0000010 0000001 0000100 0001000 1000000 
011001110011001000111 0010000 0100000 0000010 0000001 0000100 1000000 0001000 
011001110010001001111 0010000 0100000 0000010 0000001 0001000 0000100 1000000 
011001110010000001111 0010000 0100000 0000010 0000001 0001000 1000000 0000100 
011001110011000000111 0010000 0100000 0000010 0000001 1000000 0000100 0001000 
011001110010000000111 0010000 0100000 0000010 0000001 1000000 0001000 0000100 
001001110011001001111 0010000 0100000 0000010 0000100 0000001 0001000 1000000 
001001110011001000111 0010000 0100000 0000010 0000100 0000001 1000000 0001000 
000001110011001001111 0010000 0100000 0000010 0000100 0001000 0000001 1000000 
000000110011001001111 0010000 0100000 0000010 0000100 0001000 1000000 0000001 
001000110011001000111 0010000 0100000 0000010 0000100 1000000 0000001 0001000 
000000110011001000111 0010000 0100000 0000010 0000100 1000000 0001000 0000001 
010001110010001001111 0010000 0100000 0000010 0001000 0000001 0000100 1000000 
010001110010000001111 0010000 0100000 0000010 0001000 0000001 1000000 0000100 
000001110010001001111 0010000 0100000 0000010 0001000 0000100 0000001 1000000 
000000110010001001111 0010000 0100000 0000010 0001000 0000100 1000000 0000001 
010000110010000001111 0010000 0100000 0000010 0001000 1000000 0000001 0000100 
000000110010000001111 0010000 0100000 0000010 0001000 1000000 0000100 0000001 
011000110011000000111 0010000 0100000 0000010 1000000 0000001 0000100 0001000 
011000110010000000111 0010000 0100000 0000010 1000000 0000001 0001000 0000100 
001000110011000000111 0010000 0100000 0000010 1000000 0000100 0000001 0001000 
000000110011000000111 0010000 0100000 0000010 1000000 0000100 0001000 0000001 
010000110010000000111 0010000 0100000 0000010 1000000 0001000 0000001 0000100 
000000110010000000111 0010000 0100000 0000010 1000000 0001000 0000100 0000001 
101001010011001001111 0010000 0100000 0000100 0000001 0000010 0001000 1000000 
101001010011001000111 0010000 0100000 0000100 0000001 0000010 1000000 0001000 
101001000011001001111 0010000 0100000 0000100 0000001 0001000 0000010 1000000 
101001000001001001111 0010000 0100000 0000100 0000001 0001000 1000000 0000010 
101001010001001000111 0010000 0100000 0000100 0000001 1000000 0000010 0001000 
101001000001001000111 0010000 0100000 0000100 0000001 1000000 0001000 0000010 
001001010011001001111 0010000 0100000 0000100 0000010 0000001 0001000 1000000 
001001010011001000111 0010000 0100000 0000100 0000010 0000001 1000000 0001000 
000001010011001001111 0010000 0100000 0000100 0000010 0001000 0000001 1000000 
000000010011001001111 0010000 0100000 0000100 0000010 0001000 1000000 0000001 
001000010011001000111 0010000 0100000 0000100 0000010 1000000 0000001 0001000 
000000010011001000111 0010000 0100000 0000100 0000010 1000000 0001000 0000001 
100001000011001001111 0010000 0100000 0000100 0001000 0000001 0000010 1000000 
100001000001001001111 0010000 0100000 0000100 0001000 0000001 1000000 0000010 
000001000011001001111 0010000 0100000 0000100 0001000 0000010 0000001 1000000 
000000000011001001111 0010000 0100000 0000100 0001000 0000010 1000000 0000001 
100000000001001001111 0010000 0100000 0000100 0001000 1000000 0000001 0000010 
000000000001001001111 0010000 0100000 0000100 0001000 1000000 0000010 0000001 
101000010001001000111 0010000 0100000 0000100 1000000 0000001 0000010 0001000 
101000000001001000111 0010000 0100000 0000100 1000000 0000001 0001000 0000010 
001000010001001000111 0010000 0100000 0000100 1000000 0000010 0000001 0001000 
000000010001001000111 0010000 0100000 0000100 1000000 0000010 0001000 0000001 
100000000001001000111 0010000 0100000 0000100 1000000 0001000 0000001 0000010 
000000000001001000111 0010000 0100000 0000100 1000000 0001000 0000010 0000001 
110001100010001001111 0010000 0100000 0001000 0000001 0000010 0000100 1000000 
110001100010000001111 0010000 0100000 0001000 0000001 0000010 1000000 0000100 
110001000010001001111 0010000 0100000 0001000 0000001 0000100 0000010 1000000 
110001000000001001111 0010000 0100000 0001000 0000001 0000100 1000000 0000010 
110001100000000001111 0010000 0100000 0001000 0000001 1000000 0000010 0000100 
110001000000000001111 0010000 0100000 0001000 0000001 1000000 0000100 0000010 
010001100010001001111 0010000 0100000 0001000 0000010 0000001 0000100 1000000 
010001100010000001111 0010000 0100000 0001000 0000010 0000001 1000000 0000100 
000001100010001001111 0010000 0100000 0001000 0000010 0000100 0000001 1000000 
000000100010001001111 0010000 0100000 0001000 0000010 0000100 1000000 0000001 
010000100010000001111 0010000 0100000 0001000 0000010 1000000 0000001 0000100 
000000100010000001111 0010000 0100000 0001000 0000010 1000000 0000100 0000001 
100001000010001001111 0010000 0100000 0001000 0000100 0000001 0000010 1000000 
100001000000001001111 0010000 0100000 0001000 0000100 0000001 1000000 0000010 
000001000010001001111 0010000 0100000 0001000 0000100 0000010 0000001 1000000 
000000000010001001111 0010000 0100000 0001000 0000100 0000010 1000000 0000001 
100000000000001001111 0010000 0100000 0001000 0000100 1000000 0000001 0000010 
000000000000001001111 0010000 0100000 0001000 0000100 1000000 0000010 0000001 
110000100000000001111 0010000 0100000 0001000 1000000 0000001 0000010 0000100 
110000000000000001111 0010000 0100000 0001000 1000000 0000001 0000100 0000010 
010000100000000001111 0010000 0100000 0001000 1000000 0000010 0000001 0000100 
000000100000000001111 0010000 0100000 0001000 1000000 0000010 0000100 0000001 
100000000000000001111 0010000 0100000 0001000 1000000 0000100 0000001 0000010 
000000000000000001111 0010000 0100000 0001000 1000000 0000100 0000010 0000001 
111000110001000000111 0010000 0100000 1000000 0000001 0000010 0000100 0001000 
111000110000000000111 0010000 0100000 1000000 0000001 0000010 0001000 0000100 
111000010001000000111 0010000 0100000 1000000 0000001 0000100 0000010 0001000 
111000000001000000111 0010000 0100000 1000000 0000001 0000100 0001000 0000010 
111000100000000000111 0010000 0100000 1000000 0000001 0001000 0000010 0000100 
111000000000000000111 0010000 0100000 1000000 0000001 0001000 0000100 0000010 
011000110001000000111 0010000 0100000 1000000 0000010 0000001 0000100 0001000 
011000110000000000111 0010000 0100000 1000000 0000010 0000001 0001000 0000100 
001000110001000000111 0010000 0100000 1000000 0000010 0000100 0000001 0001000 
000000110001000000111 0010000 0100000 1000000 0000010 0000100 0001000 0000001 
010000110000000000111 0010000 0100000 1000000 0000010 0001000 0000001 0000100 
000000110000000000111 0010000 0100000 1000000 0000010 0001000 0000100 0000001 
101000010001000000111 0010000 0100000 1000000 0000100 0000001 0000010 0001000 
101000000001000000111 0010000 0100000 1000000 0000100 0000001 0001000 0000010 
001000010001000000111 0010000 0100000 1000000 0000100 0000010 0000001 0001000 
000000010001000000111 0010000 0100000 1000000 0000100 0000010 0001000 0000001 
100000000001000000111 0010000 0100000 1000000 0000100 0001000 0000001 0000010 
000000000001000000111 0010000 0100000 1000000 0000100 0001000 0000010 0000001 
110000100000000000111 0010000 0100000 1000000 0001000 0000001 0000010 0000100 
110000000000000000111 0010000 0100000 1000000 0001000 0000001 0000100 0000010 
010000100000000000111 0010000 0100000 1000000 0001000 0000010 0000001 0000100 
000000100000000000111 0010000 0100000 1000000 0001000 0000010 0000100 0000001 
100000000000000000111 0010000 0100000 1000000 0001000 0000100 0000001 0000010 
000000000000000000111 0010000 0100000 1000000 0001000 0000100 0000010 0000001 
111010110101010010110 0010000 1000000 0000001 0000010 0000100 0001000 0100000 
111010110101010000110 0010000 1000000 0000001 0000010 0000100 0100000 0001000 
111010110100010010110 0010000 1000000 0000001 0000010 0001000 0000100 0100000 
111010110100000010110 0010000 1000000 0000001 0000010 0001000 0100000 0000100 
111010110101000000110 0010000 1000000 0000001 0000010 0100000 0000100 0001000 
111010110100000000110 0010000 1000000 0000001 0000010 0100000 0001000 0000100 
111010010101010010110 0010000 1000000 0000001 0000100 0000010 0001000 0100000 
111010010101010000110 0010000 1000000 0000001 0000100 0000010 0100000 0001000 
111010000101010010110 0010000 1000000 0000001 0000100 0001000 0000010 0100000 
111010000001010010110 0010000 1000000 0000001 0000100 0001000 0100000 0000010 
111010010001010000110 0010000 1000000 0000001 0000100 0100000 0000010 0001000 
111010000001010000110 0010000 1000000 0000001 0000100 0100000 0001000 0000010 
111010100100010010110 0010000 1000000 0000001 0001000 0000010 0000100 0100000 
111010100100000010110 0010000 1000000 0000001 0001000 0000010 0100000 0000100 
111010000100010010110 0010000 1000000 0000001 0001000 0000100 0000010 0100000 
111010000000010010110 0010000 1000000 0000001 0001000 0000100 0100000 0000010 
111010100000000010110 0010000 1000000 0000001 0001000 0100000 0000010 0000100 
111010000000000010110 0010000 1000000 0000001 0001000 0100000 0000100 0000010 
111010110001000000110 0010000 1000000 0000001 0100000 0000010 0000100 0001000 
111010110000000000110 0010000 1000000 0000001 0100000 0000010 0001000 0000100 
111010010001000000110 0010000 1000000 0000001 0100000 0000100 0000010 0001000 
111010000001000000110 0010000 1000000 0000001 0100000 0000100 0001000 0000010 
111010100000000000110 0010000 1000000 0000001 0100000 0001000 0000010 0000100 
111010000000000000110 0010000 1000000 0000001 0100000 0001000 0000100 0000010 
011010110101010010110 0010000 1000000 0000010 0000001 0000100 0001000 0100000 
011010110101010000110 0010000 1000000 0000010 0000001 0000100 0100000 0001000 
011010110100010010110 0010000 1000000 0000010 0000001 0001000 0000100 0100000 
011010110100000010110 0010000 1000000 0000010 0000001 0001000 0100000 0000100 
011010110101000000110 0010000 1000000 0000010 0000001 0100000 0000100 0001000 
011010110100000000110 0010000 1000000 0000010 0000001 0100000 0001000 0000100 
001010110101010010110 0010000 1000000 0000010 0000100 0000001 0001000 0100000 
001010110101010000110 0010000 1000000 0000010 0000100 0000001 0100000 0001000 
000010110101010010110 0010000 1000000 0000010 0000100 0001000 0000001 0100000 
000000110101010010110 0010000 1000000 0000010 0000100 0001000 0100000 0000001 
001000110101010000110 0010000 1000000 0000010 0000100 0100000 0000001 0001000 
000000110101010000110 0010000 1000000 0000010 0000100 0100000 0001000 0000001 
010010110100010010110 0010000 1000000 0000010 0001000 0000001 0000100 0100000 
010010110100000010110 0010000 1000000 0000010 0001000 0000001 0100000 0000100 
000010110100010010110 0010000 1000000 0000010 0001000 0000100 0000001 0100000 
000000110100010010110 0010000 1000000 0000010 0001000 0000100 0100000 0000001 
010000110100000010110 0010000 1000000 0000010 0001000 0100000 0000001 0000100 
000000110100000010110 0010000 1000000 0000010 0001000 0100000 0000100 0000001 
011000110101000000110 0010000 1000000 0000010 0100000 0000001 0000100 0001000 
011000110100000000110 0010000 1000000 0000010 0100000 0000001 0001000 0000100 
001000110101000000110 0010000 1000000 0000010 0100000 0000100 0000001 0001000 
000000110101000000110 0010000 1000000 0000010 0100000 0000100 0001000 0000001 
010000110100000000110 0010000 1000000 0000010 0100000 0001000 0000001 0000100 
000000110100000000110 0010000 1000000 0000010 0100000 0001000 0000100 0000001 
101010010101010010110 0010000 1000000 0000100 0000001 0000010 0001000 0100000 
101010010101010000110 0010000 1000000 0000100 0000001 0000010 0100000 0001000 
101010000101010010110 0010000 1000000 0000100 0000001 0001000 0000010 0100000 
101010000001010010110 0010000 1000000 0000100 0000001 0001000 0100000 0000010 
101010010001010000110 0010000 1000000 0000100 0000001 0100000 0000010 0001000 
101010000001010000110 0010000 1000000 0000100 0000001 0100000 0001000 0000010 
001010010101010010110 0010000 1000000 0000100 0000010 0000001 0001000 0100000 
001010010101010000110 0010000 1000000 0000100 0000010 0000001 0100000 0001000 
000010010101010010110 0010000 1000000 0000100 0000010 0001000 0000001 0100000 
000000010101010010110 0010000 1000000 0000100 0000010 0001000 0100000 0000001 
001000010101010000110 0010000 1000000 0000100 0000010 0100000 0000001 0001000 
000000010101010000110 0010000 1000000 0000100 0000010 0100000 0001000 0000001 
100010000101010010110 0010000 1000000 0000100 0001000 0000001 0000010 0100000 
100010000001010010110 0010000 1000000 0000100 0001000 0000001 0100000 0000010 
000010000101010010110 0010000 1000000 0000100 0001000 0000010 0000001 0100000 
000000000101010010110 0010000 1000000 0000100 0001000 0000010 0100000 0000001 
100000000001010010110 0010000 1000000 0000100 0001000 0100000 0000001 0000010 
000000000001010010110 0010000 1000000 0000100 0001000 0100000 0000010 0000001 
101000010001010000110 0010000 1000000 0000100 0100000 0000001 0000010 0001000 
101000000001010000110 0010000 1000000 0000100 0100000 0000001 0001000 0000010 
001000010001010000110 0010000 1000000 0000100 0100000 0000010 0000001 0001000 
000000010001010000110 0010000 1000000 0000100 0100000 0000010 0001000 0000001 
100000000001010000110 0010000 1000000 0000100 0100000 0001000 0000001 0000010 
000000000001010000110 0010000 1000000 0000100 0100000 0001000 0000010 0000001 
110010100100010010110 0010000 1000000 0001000 0000001 0000010 0000100 0100000 
110010100100000010110 0010000 1000000 0001000 0000001 0000010 0100000 0000100 
110010000100010010110 0010000 1000000 0001000 0000001 0000100 0000010 0100000 
110010000000010010110 0010000 1000000 0001000 0000001 0000100 0100000 0000010 
110010100000000010110 0010000 1000000 0001000 0000001 0100000 0000010 0000100 
110010000000000010110 0010000 1000000 0001000 0000001 0100000 0000100 0000010 
010010100100010010110 0010000 1000000 0001000 0000010 0000001 0000100 0100000 
010010100100000010110 0010000 1000000 0001000 0000010 0000001 0100000 0000100 
000010100100010010110 0010000 1000000 0001000 0000010 0000100 0000001 0100000 
000000100100010010110 0010000 1000000 0001000 0000010 0000100 0100000 0000001 
010000100100000010110 0010000 1000000 0001000 0000010 0100000 0000001 0000100 
000000100100000010110 0010000 1000000 0001000 0000010 0100000 0000100 0000001 
100010000100010010110 0010000 1000000 0001000 0000100 0000001 0000010 0100000 
100010000000010010110 0010000 1000000 0001000 0000100 0000001 0100000 0000010 
000010000100010010110 0010000 1000000 0001000 0000100 0000010 0000001 0100000 
000000000100010010110 0010000 1000000 0001000 0000100 0000010 0100000 0000001 
100000000000010010110 0010000 1000000 0001000 0000100 0100000 0000001 0000010 
000000000000010010110 0010000 1000000 0001000 0000100 0100000 0000010 0000001 
110000100000000010110 0010000 1000000 0001000 0100000 0000001 0000010 0000100 
110000000000000010110 0010000 1000000 0001000 0100000 0000001 0000100 0000010 
010000100000000010110 0010000 1000000 0001000 0100000 0000010 0000001 0000100 
000000100000000010110 0010000 1000000 0001000 0100000 0000010 0000100 0000001 
100000000000000010110 0010000 1000000 0001000 0100000 0000100 0000001 0000010 
000000000000000010110 0010000 1000000 0001000 0100000 0000100 0000010 0000001 
111000110001000000110 0010000 1000000 0100000 0000001 0000010 0000100 0001000 
111000110000000000110 0010000 1000000 0100000 0000001 0000010 0001000 0000100 
111000010001000000110 0010000 1000000 0100000 0000001 0000100 0000010 0001000 
111000000001000000110 0010000 1000000 0100000 0000001 0000100 0001000 0000010 
111000100000000000110 0010000 1000000 0100000 0000001 0001000 0000010 0000100 
111000000000000000110 0010000 1000000 0100000 0000001 0001000 0000100 0000010 
011000110001000000110 0010000 1000000 0100000 0000010 0000001 0000100 0001000 
011000110000000000110 0010000 1000000 0100000 0000010 0000001 0001000 0000100 
001000110001000000110 0010000 1000000 0100000 0000010 0000100 0000001 0001000 
000000110001000000110 0010000 1000000 0100000 0000010 0000100 0001000 0000001 
010000110000000000110 0010000 1000000 0100000 0000010 0001000 0000001 0000100 
000000110000000000110 0010000 1000000 0100000 0000010 0001000 0000100 0000001 
101000010001000000110 0010000 1000000 0100000 0000100 0000001 0000010 0001000 
101000000001000000110 0010000 1000000 0100000 0000100 0000001 0001000 0000010 
001000010001000000110 0010000 1000000 0100000 0000100 0000010 0000001 0001000 
000000010001000000110 0010000 1000000 0100000 0000100 0000010 0001000 0000001 
100000000001000000110 0010000 1000000 0100000 0000100 0001000 0000001 0000010 
000000000001000000110 0010000 1000000 0100000 0000100 0001000 0000010 0000001 
110000100000000000110 0010000 1000000 0100000 0001000 0000001 0000010 0000100 
110000000000000000110 0010000 1000000 0100000 0001000 0000001 0000100 0000010 
010000100000000000110 0010000 1000000 0100000 0001000 0000010 0000001 0000100 
000000100000000000110 0010000 1000000 0100000 0001000 0000010 0000100 0000001 
100000000000000000110 0010000 1000000 0100000 0001000 0000100 0000001 0000010 
000000000000000000110 0010000 1000000 0100000 0001000 0000100 0000010 0000001 
111101111011101101011 0100000 0000001 0000010 0000100 0001000 0010000 1000000 
111101111011101101001 0100000 0000001 0000010 0000100 0001000 1000000 0010000 
111101111011101001011 0100000 0000001 0000010 0000100 0010000 0001000 1000000 
111101111011101000011 0100000 0000001 0000010 0000100 0010000 1000000 0001000 
111101111011101100001 0100000 0000001 0000010 0000100 1000000 0001000 0010000 
111101111011101000001 0100000 0000001 0000010 0000100 1000000 0010000 0001000 
111101111010101101011 0100000 0000001 0000010 0001000 0000100 0010000 1000000 
111101111010101101001 0100000 0000001 0000010 0001000 0000100 1000000 0010000 
111101111010001101011 0100000 0000001 0000010 0001000 0010000 0000100 1000000 
111101111010000101011 0100000 0000001 0000010 0001000 0010000 1000000 0000100 
111101111010100101001 0100000 0000001 0000010 0001000 1000000 0000100 0010000 
111101111010000101001 0100000 0000001 0000010 0001000 1000000 0010000 0000100 
111101111011001001011 0100000 0000001 0000010 0010000 0000100 0001000 1000000 
111101111011001000011 0100000 0000001 0000010 0010000 0000100 1000000 0001000 
111101111010001001011 0100000 0000001 0000010 0010000 0001000 0000100 1000000 
111101111010000001011 0100000 0000001 0000010 0010000 0001000 1000000 0000100 
111101111011000000011 0100000 0000001 0000010 0010000 1000000 0000100 0001000 
111101111010000000011 0100000 0000001 0000010 0010000 1000000 0001000 0000100 
111101111011100100001 0100000 0000001 0000010 1000000 0000100 0001000 0010000 
111101111011100000001 0100000 0000001 0000010 1000000 0000100 0010000 0001000 
111101111010100100001 0100000 0000001 0000010 1000000 0001000 0000100 0010000 
111101111010000100001 0100000 0000001 0000010 1000000 0001000 0010000 0000100 
111101111011000000001 0100000 0000001 0000010 1000000 0010000 0000100 0001000 
111101111010000000001 0100000 0000001 0000010 1000000 0010000 0001000 0000100 
111101011011101101011 0100000 0000001 0000100 0000010 0001000 0010000 1000000 
111101011011101101001 0100000 0000001 0000100 0000010 0001000 1000000 0010000 
111101011011101001011 0100000 0000001 0000100 0000010 0010000 0001000 1000000 
111101011011101000011 0100000 0000001 0000100 0000010 0010000 1000000 0001000 
111101011011101100001 0100000 0000001 0000100 0000010 1000000 0001000 0010000 
111101011011101000001 0100000 0000001 0000100 0000010 1000000 0010000 0001000 
111101001011101101011 0100000 0000001 0000100 0001000 0000010 0010000 1000000 
111101001011101101001 0100000 0000001 0000100 0001000 0000010 1000000 0010000 
111101000011101101011 0100000 0000001 0000100 0001000 0010000 0000010 1000000 
111101000001101101011 0100000 0000001 0000100 0001000 0010000 1000000 0000010 
111101001001101101001 0100000 0000001 0000100 0001000 1000000 0000010 0010000 
111101000001101101001 0100000 0000001 0000100 0001000 1000000 0010000 0000010 
111101010011101001011 0100000 0000001 0000100 0010000 0000010 0001000 1000000 
111101010011101000011 0100000 0000001 0000100 0010000 0000010 1000000 0001000 
111101000011101001011 0100000 0000001 0000100 0010000 0001000 0000010 1000000 
111101000001101001011 0100000 0000001 0000100 0010000 0001000 1000000 0000010 
111101010001101000011 0100000 0000001 0000100 0010000 1000000 0000010 0001000 
111101000001101000011 0100000 0000001 0000100 0010000 1000000 0001000 0000010 
111101011001101100001 0100000 0000001 0000100 1000000 0000010 0001000 0010000 
111101011001101000001 0100000 0000001 0000100 1000000 0000010 0010000 0001000 
111101001001101100001 0100000 0000001 0000100 1000000 0001000 0000010 0010000 
111101000001101100001 0100000 0000001 0000100 1000000 0001000 0010000 0000010 
111101010001101000001 0100000 0000001 0000100 1000000 0010000 0000010 0001000 
111101000001101000001 0100000 0000001 0000100 1000000 0010000 0001000 0000010 
111101101010101101011 0100000 0000001 0001000 0000010 0000100 0010000 1000000 
111101101010101101001 0100000 0000001 0001000 0000010 0000100 1000000 0010000 
111101101010001101011 0100000 0000001 0001000 0000010 0010000 0000100 1000000 
111101101010000101011 0100000 0000001 0001000 0000010 0010000 1000000 0000100 
111101101010100101001 0100000 0000001 0001000 0000010 1000000 0000100 0010000 
111101101010000101001 0100000 0000001 0001000 0000010 1000000 0010000 0000100 
111101001010101101011 0100000 0000001 0001000 0000100 0000010 0010000 1000000 
111101001010101101001 0100000 0000001 0001000 0000100 0000010 1000000 0010000 
111101000010101101011 0100000 0000001 0001000 0000100 0010000 0000010 1000000 
111101000000101101011 0100000 0000001 0001000 0000100 0010000 1000000 0000010 
111101001000101101001 0100000 0000001 0001000 0000100 1000000 0000010 0010000 
111101000000101101001 0100000 0000001 0001000 0000100 1000000 0010000 0000010 
111101100010001101011 0100000 0000001 0001000 0010000 0000010 0000100 1000000 
111101100010000101011 0100000 0000001 0001000 0010000 0000010 1000000 0000100 
111101000010001101011 0100000 0000001 0001000 0010000 0000100 0000010 1000000 
111101000000001101011 0100000 0000001 0001000 0010000 0000100 1000000 0000010 
111101100000000101011 0100000 0000001 0001000 0010000 1000000 0000010 0000100 
111101000000000101011 0100000 0000001 0001000 0010000 1000000 0000100 0000010 
111101101000100101001 0100000 0000001 0001000 1000000 0000010 0000100 0010000 
111101101000000101001 0100000 0000001 0001000 1000000 0000010 0010000 0000100 
111101001000100101001 0100000 0000001 0001000 1000000 0000100 0000010 0010000 
111101000000100101001 0100000 0000001 0001000 1000000 0000100 0010000 0000010 
111101100000000101001 0100000 0000001 0001000 1000000 0010000 0000010 0000100 
111101000000000101001 0100000 0000001 0001000 1000000 0010000 0000100 0000010 
111101110011001001011 0100000 0000001 0010000 0000010 0000100 0001000 1000000 
111101110011001000011 0100000 0000001 0010000 0000010 0000100 1000000 0001000 
111101110010001001011 0100000 0000001 0010000 0000010 0001000 0000100 1000000 
111101110010000001011 0100000 0000001 0010000 0000010 0001000 1000000 0000100 
111101110011000000011 0100000 0000001 0010000 0000010 1000000 0000100 0001000 
111101110010000000011 0100000 0000001 0010000 0000010 1000000 0001000 0000100 
111101010011001001011 0100000 0000001 0010000 0000100 0000010 0001000 1000000 
111101010011001000011 0100000 0000001 0010000 0000100 0000010 1000000 0001000 
111101000011001001011 0100000 0000001 0010000 0000100 0001000 0000010 1000000 
111101000001001001011 0100000 0000001 0010000 0000100 0001000 1000000 0000010 
111101010001001000011 0100000 0000001 0010000 0000100 1000000 0000010 0001000 
111101000001001000011 0100000 0000001 0010000 0000100 1000000 0001000 0000010 
111101100010001001011 0100000 0000001 0010000 0001000 0000010 0000100 1000000 
111101100010000001011 0100000 0000001 0010000 0001000 0000010 1000000 0000100 
111101000010001001011 0100000 0000001 0010000 0001000 0000100 0000010 1000000 
111101000000001001011 0100000 0000001 0010000 0001000 0000100 1000000 0000010 
111101100000000001011 0100000 0000001 0010000 0001000 1000000 0000010 0000100 
111101000000000001011 0100000 0000001 0010000 0001000 1000000 0000100 0000010 
111101110001000000011 0100000 0000001 0010000 1000000 0000010 0000100 0001000 
111101110000000000011 0100000 0000001 0010000 1000000 0000010 0001000 0000100 
111101010001000000011 0100000 0000001 0010000 1000000 0000100 0000010 0001000 
111101000001000000011 0100000 0000001 0010000 1000000 0000100 0001000 0000010 
111101100000000000011 0100000 0000001 0010000 1000000 0001000 0000010 0000100 
111101000000000000011 0100000 0000001 0010000 1000000 0001000 0000100 0000010 
111101111001100100001 0100000 0000001 1000000 0000010 0000100 0001000 0010000 
111101111001100000001 0100000 0000001 1000000 0000010 0000100 0010000 0001000 
111101111000100100001 0100000 0000001 1000000 0000010 0001000 0000100 0010000 
111101111000000100001 0100000 0000001 1000000 0000010 0001000 0010000 0000100 
111101111001000000001 0100000 0000001 1000000 0000010 0010000 0000100 0001000 
111101111000000000001 0100000 0000001 1000000 0000010 0010000 0001000 0000100 
111101011001100100001 0100000 0000001 1000000 0000100 0000010 0001000 0010000 
111101011001100000001 0100000 0000001 1000000 0000100 0000010 0010000 0001000 
111101001001100100001 0100000 0000001 1000000 0000100 0001000 0000010 0010000 
111101000001100100001 0100000 0000001 1000000 0000100 0001000 0010000 0000010 
111101010001100000001 0100000 0000001 1000000 0000100 0010000 0000010 0001000 
111101000001100000001 0100000 0000001 1000000 0000100 0010000 0001000 0000010 
111101101000100100001 0100000 0000001 1000000 0001000 0000010 0000100 0010000 
111101101000000100001 0100000 0000001 1000000 0001000 0000010 0010000 0000100 
111101001000100100001 0100000 0000001 1000000 0001000 0000100 0000010 0010000 
111101000000100100001 0100000 0000001 1000000 0001000 0000100 0010000 0000010 
111101100000000100001 0100000 0000001 1000000 0001000 0010000 0000010 0000100 
111101000000000100001 0100000 0000001 1000000 0001000 0010000 0000100 0000010 
111101110001000000001 0100000 0000001 1000000 0010000 0000010 0000100 0001000 
111101110000000000001 0100000 0000001 1000000 0010000 0000010 0001000 0000100 
111101010001000000001 0100000 0000001 1000000 0010000 0000100 0000010 0001000 
111101000001000000001 0100000 0000001 1000000 0010000 0000100 0001000 0000010 
111101100000000000001 0100000 0000001 1000000 0010000 0001000 0000010 0000100 
111101000000000000001 0100000 0000001 1000000 0010000 0001000 0000100 0000010 
011101111011101101011 0100000 0000010 0000001 0000100 0001000 0010000 1000000 
011101111011101101001 0100000 0000010 0000001 0000100 0001000 1000000 0010000 
011101111011101001011 0100000 0000010 0000001 0000100 0010000 0001000 1000000 
011101111011101000011 0100000 0000010 0000001 0000100 0010000 1000000 0001000 
011101111011101100001 0100000 0000010 0000001 0000100 1000000 0001000 0010000 
011101111011101000001 0100000 0000010 0000001 0000100 1000000 0010000 0001000 
011101111010101101011 0100000 0000010 0000001 0001000 0000100 0010000 1000000 
011101111010101101001 0100000 0000010 0000001 0001000 0000100 1000000 0010000 
011101111010001101011 0100000 0000010 0000001 0001000 0010000 0000100 1000000 
011101111010000101011 0100000 0000010 0000001 0001000 0010000 1000000 0000100 
011101111010100101001 0100000 0000010 0000001 0001000 1000000 0000100 0010000 
011101111010000101001 0100000 0000010 0000001 0001000 1000000 0010000 0000100 
011101111011001001011 0100000 0000010 0000001 0010000 0000100 0001000 1000000 
011101111011001000011 0100000 0000010 0000001 0010000 0000100 1000000 0001000 
011101111010001001011 0100000 0000010 0000001 0010000 0001000 0000100 1000000 
011101111010000001011 0100000 0000010 0000001 0010000 0001000 1000000 0000100 
011101111011000000011 0100000 0000010 0000001 0010000 1000000 0000100 0001000 
011101111010000000011 0100000 0000010 0000001 0010000 1000000 0001000 0000100 
011101111011100100001 0100000 0000010 0000001 1000000 0000100 0001000 0010000 
011101111011100000001 0100000 0000010 0000001 1000000 0000100 0010000 0001000 
011101111010100100001 0100000 0000010 0000001 1000000 0001000 0000100 0010000 
011101111010000100001 0100000 0000010 0000001 1000000 0001000 0010000 0000100 
011101111011000000001 0100000 0000010 0000001 1000000 0010000 0000100 0001000 
011101111010000000001 0100000 0000010 0000001 1000000 0010000 0001000 0000100 
001101111011101101011 0100000 0000010 0000100 0000001 0001000 0010000 1000000 
001101111011101101001 0100000 0000010 0000100 0000001 0001000 1000000 0010000 
001101111011101001011 0100000 0000010 0000100 0000001 0010000 0001000 1000000 
001101111011101000011 0100000 0000010 0000100 0000001 0010000 1000000 0001000 
001101111011101100001 0100000 0000010 0000100 0000001 1000000 0001000 0010000 
001101111011101000001 0100000 0000010 0000100 0000001 1000000 0010000 0001000 
000101111011101101011 0100000 0000010 0000100 0001000 0000001 0010000 1000000 
000101111011101101001 0100000 0000010 0000100 0001000 0000001 1000000 0010000 
000001111011101101011 0100000 0000010 0000100 0001000 0010000 0000001 1000000 
000000111011101101011 0100000 0000010 0000100 0001000 0010000 1000000 0000001 
000100111011101101001 0100000 0000010 0000100 0001000 1000000 0000001 0010000 
000000111011101101001 0100000 0000010 0000100 0001000 1000000 0010000 0000001 
001001111011101001011 0100000 0000010 0000100 0010000 0000001 0001000 1000000 
001001111011101000011 0100000 0000010 0000100 0010000 0000001 1000000 0001000 
000001111011101001011 0100000 0000010 0000100 0010000 0001000 0000001 1000000 
000000111011101001011 0100000 0000010 0000100 0010000 0001000 1000000 0000001 
001000111011101000011 0100000 0000010 0000100 0010000 1000000 0000001 0001000 
000000111011101000011 0100000 0000010 0000100 0010000 1000000 0001000 0000001 
001100111011101100001 0100000 0000010 0000100 1000000 0000001 0001000 0010000 
001100111011101000001 0100000 0000010 0000100 1000000 0000001 0010000 0001000 
000100111011101100001 0100000 0000010 0000100 1000000 0001000 0000001 0010000 
000000111011101100001 0100000 0000010 0000100 1000000 0001000 0010000 0000001 
001000111011101000001 0100000 0000010 0000100 1000000 0010000 0000001 0001000 
000000111011101000001 0100000 0000010 0000100 1000000 0010000 0001000 0000001 
010101111010101101011 0100000 0000010 0001000 0000001 0000100 0010000 1000000 
010101111010101101001 0100000 0000010 0001000 0000001 0000100 1000000 0010000 
010101111010001101011 0100000 0000010 0001000 0000001 0010000 0000100 1000000 
010101111010000101011 0100000 0000010 0001000 0000001 0010000 1000000 0000100 
010101111010100101001 0100000 0000010 0001000 0000001 1000000 0000100 0010000 
010101111010000101001 0100000 0000010 0001000 0000001 1000000 0010000 0000100 
000101111010101101011 0100000 0000010 0001000 0000100 0000001 0010000 1000000 
000101111010101101001 0100000 0000010 0001000 0000100 0000001 1000000 0010000 
000001111010101101011 0100000 0000010 0001000 0000100 0010000 0000001 1000000 
000000111010101101011 0100000 0000010 0001000 0000100 0010000 1000000 0000001 
000100111010101101001 0100000 0000010 0001000 0000100 1000000 0000001 0010000 
000000111010101101001 0100000 0000010 0001000 0000100 1000000 0010000 0000001 
010001111010001101011 0100000 0000010 0001000 0010000 0000001 0000100 1000000 
010001111010000101011 0100000 0000010 0001000 0010000 0000001 1000000 0000100 
000001111010001101011 0100000 0000010 0001000 0010000 0000100 0000001 1000000 
000000111010001101011 0100000 0000010 0001000 0010000 0000100 1000000 0000001 
010000111010000101011 0100000 0000010 0001000 0010000 1000000 0000001 0000100 
000000111010000101011 0100000 0000010 0001000 0010000 1000000 0000100 0000001 
010100111010100101001 0100000 0000010 0001000 1000000 0000001 0000100 0010000 
010100111010000101001 0100000 0000010 0001000 1000000 0000001 0010000 0000100 
000100111010100101001 0100000 0000010 0001000 1000000 0000100 0000001 0010000 
000000111010100101001 0100000 0000010 0001000 1000000 0000100 0010000 0000001 
010000111010000101001 0100000 0000010 0001000 1000000 0010000 0000001 0000100 
000000111010000101001 0100000 0000010 0001000 1000000 0010000 0000100 0000001 
011001111011001001011 0100000 0000010 0010000 0000001 0000100 0001000 1000000 
011001111011001000011 0100000 0000010 0010000 0000001 0000100 1000000 0001000 
011001111010001001011 0100000 0000010 0010000 0000001 0001000 0000100 1000000 
011001111010000001011 0100000 0000010 0010000 0000001 0001000 1000000 0000100 
011001111011000000011 0100000 0000010 0010000 0000001 1000000 0000100 0001000 
011001111010000000011 0100000 0000010 0010000 0000001 1000000 0001000 0000100 
001001111011001001011 0100000 0000010 0010000 0000100 0000001 0001000 1000000 
001001111011001000011 0100000 0000010 0010000 0000100 0000001 1000000 0001000 
000001111011001001011 0100000 0000010 0010000 0000100 0001000 0000001 1000000 
000000111011001001011 0100000 0000010 0010000 0000100 0001000 1000000 0000001 
001000111011001000011 0100000 0000010 0010000 0000100 1000000 0000001 0001000 
000000111011001000011 0100000 0000010 0010000 0000100 1000000 0001000 0000001 
010001111010001001011 0100000 0000010 0010000 0001000 0000001 0000100 1000000 
010001111010000001011 0100000 0000010 0010000 0001000 0000001 1000000 0000100 
000001111010001001011 0100000 0000010 0010000 0001000 0000100 0000001 1000000 
000000111010001001011 0100000 0000010 0010000 0001000 0000100 1000000 0000001 
010000111010000001011 0100000 0000010 0010000 0001000 1000000 0000001 0000100 
000000111010000001011 0100000 0000010 0010000 0001000 1000000 0000100 0000001 
011000111011000000011 0100000 0000010 0010000 1000000 0000001 0000100 0001000 
011000111010000000011 0100000 0000010 0010000 1000000 0000001 0001000 0000100 
001000111011000000011 0100000 0000010 0010000 1000000 0000100 0000001 0001000 
000000111011000000011 0100000 0000010 0010000 1000000 0000100 0001000 0000001 
010000111010000000011 0100000 0000010 0010000 1000000 0001000 0000001 0000100 
000000111010000000011 0100000 0000010 0010000 1000000 0001000 0000100 0000001 
011100111011100100001 0100000 0000010 1000000 0000001 0000100 0001000 0010000 
011100111011100000001 0100000 0000010 1000000 0000001 0000100 0010000 0001000 
011100111010100100001 0100000 0000010 1000000 0000001 0001000 0000100 0010000 
011100111010000100001 0100000 0000010 1000000 0000001 0001000 0010000 0000100 
011100111011000000001 0100000 0000010 1000000 0000001 0010000 0000100 0001000 
011100111010000000001 0100000 0000010 1000000 0000001 0010000 0001000 0000100 
001100111011100100001 0100000 0000010 1000000 0000100 0000001 0001000 0010000 
001100111011100000001 0100000 0000010 1000000 0000100 0000001 0010000 0001000 
000100111011100100001 0100000 0000010 1000000 0000100 0001000 0000001 0010000 
000000111011100100001 0100000 0000010 1000000 0000100 0001000 0010000 0000001 
001000111011100000001 0100000 0000010 1000000 0000100 0010000 0000001 0001000 
000000111011100000001 0100000 0000010 1000000 0000100 0010000 0001000 0000001 
010100111010100100001 0100000 0000010 1000000 0001000 0000001 0000100 0010000 
010100111010000100001 0100000 0000010 1000000 0001000 0000001 0010000 0000100 
000100111010100100001 0100000 0000010 1000000 0001000 0000100 0000001 0010000 
000000111010100100001 0100000 0000010 1000000 0001000 0000100 0010000 0000001 
010000111010000100001 0100000 0000010 1000000 0001000 0010000 0000001 0000100 
000000111010000100001 0100000 0000010 1000000 0001000 0010000 0000100 0000001 
011000111011000000001 0100000 0000010 1000000 0010000 0000001 0000100 0001000 
011000111010000000001 0100000 0000010 1000000 0010000 0000001 0001000 0000100 
001000111011000000001 0100000 0000010 1000000 0010000 0000100 0000001 0001000 
000000111011000000001 0100000 0000010 1000000 0010000 0000100 0001000 0000001 
010000111010000000001 0100000 0000010 1000000 0010000 0001000 0000001 0000100 
000000111010000000001 0100000 0000010 1000000 0010000 0001000 0000100 0000001 
101101011011101101011 0100000 0000100 0000001 0000010 0001000 0010000 1000000 
101101011011101101001 0100000 0000100 0000001 0000010 0001000 1000000 0010000 
101101011011101001011 0100000 0000100 0000001 0000010 0010000 0001000 1000000 
101101011011101000011 0100000 0000100 0000001 0000010 0010000 1000000 0001000 
101101011011101100001 0100000 0000100 0000001 0000010 1000000 0001000 0010000 
101101011011101000001 0100000 0000100 0000001 0000010 1000000 0010000 0001000 
101101001011101101011 0100000 0000100 0000001 0001000 0000010 0010000 1000000 
101101001011101101001 0100000 0000100 0000001 0001000 0000010 1000000 0010000 
101101000011101101011 0100000 0000100 0000001 0001000 0010000 0000010 1000000 
101101000001101101011 0100000 0000100 0000001 0001000 0010000 1000000 0000010 
101101001001101101001 0100000 0000100 0000001 0001000 1000000 0000010 0010000 
101101000001101101001 0100000 0000100 0000001 0001000 1000000 0010000 0000010 
101101010011101001011 0100000 0000100 0000001 0010000 0000010 0001000 1000000 
101101010011101000011 0100000 0000100 0000001 0010000 0000010 1000000 0001000 
101101000011101001011 0100000 0000100 0000001 0010000 0001000 0000010 1000000 
101101000001101001011 0100000 0000100 0000001 0010000 0001000 1000000 0000010 
101101010001101000011 0100000 0000100 0000001 0010000 1000000 0000010 0001000 
101101000001101000011 0100000 0000100 0000001 0010000 1000000 0001000 0000010 
101101011001101100001 0100000 0000100 0000001 1000000 0000010 0001000 0010000 
101101011001101000001 0100000 0000100 0000001 1000000 0000010 0010000 0001000 
101101001001101100001 0100000 0000100 0000001 1000000 0001000 0000010 0010000 
101101000001101100001 0100000 0000100 0000001 1000000 0001000 0010000 0000010 
101101010001101000001 0100000 0000100 0000001 1000000 0010000 0000010 0001000 
101101000001101000001 0100000 0000100 0000001 1000000 0010000 0001000 0000010 
001101011011101101011 0100000 0000100 0000010 0000001 0001000 0010000 1000000 
001101011011101101001 0100000 0000100 0000010 0000001 0001000 1000000 0010000 
001101011011101001011 0100000 0000100 0000010 0000001 0010000 0001000 1000000 
001101011011101000011 0100000 0000100 0000010 0000001 0010000 1000000 0001000 
001101011011101100001 0100000 0000100 0000010 0000001 1000000 0001000 0010000 
001101011011101000001 0100000 0000100 0000010 0000001 1000000 0010000 0001000 
000101011011101101011 0100000 0000100 0000010 0001000 0000001 0010000 1000000 
000101011011101101001 0100000 0000100 0000010 0001000 0000001 1000000 0010000 
000001011011101101011 0100000 0000100 0000010 0001000 0010000 0000001 1000000 
000000011011101101011 0100000 0000100 0000010 0001000 0010000 1000000 0000001 
000100011011101101001 0100000 0000100 0000010 0001000 1000000 0000001 0010000 
000000011011101101001 0100000 0000100 0000010 0001000 1000000 0010000 0000001 
001001011011101001011 0100000 0000100 0000010 0010000 0000001 0001000 1000000 
001001011011101000011 0100000 0000100 0000010 0010000 0000001 1000000 0001000 
000001011011101001011 0100000 0000100 0000010 0010000 0001000 0000001 1000000 
000000011011101001011 0100000 0000100 0000010 0010000 0001000 1000000 0000001 
001000011011101000011 0100000 0000100 0000010 0010000 1000000 0000001 0001000 
000000011011101000011 0100000 0000100 0000010 0010000 1000000 0001000 0000001 
001100011011101100001 0100000 0000100 0000010 1000000 0000001 0001000 0010000 
001100011011101000001 0100000 0000100 0000010 1000000 0000001 0010000 0001000 
000100011011101100001 0100000 0000100 0000010 1000000 0001000 0000001 0010000 
000000011011101100001 0100000 0000100 0000010 1000000 0001000 0010000 0000001 
001000011011101000001 0100000 0000100 0000010 1000000 0010000 0000001 0001000 
000000011011101000001 0100000 0000100 0000010 1000000 0010000 0001000 0000001 
100101001011101101011 0100000 0000100 0001000 0000001 0000010 0010000 1000000 
100101001011101101001 0100000 0000100 0001000 0000001 0000010 1000000 0010000 
100101000011101101011 0100000 0000100 0001000 0000001 0010000 0000010 1000000 
100101000001101101011 0100000 0000100 0001000 0000001 0010000 1000000 0000010 
100101001001101101001 0100000 0000100 0001000 0000001 1000000 0000010 0010000 
100101000001101101001 0100000 0000100 0001000 0000001 1000000 0010000 0000010 
000101001011101101011 0100000 0000100 0001000 0000010 0000001 0010000 1000000 
000101001011101101001 0100000 0000100 0001000 0000010 0000001 1000000 0010000 
000001001011101101011 0100000 0000100 0001000 0000010 0010000 0000001 1000000 
000000001011101101011 0100000 0000100 0001000 0000010 0010000 1000000 0000001 
000100001011101101001 0100000 0000100 0001000 0000010 1000000 0000001 0010000 
000000001011101101001 0100000 0000100 0001000 0000010 1000000 0010000 0000001 
100001000011101101011 0100000 0000100 0001000 0010000 0000001 0000010 1000000 
100001000001101101011 0100000 0000100 0001000 0010000 0000001 1000000 0000010 
000001000011101101011 0100000 0000100 0001000 0010000 0000010 0000001 1000000 
000000000011101101011 0100000 0000100 0001000 0010000 0000010 1000000 0000001 
100000000001101101011 0100000 0000100 0001000 0010000 1000000 0000001 0000010 
000000000001101101011 0100000 0000100 0001000 0010000 1000000 0000010 0000001 
100100001001101101001 0100000 0000100 0001000 1000000 0000001 0000010 0010000 
100100000001101101001 0100000 0000100 0001000 1000000 0000001 0010000 0000010 
000100001001101101001 0100000 0000100 0001000 1000000 0000010 0000001 0010000 
000000001001101101001 0100000 0000100 0001000 1000000 0000010 0010000 0000001 
100000000001101101001 0100000 0000100 0001000 1000000 0010000 0000001 0000010 
000000000001101101001 0100000 0000100 0001000 1000000 0010000 0000010 0000001 
101001010011101001011 0100000 0000100 0010000 0000001 0000010 0001000 1000000 
101001010011101000011 0100000 0000100 0010000 0000001 0000010 1000000 0001000 
101001000011101001011 0100000 0000100 0010000 0000001 0001000 0000010 1000000 
101001000001101001011 0100000 0000100 0010000 0000001 0001000 1000000 0000010 
101001010001101000011 0100000 0000100 0010000 0000001 1000000 0000010 0001000 
101001000001101000011 0100000 0000100 0010000 0000001 1000000 0001000 0000010 
001001010011101001011 0100000 0000100 0010000 0000010 0000001 0001000 1000000 
001001010011101000011 0100000 0000100 0010000 0000010 0000001 1000000 0001000 
000001010011101001011 0100000 0000100 0010000 0000010 0001000 0000001 1000000 
000000010011101001011 0100000 0000100 0010000 0000010 0001000 1000000 0000001 
001000010011101000011 0100000 0000100 0010000 0000010 1000000 0000001 0001000 
000000010011101000011 0100000 0000100 0010000 0000010 1000000 0001000 0000001 
100001000011101001011 0100000 0000100 0010000 0001000 0000001 0000010 1000000 
100001000001101001011 0100000 0000100 0010000 0001000 0000001 1000000 0000010 
000001000011101001011 0100000 0000100 0010000 0001000 0000010 0000001 1000000 
000000000011101001011 0100000 0000100 0010000 0001000 0000010 1000000 0000001 
100000000001101001011 0100000 0000100 0010000 0001000 1000000 0000001 0000010 
000000000001101001011 0100000 0000100 0010000 0001000 1000000 0000010 0000001 
101000010001101000011 0100000 0000100 0010000 1000000 0000001 0000010 0001000 
101000000001101000011 0100000 0000100 0010000 1000000 0000001 0001000 0000010 
001000010001101000011 0100000 0000100 0010000 1000000 0000010 0000001 0001000 
000000010001101000011 0100000 0000100 0010000 1000000 0000010 0001000 0000001 
100000000001101000011 0100000 0000100 0010000 1000000 0001000 0000001 0000010 
000000000001101000011 0100000 0000100 0010000 1000000 0001000 0000010 0000001 
101100011001101100001 0100000 0000100 1000000 0000001 0000010 0001000 0010000 
101100011001101000001 0100000 0000100 1000000 0000001 0000010 0010000 0001000 
101100001001101100001 0100000 0000100 1000000 0000001 0001000 0000010 0010000 
101100000001101100001 0100000 0000100 1000000 0000001 0001000 0010000 0000010 
101100010001101000001 0100000 0000100 1000000 0000001 0010000 0000010 0001000 
101100000001101000001 0100000 0000100 1000000 0000001 0010000 0001000 0000010 
001100011001101100001 0100000 0000100 1000000 0000010 0000001 0001000 0010000 
001100011001101000001 0100000 0000100 1000000 0000010 0000001 0010000 0001000 
000100011001101100001 0100000 0000100 1000000 0000010 0001000 0000001 0010000 
000000011001101100001 0100000 0000100 1000000 0000010 0001000 0010000 0000001 
001000011001101000001 0100000 0000100 1000000 0000010 0010000 0000001 0001000 
000000011001101000001 0100000 0000100 1000000 0000010 0010000 0001000 0000001 
100100001001101100001 0100000 0000100 1000000 0001000 0000001 0000010 0010000 
100100000001101100001 0100000 0000100 1000000 0001000 0000001 0010000 0000010 
000100001001101100001 0100000 0000100 1000000 0001000 0000010 0000001 0010000 
000000001001101100001 0100000 0000100 1000000 0001000 0000010 0010000 0000001 
100000000001101100001 0100000 0000100 1000000 0001000 0010000 0000001 0000010 
000000000001101100001 0100000 0000100 1000000 0001000 0010000 0000010 0000001 
101000010001101000001 0100000 0000100 1000000 0010000 0000001 0000010 0001000 
101000000001101000001 0100000 0000100 1000000 0010000 0000001 0001000 0000010 
001000010001101000001 0100000 0000100 1000000 0010000 0000010 0000001 0001000 
000000010001101000001 0100000 0000100 1000000 0010000 0000010 0001000 0000001 
100000000001101000001 0100000 0000100 1000000 0010000 0001000 0000001 0000010 
000000000001101000001 0100000 0000100 1000000 0010000 0001000 0000010 0000001 
110101101010101101011 0100000 0001000 0000001 0000010 0000100 0010000 1000000 
110101101010101101001 0100000 0001000 0000001 0000010 0000100 1000000 0010000 
110101101010001101011 0100000 0001000 0000001 0000010 0010000 0000100 1000000 
110101101010000101011 0100000 0001000 0000001 0000010 0010000 1000000 0000100 
110101101010100101001 0100000 0001000 0000001 0000010 1000000 0000100 0010000 
110101101010000101001 0100000 0001000 0000001 0000010 1000000 0010000 0000100 
110101001010101101011 0100000 0001000 0000001 0000100 0000010 0010000 1000000 
110101001010101101001 0100000 0001000 0000001 0000100 0000010 1000000 0010000 
110101000010101101011 0100000 0001000 0000001 0000100 0010000 0000010 1000000 
110101000000101101011 0100000 0001000 0000001 0000100 0010000 1000000 0000010 
110101001000101101001 0100000 0001000 0000001 0000100 1000000 0000010 0010000 
110101000000101101001 0100000 0001000 0000001 0000100 1000000 0010000 0000010 
110101100010001101011 0100000 0001000 0000001 0010000 0000010 0000100 1000000 
110101100010000101011 0100000 0001000 0000001 0010000 0000010 1000000 0000100 
110101000010001101011 0100000 0001000 0000001 0010000 0000100 0000010 1000000 
110101000000001101011 0100000 0001000 0000001 0010000 0000100 1000000 0000010 
110101100000000101011 0100000 0001000 0000001 0010000 1000000 0000010 0000100 
110101000000000101011 0100000 0001000 0000001 0010000 1000000 0000100 0000010 
110101101000100101001 0100000 0001000 0000001 1000000 0000010 0000100 0010000 
110101101000000101001 0100000 0001000 0000001 1000000 0000010 0010000 0000100 
110101001000100101001 0100000 0001000 0000001 1000000 0000100 0000010 0010000 
110101000000100101001 0100000 0001000 0000001 1000000 0000100 0010000 0000010 
110101100000000101001 0100000 0001000 0000001 1000000 0010000 0000010 0000100 
110101000000000101001 0100000 0001000 0000001 1000000 0010000 0000100 0000010 
010101101010101101011 0100000 0001000 0000010 0000001 0000100 0010000 1000000 
010101101010101101001 0100000 0001000 0000010 0000001 0000100 1000000 0010000 
010101101010001101011 0100000 0001000 0000010 0000001 0010000 0000100 1000000 
010101101010000101011 0100000 0001000 0000010 0000001 0010000 1000000 0000100 
010101101010100101001 0100000 0001000 0000010 0000001 1000000 0000100 0010000 
010101101010000101001 0100000 0001000 0000010 0000001 1000000 0010000 0000100 
000101101010101101011 0100000 0001000 0000010 0000100 0000001 0010000 1000000 
000101101010101101001 0100000 0001000 0000010 0000100 0000001 1000000 0010000 
000001101010101101011 0100000 0001000 0000010 0000100 0010000 0000001 1000000 
000000101010101101011 0100000 0001000 0000010 0000100 0010000 1000000 0000001 
000100101010101101001 0100000 0001000 0000010 0000100 1000000 0000001 0010000 
000000101010101101001 0100000 0001000 0000010 0000100 1000000 0010000 0000001 
010001101010001101011 0100000 0001000 0000010 0010000 0000001 0000100 1000000 
010001101010000101011 0100000 0001000 0000010 0010000 0000001 1000000 0000100 
000001101010001101011 0100000 0001000 0000010 0010000 0000100 0000001 1000000 
000000101010001101011 0100000 0001000 0000010 0010000 0000100 1000000 0000001 
010000101010000101011 0100000 0001000 0000010 0010000 1000000 0000001 0000100 
000000101010000101011 0100000 0001000 0000010 0010000 1000000 0000100 0000001 
010100101010100101001 0100000 0001000 0000010 1000000 0000001 0000100 0010000 
010100101010000101001 0100000 0001000 0000010 1000000 0000001 0010000 0000100 
000100101010100101001 0100000 0001000 0000010 1000000 0000100 0000001 0010000 
000000101010100101001 0100000 0001000 0000010 1000000 0000100 0010000 0000001 
010000101010000101001 0100000 0001000 0000010 1000000 0010000 0000001 0000100 
000000101010000101001 0100000 0001000 0000010 1000000 0010000 0000100 0000001 
100101001010101101011 0100000 0001000 0000100 0000001 0000010 0010000 1000000 
100101001010101101001 0100000 0001000 0000100 0000001 0000010 1000000 0010000 
100101000010101101011 0100000 0001000 0000100 0000001 0010000 0000010 1000000 
100101000000101101011 0100000 0001000 0000100 0000001 0010000 1000000 0000010 
100101001000101101001 0100000 0001000 0000100 0000001 1000000 0000010 0010000 
100101000000101101001 0100000 0001000 0000100 0000001 1000000 0010000 0000010 
000101001010101101011 0100000 0001000 0000100 0000010 0000001 0010000 1000000 
000101001010101101001 0100000 0001000 0000100 0000010 0000001 1000000 0010000 
000001001010101101011 0100000 0001000 0000100 0000010 0010000 0000001 1000000 
000000001010101101011 0100000 0001000 0000100 0000010 0010000 1000000 0000001 
000100001010101101001 0100000 0001000 0000100 0000010 1000000 0000001 0010000 
000000001010101101001 0100000 0001000 0000100 0000010 1000000 0010000 0000001 
100001000010101101011 0100000 0001000 0000100 0010000 0000001 0000010 1000000 
100001000000101101011 0100000 0001000 0000100 0010000 0000001 1000000 0000010 
000001000010101101011 0100000 0001000 0000100 0010000 0000010 0000001 1000000 
000000000010101101011 0100000 0001000 0000100 0010000 0000010 1000000 0000001 
100000000000101101011 0100000 0001000 0000100 0010000 1000000 0000001 0000010 
000000000000101101011 0100000 0001000 0000100 0010000 1000000 0000010 0000001 
100100001000101101001 0100000 0001000 0000100 1000000 0000001 0000010 0010000 
100100000000101101001 0100000 0001000 0000100 1000000 0000001 0010000 0000010 
000100001000101101001 0100000 0001000 0000100 1000000 0000010 0000001 0010000 
000000001000101101001 0100000 0001000 0000100 1000000 0000010 0010000 0000001 
100000000000101101001 0100000 0001000 0000100 1000000 0010000 0000001 0000010 
000000000000101101001 0100000 0001000 0000100 1000000 0010000 0000010 0000001 
110001100010001101011 0100000 0001000 0010000 0000001 0000010 0000100 1000000 
110001100010000101011 0100000 0001000 0010000 0000001 0000010 1000000 0000100 
110001000010001101011 0100000 0001000 0010000 0000001 0000100 0000010 1000000 
110001000000001101011 0100000 0001000 0010000 0000001 0000100 1000000 0000010 
110001100000000101011 0100000 0001000 0010000 0000001 1000000 0000010 0000100 
110001000000000101011 0100000 0001000 0010000 0000001 1000000 0000100 0000010 
010001100010001101011 0100000 0001000 0010000 0000010 0000001 0000100 1000000 
010001100010000101011 0100000 0001000 0010000 0000010 0000001 1000000 0000100 
000001100010001101011 0100000 0001000 0010000 0000010 0000100 0000001 1000000 
000000100010001101011 0100000 0001000 0010000 0000010 0000100 1000000 0000001 
010000100010000101011 0100000 0001000 0010000 0000010 1000000 0000001 0000100 
000000100010000101011 0100000 0001000 0010000 0000010 1000000 0000100 0000001 
100001000010001101011 0100000 0001000 0010000 0000100 0000001 0000010 1000000 
100001000000001101011 0100000 0001000 0010000 0000100 0000001 1000000 0000010 
000001000010001101011 0100000 0001000 0010000 0000100 0000010 0000001 1000000 
000000000010001101011 0100000 0001000 0010000 0000100 0000010 1000000 0000001 
100000000000001101011 0100000 0001000 0010000 0000100 1000000 0000001 0000010 
000000000000001101011 0100000 0001000 0010000 0000100 1000000 0000010 0000001 
110000100000000101011 0100000 0001000 0010000 1000000 0000001 0000010 0000100 
110000000000000101011 0100000 0001000 0010000 1000000 0000001 0000100 0000010 
010000100000000101011 0100000 0001000 0010000 1000000 0000010 0000001 0000100 
000000100000000101011 0100000 0001000 0010000 1000000 0000010 0000100 0000001 
100000000000000101011 0100000 0001000 0010000 1000000 0000100 0000001 0000010 
000000000000000101011 0100000 0001000 0010000 1000000 0000100 0000010 0000001 
110100101000100101001 0100000 0001000 1000000 0000001 0000010 0000100 0010000 
110100101000000101001 0100000 0001000 1000000 0000001 0000010 0010000 0000100 
110100001000100101001 0100000 0001000 1000000 0000001 0000100 0000010 0010000 
110100000000100101001 0100000 0001000 1000000 0000001 0000100 0010000 0000010 
110100100000000101001 0100000 0001000 1000000 0000001 0010000 0000010 0000100 
110100000000000101001 0100000 0001000 1000000 0000001 0010000 0000100 0000010 
010100101000100101001 0100000 0001000 1000000 0000010 0000001 0000100 0010000 
010100101000000101001 0100000 0001000 1000000 0000010 0000001 0010000 0000100 
000100101000100101001 0100000 0001000 1000000 0000010 0000100 0000001 0010000 
000000101000100101001 0100000 0001000 1000000 0000010 0000100 0010000 0000001 
010000101000000101001 0100000 0001000 1000000 0000010 0010000 0000001 0000100 
000000101000000101001 0100000 0001000 1000000 0000010 0010000 0000100 0000001 
100100001000100101001 0100000 0001000 1000000 0000100 0000001 0000010 0010000 
100100000000100101001 0100000 0001000 1000000 0000100 0000001 0010000 0000010 
000100001000100101001 0100000 0001000 1000000 0000100 0000010 0000001 0010000 
000000001000100101001 0100000 0001000 1000000 0000100 0000010 0010000 0000001 
100000000000100101001 0100000 0001000 1000000 0000100 0010000 0000001 0000010 
000000000000100101001 0100000 0001000 1000000 0000100 0010000 0000010 0000001 
110000100000000101001 0100000 0001000 1000000 0010000 0000001 0000010 0000100 
110000000000000101001 0100000 0001000 1000000 0010000 0000001 0000100 0000010 
010000100000000101001 0100000 0001000 1000000 0010000 0000010 0000001 0000100 
000000100000000101001 0100000 0001000 1000000 0010000 0000010 0000100 0000001 
100000000000000101001 0100000 0001000 1000000 0010000 0000100 0000001 0000010 
000000000000000101001 0100000 0001000 1000000 0010000 0000100 0000010 0000001 
111001110011001001011 0100000 0010000 0000001 0000010 0000100 0001000 1000000 
111001110011001000011 0100000 0010000 0000001 0000010 0000100 1000000 0001000 
111001110010001001011 0100000 0010000 0000001 0000010 0001000 0000100 1000000 
111001110010000001011 0100000 0010000 0000001 0000010 0001000 1000000 0000100 
111001110011000000011 0100000 0010000 0000001 0000010 1000000 0000100 0001000 
111001110010000000011 0100000 0010000 0000001 0000010 1000000 0001000 0000100 
111001010011001001011 0100000 0010000 0000001 0000100 0000010 0001000 1000000 
111001010011001000011 0100000 0010000 0000001 0000100 0000010 1000000 0001000 
111001000011001001011 0100000 0010000 0000001 0000100 0001000 0000010 1000000 
111001000001001001011 0100000 0010000 0000001 0000100 0001000 1000000 0000010 
111001010001001000011 0100000 0010000 0000001 0000100 1000000 0000010 0001000 
111001000001001000011 0100000 0010000 0000001 0000100 1000000 0001000 0000010 
111001100010001001011 0100000 0010000 0000001 0001000 0000010 0000100 1000000 
111001100010000001011 0100000 0010000 0000001 0001000 0000010 1000000 0000100 
111001000010001001011 0100000 0010000 0000001 0001000 0000100 0000010 1000000 
111001000000001001011 0100000 0010000 0000001 0001000 0000100 1000000 0000010 
111001100000000001011 0100000 0010000 0000001 0001000 1000000 0000010 0000100 
111001000000000001011 0100000 0010000 0000001 0001000 1000000 0000100 0000010 
111001110001000000011 0100000 0010000 0000001 1000000 0000010 0000100 0001000 
111001110000000000011 0100000 0010000 0000001 1000000 0000010 0001000 0000100 
111001010001000000011 0100000 0010000 0000001 1000000 0000100 0000010 0001000 
111001000001000000011 0100000 0010000 0000001 1000000 0000100 0001000 0000010 
111001100000000000011 0100000 0010000 0000001 1000000 0001000 0000010 0000100 
111001000000000000011 0100000 0010000 0000001 1000000 0001000 0000100 0000010 
011001110011001001011 0100000 0010000 0000010 0000001 0000100 0001000 1000000 
011001110011001000011 0100000 0010000 0000010 0000001 0000100 1000000 0001000 
011001110010001001011 0100000 0010000 0000010 0000001 0001000 0000100 1000000 
011001110010000001011 0100000 0010000 0000010 0000001 0001000 1000000 0000100 
011001110011000000011 0100000 0010000 0000010 0000001 1000000 0000100 0001000 
011001110010000000011 0100000 0010000 0000010 0000001 1000000 0001000 0000100 
001001110011001001011 0100000 0010000 0000010 0000100 0000001 0001000 1000000 
001001110011001000011 0100000 0010000 0000010 0000100 0000001 1000000 0001000 
000001110011001001011 0100000 0010000 0000010 0000100 0001000 0000001 1000000 
000000110011001001011 0100000 0010000 0000010 0000100 0001000 1000000 0000001 
001000110011001000011 0100000 0010000 0000010 0000100 1000000 0000001 0001000 
000000110011001000011 0100000 0010000 0000010 0000100 1000000 0001000 0000001 
010001110010001001011 0100000 0010000 0000010 0001000 0000001 0000100 1000000 
010001110010000001011 0100000 0010000 0000010 0001000 0000001 1000000 0000100 
000001110010001001011 0100000 0010000 0000010 0001000 0000100 0000001 1000000 
000000110010001001011 0100000 0010000 0000010 0001000 0000100 1000000 0000001 
010000110010000001011 0100000 0010000 0000010 0001000 1000000 0000001 0000100 
000000110010000001011 0100000 0010000 0000010 0001000 1000000 0000100 0000001 
011000110011000000011 0100000 0010000 0000010 1000000 0000001 0000100 0001000 
011000110010000000011 0100000 0010000 0000010 1000000 0000001 0001000 0000100 
001000110011000000011 0100000 0010000 0000010 1000000 0000100 0000001 0001000 
000000110011000000011 0100000 0010000 0000010 1000000 0000100 0001000 0000001 
010000110010000000011 0100000 0010000 0000010 1000000 0001000 0000001 0000100 
000000110010000000011 0100000 0010000 0000010 1000000 0001000 0000100 0000001 
101001010011001001011 0100000 0010000 0000100 0000001 0000010 0001000 1000000 
101001010011001000011 0100000 0010000 0000100 0000001 0000010 1000000 0001000 
101001000011001001011 0100000 0010000 0000100 0000001 0001000 0000010 1000000 
101001000001001001011 0100000 0010000 0000100 0000001 0001000 1000000 0000010 
101001010001001000011 0100000 0010000 0000100 0000001 1000000 0000010 0001000 
101001000001001000011 0100000 0010000 0000100 0000001 1000000 0001000 0000010 
001001010011001001011 0100000 0010000 0000100 0000010 0000001 0001000 1000000 
001001010011001000011 0100000 0010000 0000100 0000010 0000001 1000000 0001000 
000001010011001001011 0100000 0010000 0000100 0000010 0001000 0000001 1000000 
000000010011001001011 0100000 0010000 0000100 0000010 0001000 1000000 0000001 
001000010011001000011 0100000 0010000 0000100 0000010 1000000 0000001 0001000 
000000010011001000011 0100000 0010000 0000100 0000010 1000000 0001000 0000001 
100001000011001001011 0100000 0010000 0000100 0001000 0000001 0000010 1000000 
100001000001001001011 0100000 0010000 0000100 0001000 0000001 1000000 0000010 
000001000011001001011 0100000 0010000 0000100 0001000 0000010 0000001 1000000 
000000000011001001011 0100000 0010000 0000100 0001000 0000010 1000000 0000001 
100000000001001001011 0100000 0010000 0000100 0001000 1000000 0000001 0000010 
000000000001001001011 0100000 0010000 0000100 0001000 1000000 0000010 0000001 
101000010001001000011 0100000 0010000 0000100 1000000 0000001 0000010 0001000 
101000000001001000011 0100000 0010000 0000100 1000000 0000001 0001000 0000010 
001000010001001000011 0100000 0010000 0000100 1000000 0000010 0000001 0001000 
000000010001001000011 0100000 0010000 0000100 1000000 0000010 0001000 0000001 
100000000001001000011 0100000 0010000 0000100 1000000 0001000 0000001 0000010 
000000000001001000011 0100000 0010000 0000100 1000000 0001000 0000010 0000001 
110001100010001001011 0100000 0010000 0001000 0000001 0000010 0000100 1000000 
110001100010000001011 0100000 0010000 0001000 0000001 0000010 1000000 0000100 
110001000010001001011 0100000 0010000 0001000 0000001 0000100 0000010 1000000 
110001000000001001011 0100000 0010000 0001000 0000001 0000100 1000000 0000010 
110001100000000001011 0100000 0010000 0001000 0000001 1000000 0000010 0000100 
110001000000000001011 0100000 0010000 0001000 0000001 1000000 0000100 0000010 
010001100010001001011 0100000 0010000 0001000 0000010 0000001 0000100 1000000 
010001100010000001011 0100000 0010000 0001000 0000010 0000001 1000000 0000100 
000001100010001001011 0100000 0010000 0001000 0000010 0000100 0000001 1000000 
000000100010001001011 0100000 0010000 0001000 0000010 0000100 1000000 0000001 
010000100010000001011 0100000 0010000 0001000 0000010 1000000 0000001 0000100 
000000100010000001011 0100000 0010000 0001000 0000010 1000000 0000100 0000001 
100001000010001001011 0100000 0010000 0001000 0000100 0000001 0000010 1000000 
100001000000001001011 0100000 0010000 0001000 0000100 0000001 1000000 0000010 
000001000010001001011 0100000 0010000 0001000 0000100 0000010 0000001 1000000 
000000000010001001011 0100000 0010000 0001000 0000100 0000010 1000000 0000001 
100000000000001001011 0100000 0010000 0001000 0000100 1000000 0000001 0000010 
000000000000001001011 0100000 0010000 0001000 0000100 1000000 0000010 0000001 
110000100000000001011 0100000 0010000 0001000 1000000 0000001 0000010 0000100 
110000000000000001011 0100000 0010000 0001000 1000000 0000001 0000100 0000010 
010000100000000001011 0100000 0010000 0001000 1000000 0000010 0000001 0000100 
000000100000000001011 0100000 0010000 0001000 1000000 0000010 0000100 0000001 
100000000000000001011 0100000 0010000 0001000 1000000 0000100 0000001 0000010 
000000000000000001011 0100000 0010000 0001000 1000000 0000100 0000010 0000001 
111000110001000000011 0100000 0010000 1000000 0000001 0000010 0000100 0001000 
111000110000000000011 0100000 0010000 1000000 0000001 0000010 0001000 0000100 
111000010001000000011 0100000 0010000 1000000 0000001 0000100 0000010 0001000 
111000000001000000011 0100000 0010000 1000000 0000001 0000100 0001000 0000010 
111000100000000000011 0100000 0010000 1000000 0000001 0001000 0000010 0000100 
111000000000000000011 0100000 0010000 1000000 0000001 0001000 0000100 0000010 
011000110001000000011 0100000 0010000 1000000 0000010 0000001 0000100 0001000 
011000110000000000011 0100000 0010000 1000000 0000010 0000001 0001000 0000100 
001000110001000000011 0100000 0010000 1000000 0000010 0000100 0000001 0001000 
000000110001000000011 0100000 0010000 1000000 0000010 0000100 0001000 0000001 
010000110000000000011 0100000 0010000 1000000 0000010 0001000 0000001 0000100 
000000110000000000011 0100000 0010000 1000000 0000010 0001000 0000100 0000001 
101000010001000000011 0100000 0010000 1000000 0000100 0000001 0000010 0001000 
101000000001000000011 0100000 0010000 1000000 0000100 0000001 0001000 0000010 
001000010001000000011 0100000 0010000 1000000 0000100 0000010 0000001 0001000 
000000010001000000011 0100000 0010000 1000000 0000100 0000010 0001000 0000001 
100000000001000000011 0100000 0010000 1000000 0000100 0001000 0000001 0000010 
000000000001000000011 0100000 0010000 1000000 0000100 0001000 0000010 0000001 
110000100000000000011 0100000 0010000 1000000 0001000 0000001 0000010 0000100 
110000000000000000011 0100000 0010000 1000000 0001000 0000001 0000100 0000010 
010000100000000000011 0100000 0010000 1000000 0001000 0000010 0000001 0000100 
000000100000000000011 0100000 0010000 1000000 0001000 0000010 0000100 0000001 
100000000000000000011 0100000 0010000 1000000 0001000 0000100 0000001 0000010 
000000000000000000011 0100000 0010000 1000000 0001000 0000100 0000010 0000001 
111100111001100100001 0100000 1000000 0000001 0000010 0000100 0001000 0010000 
111100111001100000001 0100000 1000000 0000001 0000010 0000100 0010000 0001000 
111100111000100100001 0100000 1000000 0000001 0000010 0001000 0000100 0010000 
111100111000000100001 0100000 1000000 0000001 0000010 0001000 0010000 0000100 
111100111001000000001 0100000 1000000 0000001 0000010 0010000 0000100 0001000 
111100111000000000001 0100000 1000000 0000001 0000010 0010000 0001000 0000100 
111100011001100100001 0100000 1000000 0000001 0000100 0000010 0001000 0010000 
111100011001100000001 0100000 1000000 0000001 0000100 0000010 0010000 0001000 
111100001001100100001 0100000 1000000 0000001 0000100 0001000 0000010 0010000 
111100000001100100001 0100000 1000000 0000001 0000100 0001000 0010000 0000010 
111100010001100000001 0100000 1000000 0000001 0000100 0010000 0000010 0001000 
111100000001100000001 0100000 1000000 0000001 0000100 0010000 0001000 0000010 
111100101000100100001 0100000 1000000 0000001 0001000 0000010 0000100 0010000 
111100101000000100001 0100000 1000000 0000001 0001000 0000010 0010000 0000100 
111100001000100100001 0100000 1000000 0000001 0001000 0000100 0000010 0010000 
111100000000100100001 0100000 1000000 0000001 0001000 0000100 0010000 0000010 
111100100000000100001 0100000 1000000 0000001 0001000 0010000 0000010 0000100 
111100000000000100001 0100000 1000000 0000001 0001000 0010000 0000100 0000010 
111100110001000000001 0100000 1000000 0000001 0010000 0000010 0000100 0001000 
111100110000000000001 0100000 1000000 0000001 0010000 0000010 0001000 0000100 
111100010001000000001 0100000 1000000 0000001 0010000 0000100 0000010 0001000 
111100000001000000001 0100000 1000000 0000001 0010000 0000100 0001000 0000010 
111100100000000000001 0100000 1000000 0000001 0010000 0001000 0000010 0000100 
111100000000000000001 0100000 1000000 0000001 0010000 0001000 0000100 0000010 
011100111001100100001 0100000 1000000 0000010 0000001 0000100 0001000 0010000 
011100111001100000001 0100000 1000000 0000010 0000001 0000100 0010000 0001000 
011100111000100100001 0100000 1000000 0000010 0000001 0001000 0000100 0010000 
011100111000000100001 0100000 1000000 0000010 0000001 0001000 0010000 0000100 
011100111001000000001 0100000 1000000 0000010 0000001 0010000 0000100 0001000 
011100111000000000001 0100000 1000000 0000010 0000001 0010000 0001000 0000100 
001100111001100100001 0100000 1000000 0000010 0000100 0000001 0001000 0010000 
001100111001100000001 0100000 1000000 0000010 0000100 0000001 0010000 0001000 
000100111001100100001 0100000 1000000 0000010 0000100 0001000 0000001 0010000 
000000111001100100001 0100000 1000000 0000010 0000100 0001000 0010000 0000001 
001000111001100000001 0100000 1000000 0000010 0000100 0010000 0000001 0001000 
000000111001100000001 0100000 1000000 0000010 0000100 0010000 0001000 0000001 
010100111000100100001 0100000 1000000 0000010 0001000 0000001 0000100 0010000 
010100111000000100001 0100000 1000000 0000010 0001000 0000001 0010000 0000100 
000100111000100100001 0100000 1000000 0000010 0001000 0000100 0000001 0010000 
000000111000100100001 0100000 1000000 0000010 0001000 0000100 0010000 0000001 
010000111000000100001 0100000 1000000 0000010 0001000 0010000 0000001 0000100 
000000111000000100001 0100000 1000000 0000010 0001000 0010000 0000100 0000001 
011000111001000000001 0100000 1000000 0000010 0010000 0000001 0000100 0001000 
011000111000000000001 0100000 1000000 0000010 0010000 0000001 0001000 0000100 
001000111001000000001 0100000 1000000 0000010 0010000 0000100 0000001 0001000 
000000111001000000001 0100000 1000000 0000010 0010000 0000100 0001000 0000001 
010000111000000000001 0100000 1000000 0000010 0010000 0001000 0000001 0000100 
000000111000000000001 0100000 1000000 0000010 0010000 0001000 0000100 0000001 
101100011001100100001 0100000 1000000 0000100 0000001 0000010 0001000 0010000 
101100011001100000001 0100000 1000000 0000100 0000001 0000010 0010000 0001000 
101100001001100100001 0100000 1000000 0000100 0000001 0001000 0000010 0010000 
101100000001100100001 0100000 1000000 0000100 0000001 0001000 0010000 0000010 
101100010001100000001 0100000 1000000 0000100 0000001 0010000 0000010 0001000 
101100000001100000001 0100000 1000000 0000100 0000001 0010000 0001000 0000010 
001100011001100100001 0100000 1000000 0000100 0000010 0000001 0001000 0010000 
001100011001100000001 0100000 1000000 0000100 0000010 0000001 0010000 0001000 
000100011001100100001 0100000 1000000 0000100 0000010 0001000 0000001 0010000 
000000011001100100001 0100000 1000000 0000100 0000010 0001000 0010000 0000001 
001000011001100000001 0100000 1000000 0000100 0000010 0010000 0000001 0001000 
000000011001100000001 0100000 1000000 0000100 0000010 0010000 0001000 0000001 
100100001001100100001 0100000 1000000 0000100 0001000 0000001 0000010 0010000 
100100000001100100001 0100000 1000000 0000100 0001000 0000001 0010000 0000010 
000100001001100100001 0100000 1000000 0000100 0001000 0000010 0000001 0010000 
000000001001100100001 0100000 1000000 0000100 0001000 0000010 0010000 0000001 
100000000001100100001 0100000 1000000 0000100 0001000 0010000 0000001 0000010 
000000000001100100001 0100000 1000000 0000100 0001000 0010000 0000010 0000001 
101000010001100000001 0100000 1000000 0000100 0010000 0000001 0000010 0001000 
101000000001100000001 0100000 1000000 0000100 0010000 0000001 0001000 0000010 
001000010001100000001 0100000 1000000 0000100 0010000 0000010 0000001 0001000 
000000010001100000001 0100000 1000000 0000100 0010000 0000010 0001000 0000001 
100000000001100000001 0100000 1000000 0000100 0010000 0001000 0000001 0000010 
000000000001100000001 0100000 1000000 0000100 0010000 0001000 0000010 0000001 
110100101000100100001 0100000 1000000 0001000 0000001 0000010 0000100 0010000 
110100101000000100001 0100000 1000000 0001000 0000001 0000010 0010000 0000100 
110100001000100100001 0100000 1000000 0001000 0000001 0000100 0000010 0010000 
110100000000100100001 0100000 1000000 0001000 0000001 0000100 0010000 0000010 
110100100000000100001 0100000 1000000 0001000 0000001 0010000 0000010 0000100 
110100000000000100001 0100000 1000000 0001000 0000001 0010000 0000100 0000010 
010100101000100100001 0100000 1000000 0001000 0000010 0000001 0000100 0010000 
010100101000000100001 0100000 1000000 0001000 0000010 0000001 0010000 0000100 
000100101000100100001 0100000 1000000 0001000 0000010 0000100 0000001 0010000 
000000101000100100001 0100000 1000000 0001000 0000010 0000100 0010000 0000001 
010000101000000100001 0100000 1000000 0001000 0000010 0010000 0000001 0000100 
000000101000000100001 0100000 1000000 0001000 0000010 0010000 0000100 0000001 
100100001000100100001 0100000 1000000 0001000 0000100 0000001 0000010 0010000 
100100000000100100001 0100000 1000000 0001000 0000100 0000001 0010000 0000010 
000100001000100100001 0100000 1000000 0001000 0000100 0000010 0000001 0010000 
000000001000100100001 0100000 1000000 0001000 0000100 0000010 0010000 0000001 
100000000000100100001 0100000 1000000 0001000 0000100 0010000 0000001 0000010 
000000000000100100001 0100000 1000000 0001000 0000100 0010000 0000010 0000001 
110000100000000100001 0100000 1000000 0001000 0010000 0000001 0000010 0000100 
110000000000000100001 0100000 1000000 0001000 0010000 0000001 0000100 0000010 
010000100000000100001 0100000 1000000 0001000 0010000 0000010 0000001 0000100 
000000100000000100001 0100000 1000000 0001000 0010000 0000010 0000100 0000001 
100000000000000100001 0100000 1000000 0001000 0010000 0000100 0000001 0000010 
000000000000000100001 0100000 1000000 0001000 0010000 0000100 0000010 0000001 
111000110001000000001 0100000 1000000 0010000 0000001 0000010 0000100 0001000 
111000110000000000001 0100000 1000000 0010000 0000001 0000010 0001000 0000100 
111000010001000000001 0100000 1000000 0010000 0000001 0000100 0000010 0001000 
111000000001000000001 0100000 1000000 0010000 0000001 0000100 0001000 0000010 
111000100000000000001 0100000 1000000 0010000 0000001 0001000 0000010 0000100 
111000000000000000001 0100000 1000000 0010000 0000001 0001000 0000100 0000010 
011000110001000000001 0100000 1000000 0010000 0000010 0000001 0000100 0001000 
011000110000000000001 0100000 1000000 0010000 0000010 0000001 0001000 0000100 
001000110001000000001 0100000 1000000 0010000 0000010 0000100 0000001 0001000 
000000110001000000001 0100000 1000000 0010000 0000010 0000100 0001000 0000001 
010000110000000000001 0100000 1000000 0010000 0000010 0001000 0000001 0000100 
000000110000000000001 0100000 1000000 0010000 0000010 0001000 0000100 0000001 
101000010001000000001 0100000 1000000 0010000 0000100 0000001 0000010 0001000 
101000000001000000001 0100000 1000000 0010000 0000100 0000001 0001000 0000010 
001000010001000000001 0100000 1000000 0010000 0000100 0000010 0000001 0001000 
000000010001000000001 0100000 1000000 0010000 0000100 0000010 0001000 0000001 
100000000001000000001 0100000 1000000 0010000 0000100 0001000 0000001 0000010 
000000000001000000001 0100000 1000000 0010000 0000100 0001000 0000010 0000001 
110000100000000000001 0100000 1000000 0010000 0001000 0000001 0000010 0000100 
110000000000000000001 0100000 1000000 0010000 0001000 0000001 0000100 0000010 
010000100000000000001 0100000 1000000 0010000 0001000 0000010 0000001 0000100 
000000100000000000001 0100000 1000000 0010000 0001000 0000010 0000100 0000001 
100000000000000000001 0100000 1000000 0010000 0001000 0000100 0000001 0000010 
000000000000000000001 0100000 1000000 0010000 0001000 0000100 0000010 0000001 
111110111101110110100 1000000 0000001 0000010 0000100 0001000 0010000 0100000 
111110111101110110000 1000000 0000001 0000010 0000100 0001000 0100000 0010000 
111110111101110010100 1000000 0000001 0000010 0000100 0010000 0001000 0100000 
111110111101110000100 1000000 0000001 0000010 0000100 0010000 0100000 0001000 
111110111101110100000 1000000 0000001 0000010 0000100 0100000 0001000 0010000 
111110111101110000000 1000000 0000001 0000010 0000100 0100000 0010000 0001000 
111110111100110110100 1000000 0000001 0000010 0001000 0000100 0010000 0100000 
111110111100110110000 1000000 0000001 0000010 0001000 0000100 0100000 0010000 
111110111100010110100 1000000 0000001 0000010 0001000 0010000 0000100 0100000 
111110111100000110100 1000000 0000001 0000010 0001000 0010000 0100000 0000100 
111110111100100110000 1000000 0000001 0000010 0001000 0100000 0000100 0010000 
111110111100000110000 1000000 0000001 0000010 0001000 0100000 0010000 0000100 
111110111101010010100 1000000 0000001 0000010 0010000 0000100 0001000 0100000 
111110111101010000100 1000000 0000001 0000010 0010000 0000100 0100000 0001000 
111110111100010010100 1000000 0000001 0000010 0010000 0001000 0000100 0100000 
111110111100000010100 1000000 0000001 0000010 0010000 0001000 0100000 0000100 
111110111101000000100 1000000 0000001 0000010 0010000 0100000 0000100 0001000 
111110111100000000100 1000000 0000001 0000010 0010000 0100000 0001000 0000100 
111110111101100100000 1000000 0000001 0000010 0100000 0000100 0001000 0010000 
111110111101100000000 1000000 0000001 0000010 0100000 0000100 0010000 0001000 
111110111100100100000 1000000 0000001 0000010 0100000 0001000 0000100 0010000 
111110111100000100000 1000000 0000001 0000010 0100000 0001000 0010000 0000100 
111110111101000000000 1000000 0000001 0000010 0100000 0010000 0000100 0001000 
111110111100000000000 1000000 0000001 0000010 0100000 0010000 0001000 0000100 
111110011101110110100 1000000 0000001 0000100 0000010 0001000 0010000 0100000 
111110011101110110000 1000000 0000001 0000100 0000010 0001000 0100000 0010000 
111110011101110010100 1000000 0000001 0000100 0000010 0010000 0001000 0100000 
111110011101110000100 1000000 0000001 0000100 0000010 0010000 0100000 0001000 
111110011101110100000 1000000 0000001 0000100 0000010 0100000 0001000 0010000 
111110011101110000000 1000000 0000001 0000100 0000010 0100000 0010000 0001000 
111110001101110110100 1000000 0000001 0000100 0001000 0000010 0010000 0100000 
111110001101110110000 1000000 0000001 0000100 0001000 0000010 0100000 0010000 
111110000101110110100 1000000 0000001 0000100 0001000 0010000 0000010 0100000 
111110000001110110100 1000000 0000001 0000100 0001000 0010000 0100000 0000010 
111110001001110110000 1000000 0000001 0000100 0001000 0100000 0000010 0010000 
111110000001110110000 1000000 0000001 0000100 0001000 0100000 0010000 0000010 
111110010101110010100 1000000 0000001 0000100 0010000 0000010 0001000 0100000 
111110010101110000100 1000000 0000001 0000100 0010000 0000010 0100000 0001000 
111110000101110010100 1000000 0000001 0000100 0010000 0001000 0000010 0100000 
111110000001110010100 1000000 0000001 0000100 0010000 0001000 0100000 0000010 
111110010001110000100 1000000 0000001 0000100 0010000 0100000 0000010 0001000 
111110000001110000100 1000000 0000001 0000100 0010000 0100000 0001000 0000010 
111110011001110100000 1000000 0000001 0000100 0100000 0000010 0001000 0010000 
111110011001110000000 1000000 0000001 0000100 0100000 0000010 0010000 0001000 
111110001001110100000 1000000 0000001 0000100 0100000 0001000 0000010 0010000 
111110000001110100000 1000000 0000001 0000100 0100000 0001000 0010000 0000010 
111110010001110000000 1000000 0000001 0000100 0100000 0010000 0000010 0001000 
111110000001110000000 1000000 0000001 0000100 0100000 0010000 0001000 0000010 
111110101100110110100 1000000 0000001 0001000 0000010 0000100 0010000 0100000 
111110101100110110000 1000000 0000001 0001000 0000010 0000100 0100000 0010000 
111110101100010110100 1000000 0000001 0001000 0000010 0010000 0000100 0100000 
111110101100000110100 1000000 0000001 0001000 0000010 0010000 0100000 0000100 
111110101100100110000 1000000 0000001 0001000 0000010 0100000 0000100 0010000 
111110101100000110000 1000000 0000001 0001000 0000010 0100000 0010000 0000100 
111110001100110110100 1000000 0000001 0001000 0000100 0000010 0010000 0100000 
111110001100110110000 1000000 0000001 0001000 0000100 0000010 0100000 0010000 
111110000100110110100 1000000 0000001 0001000 0000100 0010000 0000010 0100000 
111110000000110110100 1000000 0000001 0001000 0000100 0010000 0100000 0000010 
111110001000110110000 1000000 0000001 0001000 0000100 0100000 0000010 0010000 
111110000000110110000 1000000 0000001 0001000 0000100 0100000 0010000 0000010 
111110100100010110100 1000000 0000001 0001000 0010000 0000010 0000100 0100000 
111110100100000110100 1000000 0000001 0001000 0010000 0000010 0100000 0000100 
111110000100010110100 1000000 0000001 0001000 0010000 0000100 0000010 0100000 
111110000000010110100 1000000 0000001 0001000 0010000 0000100 0100000 0000010 
111110100000000110100 1000000 0000001 0001000 0010000 0100000 0000010 0000100 
111110000000000110100 1000000 0000001 0001000 0010000 0100000 0000100 0000010 
111110101000100110000 1000000 0000001 0001000 0100000 0000010 0000100 0010000 
111110101000000110000 1000000 0000001 0001000 0100000 0000010 0010000 0000100 
111110001000100110000 1000000 0000001 0001000 0100000 0000100 0000010 0010000 
111110000000100110000 1000000 0000001 0001000 0100000 0000100 0010000 0000010 
111110100000000110000 1000000 0000001 0001000 0100000 0010000 0000010 0000100 
111110000000000110000 1000000 0000001 0001000 0100000 0010000 0000100 0000010 
111110110101010010100 1000000 0000001 0010000 0000010 0000100 0001000 0100000 
111110110101010000100 1000000 0000001 0010000 0000010 0000100 0100000 0001000 
111110110100010010100 1000000 0000001 0010000 0000010 0001000 0000100 0100000 
111110110100000010100 1000000 0000001 0010000 0000010 0001000 0100000 0000100 
111110110101000000100 1000000 0000001 0010000 0000010 0100000 0000100 0001000 
111110110100000000100 1000000 0000001 0010000 0000010 0100000 0001000 0000100 
111110010101010010100 1000000 0000001 0010000 0000100 0000010 0001000 0100000 
111110010101010000100 1000000 0000001 0010000 0000100 0000010 0100000 0001000 
111110000101010010100 1000000 0000001 0010000 0000100 0001000 0000010 0100000 
111110000001010010100 1000000 0000001 0010000 0000100 0001000 0100000 0000010 
111110010001010000100 1000000 0000001 0010000 0000100 0100000 0000010 0001000 
111110000001010000100 1000000 0000001 0010000 0000100 0100000 0001000 0000010 
111110100100010010100 1000000 0000001 0010000 0001000 0000010 0000100 0100000 
111110100100000010100 1000000 0000001 0010000 0001000 0000010 0100000 0000100 
111110000100010010100 1000000 0000001 0010000 0001000 0000100 0000010 0100000 
111110000000010010100 1000000 0000001 0010000 0001000 0000100 0100000 0000010 
111110100000000010100 1000000 0000001 0010000 0001000 0100000 0000010 0000100 
111110000000000010100 1000000 0000001 0010000 0001000 0100000 0000100 0000010 
111110110001000000100 1000000 0000001 0010000 0100000 0000010 0000100 0001000 
111110110000000000100 1000000 0000001 0010000 0100000 0000010 0001000 0000100 
111110010001000000100 1000000 0000001 0010000 0100000 0000100 0000010 0001000 
111110000001000000100 1000000 0000001 0010000 0100000 0000100 0001000 0000010 
111110100000000000100 1000000 0000001 0010000 0100000 0001000 0000010 0000100 
111110000000000000100 1000000 0000001 0010000 0100000 0001000 0000100 0000010 
111110111001100100000 1000000 0000001 0100000 0000010 0000100 0001000 0010000 
111110111001100000000 1000000 0000001 0100000 0000010 0000100 0010000 0001000 
111110111000100100000 1000000 0000001 0100000 0000010 0001000 0000100 0010000 
111110111000000100000 1000000 0000001 0100000 0000010 0001000 0010000 0000100 
111110111001000000000 1000000 0000001 0100000 0000010 0010000 0000100 0001000 
111110111000000000000 1000000 0000001 0100000 0000010 0010000 0001000 0000100 
111110011001100100000 1000000 0000001 0100000 0000100 0000010 0001000 0010000 
111110011001100000000 1000000 0000001 0100000 0000100 0000010 0010000 0001000 
111110001001100100000 1000000 0000001 0100000 0000100 0001000 0000010 0010000 
111110000001100100000 1000000 0000001 0100000 0000100 0001000 0010000 0000010 
111110010001100000000 1000000 0000001 0100000 0000100 0010000 0000010 0001000 
111110000001100000000 1000000 0000001 0100000 0000100 0010000 0001000 0000010 
111110101000100100000 1000000 0000001 0100000 0001000 0000010 0000100 0010000 
111110101000000100000 1000000 0000001 0100000 0001000 0000010 0010000 0000100 
111110001000100100000 1000000 0000001 0100000 0001000 0000100 0000010 0010000 
111110000000100100000 1000000 0000001 0100000 0001000 0000100 0010000 0000010 
111110100000000100000 1000000 0000001 0100000 0001000 0010000 0000010 0000100 
111110000000000100000 1000000 0000001 0100000 0001000 0010000 0000100 0000010 
111110110001000000000 1000000 0000001 0100000 0010000 0000010 0000100 0001000 
111110110000000000000 1000000 0000001 0100000 0010000 0000010 0001000 0000100 
111110010001000000000 1000000 0000001 0100000 0010000 0000100 0000010 0001000 
111110000001000000000 1000000 0000001 0100000 0010000 0000100 0001000 0000010 
111110100000000000000 1000000 0000001 0100000 0010000 0001000 0000010 0000100 
111110000000000000000 1000000 0000001 0100000 0010000 0001000 0000100 0000010 
011110111101110110100 1000000 0000010 0000001 0000100 0001000 0010000 0100000 
011110111101110110000 1000000 0000010 0000001 0000100 0001000 0100000 0010000 
011110111101110010100 1000000 0000010 0000001 0000100 0010000 0001000 0100000 
011110111101110000100 1000000 0000010 0000001 0000100 0010000 0100000 0001000 
011110111101110100000 1000000 0000010 0000001 0000100 0100000 0001000 0010000 
011110111101110000000 1000000 0000010 0000001 0000100 0100000 0010000 0001000 
011110111100110110100 1000000 0000010 0000001 0001000 0000100 0010000 0100000 
011110111100110110000 1000000 0000010 0000001 0001000 0000100 0100000 0010000 
011110111100010110100 1000000 0000010 0000001 0001000 0010000 0000100 0100000 
011110111100000110100 1000000 0000010 0000001 0001000 0010000 0100000 0000100 
011110111100100110000 1000000 0000010 0000001 0001000 0100000 0000100 0010000 
011110111100000110000 1000000 0000010 0000001 0001000 0100000 0010000 0000100 
011110111101010010100 1000000 0000010 0000001 0010000 0000100 0001000 0100000 
011110111101010000100 1000000 0000010 0000001 0010000 0000100 0100000 0001000 
011110111100010010100 1000000 0000010 0000001 0010000 0001000 0000100 0100000 
011110111100000010100 1000000 0000010 0000001 0010000 0001000 0100000 0000100 
011110111101000000100 1000000 0000010 0000001 0010000 0100000 0000100 0001000 
011110111100000000100 1000000 0000010 0000001 0010000 0100000 0001000 0000100 
011110111101100100000 1000000 0000010 0000001 0100000 0000100 0001000 0010000 
011110111101100000000 1000000 0000010 0000001 0100000 0000100 0010000 0001000 
011110111100100100000 1000000 0000010 0000001 0100000 0001000 0000100 0010000 
011110111100000100000 1000000 0000010 0000001 0100000 0001000 0010000 0000100 
011110111101000000000 1000000 0000010 0000001 0100000 0010000 0000100 0001000 
011110111100000000000 1000000 0000010 0000001 0100000 0010000 0001000 0000100 
001110111101110110100 1000000 0000010 0000100 0000001 0001000 0010000 0100000 
001110111101110110000 1000000 0000010 0000100 0000001 0001000 0100000 0010000 
001110111101110010100 1000000 0000010 0000100 0000001 0010000 0001000 0100000 
001110111101110000100 1000000 0000010 0000100 0000001 0010000 0100000 0001000 
001110111101110100000 1000000 0000010 0000100 0000001 0100000 0001000 0010000 
001110111101110000000 1000000 0000010 0000100 0000001 0100000 0010000 0001000 
000110111101110110100 1000000 0000010 0000100 0001000 0000001 0010000 0100000 
000110111101110110000 1000000 0000010 0000100 0001000 0000001 0100000 0010000 
000010111101110110100 1000000 0000010 0000100 0001000 0010000 0000001 0100000 
000000111101110110100 1000000 0000010 0000100 0001000 0010000 0100000 0000001 
000100111101110110000 1000000 0000010 0000100 0001000 0100000 0000001 0010000 
000000111101110110000 1000000 0000010 0000100 0001000 0100000 0010000 0000001 
001010111101110010100 1000000 0000010 0000100 0010000 0000001 0001000 0100000 
001010111101110000100 1000000 0000010 0000100 0010000 0000001 0100000 0001000 
000010111101110010100 1000000 0000010 0000100 0010000 0001000 0000001 0100000 
000000111101110010100 1000000 0000010 0000100 0010000 0001000 0100000 0000001 
001000111101110000100 1000000 0000010 0000100 0010000 0100000 0000001 0001000 
000000111101110000100 1000000 0000010 0000100 0010000 0100000 0001000 0000001 
001100111101110100000 1000000 0000010 0000100 0100000 0000001 0001000 0010000 
001100111101110000000 1000000 0000010 0000100 0100000 0000001 0010000 0001000 
000100111101110100000 1000000 0000010 0000100 0100000 0001000 0000001 0010000 
000000111101110100000 1000000 0000010 0000100 0100000 0001000 0010000 0000001 
001000111101110000000 1000000 0000010 0000100 0100000 0010000 0000001 0001000 
000000111101110000000 1000000 0000010 0000100 0100000 0010000 0001000 0000001 
010110111100110110100 1000000 0000010 0001000 0000001 0000100 0010000 0100000 
010110111100110110000 1000000 0000010 0001000 0000001 0000100 0100000 0010000 
010110111100010110100 1000000 0000010 0001000 0000001 0010000 0000100 0100000 
010110111100000110100 1000000 0000010 0001000 0000001 0010000 0100000 0000100 
010110111100100110000 1000000 0000010 0001000 0000001 0100000 0000100 0010000 
010110111100000110000 1000000 0000010 0001000 0000001 0100000 0010000 0000100 
000110111100110110100 1000000 0000010 0001000 0000100 0000001 0010000 0100000 
000110111100110110000 1000000 0000010 0001000 0000100 0000001 0100000 0010000 
000010111100110110100 1000000 0000010 0001000 0000100 0010000 0000001 0100000 
000000111100110110100 1000000 0000010 0001000 0000100 0010000 0100000 0000001 
000100111100110110000 1000000 0000010 0001000 0000100 0100000 0000001 0010000 
000000111100110110000 1000000 0000010 0001000 0000100 0100000 0010000 0000001 
010010111100010110100 1000000 0000010 0001000 0010000 0000001 0000100 0100000 
010010111100000110100 1000000 0000010 0001000 0010000 0000001 0100000 0000100 
000010111100010110100 1000000 0000010 0001000 0010000 0000100 0000001 0100000 
000000111100010110100 1000000 0000010 0001000 0010000 0000100 0100000 0000001 
010000111100000110100 1000000 0000010 0001000 0010000 0100000 0000001 0000100 
000000111100000110100 1000000 0000010 0001000 0010000 0100000 0000100 0000001 
010100111100100110000 1000000 0000010 0001000 0100000 0000001 0000100 0010000 
010100111100000110000 1000000 0000010 0001000 0100000 0000001 0010000 0000100 
000100111100100110000 1000000 0000010 0001000 0100000 0000100 0000001 0010000 
000000111100100110000 1000000 0000010 0001000 0100000 0000100 0010000 0000001 
010000111100000110000 1000000 0000010 0001000 0100000 0010000 0000001 0000100 
000000111100000110000 1000000 0000010 0001000 0100000 0010000 0000100 0000001 
011010111101010010100 1000000 0000010 0010000 0000001 0000100 0001000 0100000 
011010111101010000100 1000000 0000010 0010000 0000001 0000100 0100000 0001000 
011010111100010010100 1000000 0000010 0010000 0000001 0001000 0000100 0100000 
011010111100000010100 1000000 0000010 0010000 0000001 0001000 0100000 0000100 
011010111101000000100 1000000 0000010 0010000 0000001 0100000 0000100 0001000 
011010111100000000100 1000000 0000010 0010000 0000001 0100000 0001000 0000100 
001010111101010010100 1000000 0000010 0010000 0000100 0000001 0001000 0100000 
001010111101010000100 1000000 0000010 0010000 0000100 0000001 0100000 0001000 
000010111101010010100 1000000 0000010 0010000 0000100 0001000 0000001 0100000 
000000111101010010100 1000000 0000010 0010000 0000100 0001000 0100000 0000001 
001000111101010000100 1000000 0000010 0010000 0000100 0100000 0000001 0001000 
000000111101010000100 1000000 0000010 0010000 0000100 0100000 0001000 0000001 
010010111100010010100 1000000 0000010 0010000 0001000 0000001 0000100 0100000 
010010111100000010100 1000000 0000010 0010000 0001000 0000001 0100000 0000100 
000010111100010010100 1000000 0000010 0010000 0001000 0000100 0000001 0100000 
000000111100010010100 1000000 0000010 0010000 0001000 0000100 0100000 0000001 
010000111100000010100 1000000 0000010 0010000 0001000 0100000 0000001 0000100 
000000111100000010100 1000000 0000010 0010000 0001000 0100000 0000100 0000001 
011000111101000000100 1000000 0000010 0010000 0100000 0000001 0000100 0001000 
011000111100000000100 1000000 0000010 0010000 0100000 0000001 0001000 0000100 
001000111101000000100 1000000 0000010 0010000 0100000 0000100 0000001 0001000 
000000111101000000100 1000000 0000010 0010000 0100000 0000100 0001000 0000001 
010000111100000000100 1000000 0000010 0010000 0100000 0001000 0000001 0000100 
000000111100000000100 1000000 0000010 0010000 0100000 0001000 0000100 0000001 
011100111101100100000 1000000 0000010 0100000 0000001 0000100 0001000 0010000 
011100111101100000000 1000000 0000010 0100000 0000001 0000100 0010000 0001000 
011100111100100100000 1000000 0000010 0100000 0000001 0001000 0000100 0010000 
011100111100000100000 1000000 0000010 0100000 0000001 0001000 0010000 0000100 
011100111101000000000 1000000 0000010 0100000 0000001 0010000 0000100 0001000 
011100111100000000000 1000000 0000010 0100000 0000001 0010000 0001000 0000100 
001100111101100100000 1000000 0000010 0100000 0000100 0000001 0001000 0010000 
001100111101100000000 1000000 0000010 0100000 0000100 0000001 0010000 0001000 
000100111101100100000 1000000 0000010 0100000 0000100 0001000 0000001 0010000 
000000111101100100000 1000000 0000010 0100000 0000100 0001000 0010000 0000001 
001000111101100000000 1000000 0000010 0100000 0000100 0010000 0000001 0001000 
000000111101100000000 1000000 0000010 0100000 0000100 0010000 0001000 0000001 
010100111100100100000 1000000 0000010 0100000 0001000 0000001 0000100 0010000 
010100111100000100000 1000000 0000010 0100000 0001000 0000001 0010000 0000100 
000100111100100100000 1000000 0000010 0100000 0001000 0000100 0000001 0010000 
000000111100100100000 1000000 0000010 0100000 0001000 0000100 0010000 0000001 
010000111100000100000 1000000 0000010 0100000 0001000 0010000 0000001 0000100 
000000111100000100000 1000000 0000010 0100000 0001000 0010000 0000100 0000001 
011000111101000000000 1000000 0000010 0100000 0010000 0000001 0000100 0001000 
011000111100000000000 1000000 0000010 0100000 0010000 0000001 0001000 0000100 
001000111101000000000 1000000 0000010 0100000 0010000 0000100 0000001 0001000 
000000111101000000000 1000000 0000010 0100000 0010000 0000100 0001000 0000001 
010000111100000000000 1000000 0000010 0100000 0010000 0001000 0000001 0000100 
000000111100000000000 1000000 0000010 0100000 0010000 0001000 0000100 0000001 
101110011101110110100 1000000 0000100 0000001 0000010 0001000 0010000 0100000 
101110011101110110000 1000000 0000100 0000001 0000010 0001000 0100000 0010000 
101110011101110010100 1000000 0000100 0000001 0000010 0010000 0001000 0100000 
101110011101110000100 1000000 0000100 0000001 0000010 0010000 0100000 0001000 
101110011101110100000 1000000 0000100 0000001 0000010 0100000 0001000 0010000 
101110011101110000000 1000000 0000100 0000001 0000010 0100000 0010000 0001000 
101110001101110110100 1000000 0000100 0000001 0001000 0000010 0010000 0100000 
101110001101110110000 1000000 0000100 0000001 0001000 0000010 0100000 0010000 
101110000101110110100 1000000 0000100 0000001 0001000 0010000 0000010 0100000 
101110000001110110100 1000000 0000100 0000001 0001000 0010000 0100000 0000010 
101110001001110110000 1000000 0000100 0000001 0001000 0100000 0000010 0010000 
101110000001110110000 1000000 0000100 0000001 0001000 0100000 0010000 0000010 
101110010101110010100 1000000 0000100 0000001 0010000 0000010 0001000 0100000 
101110010101110000100 1000000 0000100 0000001 0010000 0000010 0100000 0001000 
101110000101110010100 1000000 0000100 0000001 0010000 0001000 0000010 0100000 
101110000001110010100 1000000 0000100 0000001 0010000 0001000 0100000 0000010 
101110010001110000100 1000000 0000100 0000001 0010000 0100000 0000010 0001000 
101110000001110000100 1000000 0000100 0000001 0010000 0100000 0001000 0000010 
101110011001110100000 1000000 0000100 0000001 0100000 0000010 0001000 0010000 
101110011001110000000 1000000 0000100 0000001 0100000 0000010 0010000 0001000 
101110001001110100000 1000000 0000100 0000001 0100000 0001000 0000010 0010000 
101110000001110100000 1000000 0000100 0000001 0100000 0001000 0010000 0000010 
101110010001110000000 1000000 0000100 0000001 0100000 0010000 0000010 0001000 
101110000001110000000 1000000 0000100 0000001 0100000 0010000 0001000 0000010 
001110011101110110100 1000000 0000100 0000010 0000001 0001000 0010000 0100000 
001110011101110110000 1000000 0000100 0000010 0000001 0001000 0100000 0010000 
001110011101110010100 1000000 0000100 0000010 0000001 0010000 0001000 0100000 
001110011101110000100 1000000 0000100 0000010 0000001 0010000 0100000 0001000 
001110011101110100000 1000000 0000100 0000010 0000001 0100000 0001000 0010000 
001110011101110000000 1000000 0000100 0000010 0000001 0100000 0010000 0001000 
000110011101110110100 1000000 0000100 0000010 0001000 0000001 0010000 0100000 
000110011101110110000 1000000 0000100 0000010 0001000 0000001 0100000 0010000 
000010011101110110100 1000000 0000100 0000010 0001000 0010000 0000001 0100000 
000000011101110110100 1000000 0000100 0000010 0001000 0010000 0100000 0000001 
000100011101110110000 1000000 0000100 0000010 0001000 0100000 0000001 0010000 
000000011101110110000 1000000 0000100 0000010 0001000 0100000 0010000 0000001 
001010011101110010100 1000000 0000100 0000010 0010000 0000001 0001000 0100000 
001010011101110000100 1000000 0000100 0000010 0010000 0000001 0100000 0001000 
000010011101110010100 1000000 0000100 0000010 0010000 0001000 0000001 0100000 
000000011101110010100 1000000 0000100 0000010 0010000 0001000 0100000 0000001 
001000011101110000100 1000000 0000100 0000010 0010000 0100000 0000001 0001000 
000000011101110000100 1000000 0000100 0000010 0010000 0100000 0001000 0000001 
001100011101110100000 1000000 0000100 0000010 0100000 0000001 0001000 0010000 
001100011101110000000 1000000 0000100 0000010 0100000 0000001 0010000 0001000 
000100011101110100000 1000000 0000100 0000010 0100000 0001000 0000001 0010000 
000000011101110100000 1000000 0000100 0000010 0100000 0001000 0010000 0000001 
001000011101110000000 1000000 0000100 0000010 0100000 0010000 0000001 0001000 
000000011101110000000 1000000 0000100 0000010 0100000 0010000 0001000 0000001 
100110001101110110100 1000000 0000100 0001000 0000001 0000010 0010000 0100000 
100110001101110110000 1000000 0000100 0001000 0000001 0000010 0100000 0010000 
100110000101110110100 1000000 0000100 0001000 0000001 0010000 0000010 0100000 
100110000001110110100 1000000 0000100 0001000 0000001 0010000 0100000 0000010 
100110001001110110000 1000000 0000100 0001000 0000001 0100000 0000010 0010000 
100110000001110110000 1000000 0000100 0001000 0000001 0100000 0010000 0000010 
000110001101110110100 1000000 0000100 0001000 0000010 0000001 0010000 0100000 
000110001101110110000 1000000 0000100 0001000 0000010 0000001 0100000 0010000 
000010001101110110100 1000000 0000100 0001000 0000010 0010000 0000001 0100000 
000000001101110110100 1000000 0000100 0001000 0000010 0010000 0100000 0000001 
000100001101110110000 1000000 0000100 0001000 0000010 0100000 0000001 0010000 
000000001101110110000 1000000 0000100 0001000 0000010 0100000 0010000 0000001 
100010000101110110100 1000000 0000100 0001000 0010000 0000001 0000010 0100000 
100010000001110110100 1000000 0000100 0001000 0010000 0000001 0100000 0000010 
000010000101110110100 1000000 0000100 0001000 0010000 0000010 0000001 0100000 
000000000101110110100 1000000 0000100 0001000 0010000 0000010 0100000 0000001 
100000000001110110100 1000000 0000100 0001000 0010000 0100000 0000001 0000010 
000000000001110110100 1000000 0000100 0001000 0010000 0100000 0000010 0000001 
100100001001110110000 1000000 0000100 0001000 0100000 0000001 0000010 0010000 
100100000001110110000 1000000 0000100 0001000 0100000 0000001 0010000 0000010 
000100001001110110000 1000000 0000100 0001000 0100000 0000010 0000001 0010000 
000000001001110110000 1000000 0000100 0001000 0100000 0000010 0010000 0000001 
100000000001110110000 1000000 0000100 0001000 0100000 0010000 0000001 0000010 
000000000001110110000 1000000 0000100 0001000 0100000 0010000 0000010 0000001 
101010010101110010100 1000000 0000100 0010000 0000001 0000010 0001000 0100000 
101010010101110000100 1000000 0000100 0010000 0000001 0000010 0100000 0001000 
101010000101110010100 1000000 0000100 0010000 0000001 0001000 0000010 0100000 
101010000001110010100 1000000 0000100 0010000 0000001 0001000 0100000 0000010 
101010010001110000100 1000000 0000100 0010000 0000001 0100000 0000010 0001000 
101010000001110000100 1000000 0000100 0010000 0000001 0100000 0001000 0000010 
001010010101110010100 1000000 0000100 0010000 0000010 0000001 0001000 0100000 
001010010101110000100 1000000 0000100 0010000 0000010 0000001 0100000 0001000 
000010010101110010100 1000000 0000100 0010000 0000010 0001000 0000001 0100000 
000000010101110010100 1000000 0000100 0010000 0000010 0001000 0100000 0000001 
001000010101110000100 1000000 0000100 0010000 0000010 0100000 0000001 0001000 
000000010101110000100 1000000 0000100 0010000 0000010 0100000 0001000 0000001 
100010000101110010100 1000000 0000100 0010000 0001000 0000001 0000010 0100000 
100010000001110010100 1000000 0000100 0010000 0001000 0000001 0100000 0000010 
000010000101110010100 1000000 0000100 0010000 0001000 0000010 0000001 0100000 
000000000101110010100 1000000 0000100 0010000 0001000 0000010 0100000 0000001 
100000000001110010100 1000000 0000100 0010000 0001000 0100000 0000001 0000010 
000000000001110010100 1000000 0000100 0010000 0001000 0100000 0000010 0000001 
101000010001110000100 1000000 0000100 0010000 0100000 0000001 0000010 0001000 
101000000001110000100 1000000 0000100 0010000 0100000 0000001 0001000 0000010 
001000010001110000100 1000000 0000100 0010000 0100000 0000010 0000001 0001000 
000000010001110000100 1000000 0000100 0010000 0100000 0000010 0001000 0000001 
100000000001110000100 1000000 0000100 0010000 0100000 0001000 0000001 0000010 
000000000001110000100 1000000 0000100 0010000 0100000 0001000 0000010 0000001 
101100011001110100000 1000000 0000100 0100000 0000001 0000010 0001000 0010000 
101100011001110000000 1000000 0000100 0100000 0000001 0000010 0010000 0001000 
101100001001110100000 1000000 0000100 0100000 0000001 0001000 0000010 0010000 
101100000001110100000 1000000 0000100 0100000 0000001 0001000 0010000 0000010 
101100010001110000000 1000000 0000100 0100000 0000001 0010000 0000010 0001000 
101100000001110000000 1000000 0000100 0100000 0000001 0010000 0001000 0000010 
001100011001110100000 1000000 0000100 0100000 0000010 0000001 0001000 0010000 
001100011001110000000 1000000 0000100 0100000 0000010 0000001 0010000 0001000 
000100011001110100000 1000000 0000100 0100000 0000010 0001000 0000001 0010000 
000000011001110100000 1000000 0000100 0100000 0000010 0001000 0010000 0000001 
001000011001110000000 1000000 0000100 0100000 0000010 0010000 0000001 0001000 
000000011001110000000 1000000 0000100 0100000 0000010 0010000 0001000 0000001 
100100001001110100000 1000000 0000100 0100000 0001000 0000001 0000010 0010000 
100100000001110100000 1000000 0000100 0100000 0001000 0000001 0010000 0000010 
000100001001110100000 1000000 0000100 0100000 0001000 0000010 0000001 0010000 
000000001001110100000 1000000 0000100 0100000 0001000 0000010 0010000 0000001 
100000000001110100000 1000000 0000100 0100000 0001000 0010000 0000001 0000010 
000000000001110100000 1000000 0000100 0100000 0001000 0010000 0000010 0000001 
101000010001110000000 1000000 0000100 0100000 0010000 0000001 0000010 0001000 
101000000001110000000 1000000 0000100 0100000 0010000 0000001 0001000 0000010 
001000010001110000000 1000000 0000100 0100000 0010000 0000010 0000001 0001000 
000000010001110000000 1000000 0000100 0100000 0010000 0000010 0001000 0000001 
100000000001110000000 1000000 0000100 0100000 0010000 0001000 0000001 0000010 
000000000001110000000 1000000 0000100 0100000 0010000 0001000 0000010 0000001 
110110101100110110100 1000000 0001000 0000001 0000010 0000100 0010000 0100000 
110110101100110110000 1000000 0001000 0000001 0000010 0000100 0100000 0010000 
110110101100010110100 1000000 0001000 0000001 0000010 0010000 0000100 0100000 
110110101100000110100 1000000 0001000 0000001 0000010 0010000 0100000 0000100 
110110101100100110000 1000000 0001000 0000001 0000010 0100000 0000100 0010000 
110110101100000110000 1000000 0001000 0000001 0000010 0100000 0010000 0000100 
110110001100110110100 1000000 0001000 0000001 0000100 0000010 0010000 0100000 
110110001100110110000 1000000 0001000 0000001 0000100 0000010 0100000 0010000 
110110000100110110100 1000000 0001000 0000001 0000100 0010000 0000010 0100000 
110110000000110110100 1000000 0001000 0000001 0000100 0010000 0100000 0000010 
110110001000110110000 1000000 0001000 0000001 0000100 0100000 0000010 0010000 
110110000000110110000 1000000 0001000 0000001 0000100 0100000 0010000 0000010 
110110100100010110100 1000000 0001000 0000001 0010000 0000010 0000100 0100000 
110110100100000110100 1000000 0001000 0000001 0010000 0000010 0100000 0000100 
110110000100010110100 1000000 0001000 0000001 0010000 0000100 0000010 0100000 
110110000000010110100 1000000 0001000 0000001 0010000 0000100 0100000 0000010 
110110100000000110100 1000000 0001000 0000001 0010000 0100000 0000010 0000100 
110110000000000110100 1000000 0001000 0000001 0010000 0100000 0000100 0000010 
110110101000100110000 1000000 0001000 0000001 0100000 0000010 0000100 0010000 
110110101000000110000 1000000 0001000 0000001 0100000 0000010 0010000 0000100 
110110001000100110000 1000000 0001000 0000001 0100000 0000100 0000010 0010000 
110110000000100110000 1000000 0001000 0000001 0100000 0000100 0010000 0000010 
110110100000000110000 1000000 0001000 0000001 0100000 0010000 0000010 0000100 
110110000000000110000 1000000 0001000 0000001 0100000 0010000 0000100 0000010 
010110101100110110100 1000000 0001000 0000010 0000001 0000100 0010000 0100000 
010110101100110110000 1000000 0001000 0000010 0000001 0000100 0100000 0010000 
010110101100010110100 1000000 0001000 0000010 0000001 0010000 0000100 0100000 
010110101100000110100 1000000 0001000 0000010 0000001 0010000 0100000 0000100 
010110101100100110000 1000000 0001000 0000010 0000001 0100000 0000100 0010000 
010110101100000110000 1000000 0001000 0000010 0000001 0100000 0010000 0000100 
000110101100110110100 1000000 0001000 0000010 0000100 0000001 0010000 0100000 
000110101100110110000 1000000 0001000 0000010 0000100 0000001 0100000 0010000 
000010101100110110100 1000000 0001000 0000010 0000100 0010000 0000001 0100000 
000000101100110110100 1000000 0001000 0000010 0000100 0010000 0100000 0000001 
000100101100110110000 1000000 0001000 0000010 0000100 0100000 0000001 0010000 
000000101100110110000 1000000 0001000 0000010 0000100 0100000 0010000 0000001 
010010101100010110100 1000000 0001000 0000010 0010000 0000001 0000100 0100000 
010010101100000110100 1000000 0001000 0000010 0010000 0000001 0100000 0000100 
000010101100010110100 1000000 0001000 0000010 0010000 0000100 0000001 0100000 
000000101100010110100 1000000 0001000 0000010 0010000 0000100 0100000 0000001 
010000101100000110100 1000000 0001000 0000010 0010000 0100000 0000001 0000100 
000000101100000110100 1000000 0001000 0000010 0010000 0100000 0000100 0000001 
010100101100100110000 1000000 0001000 0000010 0100000 0000001 0000100 0010000 
010100101100000110000 1000000 0001000 0000010 0100000 0000001 0010000 0000100 
000100101100100110000 1000000 0001000 0000010 0100000 0000100 0000001 0010000 
000000101100100110000 1000000 0001000 0000010 0100000 0000100 0010000 0000001 
010000101100000110000 1000000 0001000 0000010 0100000 0010000 0000001 0000100 
000000101100000110000 1000000 0001000 0000010 0100000 0010000 0000100 0000001 
100110001100110110100 1000000 0001000 0000100 0000001 0000010 0010000 0100000 
100110001100110110000 1000000 0001000 0000100 0000001 0000010 0100000 0010000 
100110000100110110100 1000000 0001000 0000100 0000001 0010000 0000010 0100000 
100110000000110110100 1000000 0001000 0000100 0000001 0010000 0100000 0000010 
100110001000110110000 1000000 0001000 0000100 0000001 0100000 0000010 0010000 
100110000000110110000 1000000 0001000 0000100 0000001 0100000 0010000 0000010 
000110001100110110100 1000000 0001000 0000100 0000010 0000001 0010000 0100000 
000110001100110110000 1000000 0001000 0000100 0000010 0000001 0100000 0010000 
000010001100110110100 1000000 0001000 0000100 0000010 0010000 0000001 0100000 
000000001100110110100 1000000 0001000 0000100 0000010 0010000 0100000 0000001 
000100001100110110000 1000000 0001000 0000100 0000010 0100000 0000001 0010000 
000000001100110110000 1000000 0001000 0000100 0000010 0100000 0010000 0000001 
100010000100110110100 1000000 0001000 0000100 0010000 0000001 0000010 0100000 
100010000000110110100 1000000 0001000 0000100 0010000 0000001 0100000 0000010 
000010000100110110100 1000000 0001000 0000100 0010000 0000010 0000001 0100000 
000000000100110110100 1000000 0001000 0000100 0010000 0000010 0100000 0000001 
100000000000110110100 1000000 0001000 0000100 0010000 0100000 0000001 0000010 
000000000000110110100 1000000 0001000 0000100 0010000 0100000 0000010 0000001 
100100001000110110000 1000000 0001000 0000100 0100000 0000001 0000010 0010000 
100100000000110110000 1000000 0001000 0000100 0100000 0000001 0010000 0000010 
000100001000110110000 1000000 0001000 0000100 0100000 0000010 0000001 0010000 
000000001000110110000 1000000 0001000 0000100 0100000 0000010 0010000 0000001 
100000000000110110000 1000000 0001000 0000100 0100000 0010000 0000001 0000010 
000000000000110110000 1000000 0001000 0000100 0100000 0010000 0000010 0000001 
110010100100010110100 1000000 0001000 0010000 0000001 0000010 0000100 0100000 
110010100100000110100 1000000 0001000 0010000 0000001 0000010 0100000 0000100 
110010000100010110100 1000000 0001000 0010000 0000001 0000100 0000010 0100000 
110010000000010110100 1000000 0001000 0010000 0000001 0000100 0100000 0000010 
110010100000000110100 1000000 0001000 0010000 0000001 0100000 0000010 0000100 
110010000000000110100 1000000 0001000 0010000 0000001 0100000 0000100 0000010 
010010100100010110100 1000000 0001000 0010000 0000010 0000001 0000100 0100000 
010010100100000110100 1000000 0001000 0010000 0000010 0000001 0100000 0000100 
000010100100010110100 1000000 0001000 0010000 0000010 0000100 0000001 0100000 
000000100100010110100 1000000 0001000 0010000 0000010 0000100 0100000 0000001 
010000100100000110100 1000000 0001000 0010000 0000010 0100000 0000001 0000100 
000000100100000110100 1000000 0001000 0010000 0000010 0100000 0000100 0000001 
100010000100010110100 1000000 0001000 0010000 0000100 0000001 0000010 0100000 
100010000000010110100 1000000 0001000 0010000 0000100 0000001 0100000 0000010 
000010000100010110100 1000000 0001000 0010000 0000100 0000010 0000001 0100000 
000000000100010110100 1000000 0001000 0010000 0000100 0000010 0100000 0000001 
100000000000010110100 1000000 0001000 0010000 0000100 0100000 0000001 0000010 
000000000000010110100 1000000 0001000 0010000 0000100 0100000 0000010 0000001 
110000100000000110100 1000000 0001000 0010000 0100000 0000001 0000010 0000100 
110000000000000110100 1000000 0001000 0010000 0100000 0000001 0000100 0000010 
010000100000000110100 1000000 0001000 0010000 0100000 0000010 0000001 0000100 
000000100000000110100 1000000 0001000 0010000 0100000 0000010 0000100 0000001 
100000000000000110100 1000000 0001000 0010000 0100000 0000100 0000001 0000010 
000000000000000110100 1000000 0001000 0010000 0100000 0000100 0000010 0000001 
110100101000100110000 1000000 0001000 0100000 0000001 0000010 0000100 0010000 
110100101000000110000 1000000 0001000 0100000 0000001 0000010 0010000 0000100 
110100001000100110000 1000000 0001000 0100000 0000001 0000100 0000010 0010000 
110100000000100110000 1000000 0001000 0100000 0000001 0000100 0010000 0000010 
110100100000000110000 1000000 0001000 0100000 0000001 0010000 0000010 0000100 
110100000000000110000 1000000 0001000 0100000 0000001 0010000 0000100 0000010 
010100101000100110000 1000000 0001000 0100000 0000010 0000001 0000100 0010000 
010100101000000110000 1000000 0001000 0100000 0000010 0000001 0010000 0000100 
000100101000100110000 1000000 0001000 0100000 0000010 0000100 0000001 0010000 
000000101000100110000 1000000 0001000 0100000 0000010 0000100 0010000 0000001 
010000101000000110000 1000000 0001000 0100000 0000010 0010000 0000001 0000100 
000000101000000110000 1000000 0001000 0100000 0000010 0010000 0000100 0000001 
100100001000100110000 1000000 0001000 0100000 0000100 0000001 0000010 0010000 
100100000000100110000 1000000 0001000 0100000 0000100 0000001 0010000 0000010 
000100001000100110000 1000000 0001000 0100000 0000100 0000010 0000001 0010000 
000000001000100110000 1000000 0001000 0100000 0000100 0000010 0010000 0000001 
100000000000100110000 1000000 0001000 0100000 0000100 0010000 0000001 0000010 
000000000000100110000 1000000 0001000 0100000 0000100 0010000 0000010 0000001 
110000100000000110000 1000000 0001000 0100000 0010000 0000001 0000010 0000100 
110000000000000110000 1000000 0001000 0100000 0010000 0000001 0000100 0000010 
010000100000000110000 1000000 0001000 0100000 0010000 0000010 0000001 0000100 
000000100000000110000 1000000 0001000 0100000 0010000 0000010 0000100 0000001 
100000000000000110000 1000000 0001000 0100000 0010000 0000100 0000001 0000010 
000000000000000110000 1000000 0001000 0100000 0010000 0000100 0000010 0000001 
111010110101010010100 1000000 0010000 0000001 0000010 0000100 0001000 0100000 
111010110101010000100 1000000 0010000 0000001 0000010 0000100 0100000 0001000 
111010110100010010100 1000000 0010000 0000001 0000010 0001000 0000100 0100000 
111010110100000010100 1000000 0010000 0000001 0000010 0001000 0100000 0000100 
111010110101000000100 1000000 0010000 0000001 0000010 0100000 0000100 0001000 
111010110100000000100 1000000 0010000 0000001 0000010 0100000 0001000 0000100 
111010010101010010100 1000000 0010000 0000001 0000100 0000010 0001000 0100000 
111010010101010000100 1000000 0010000 0000001 0000100 0000010 0100000 0001000 
111010000101010010100 1000000 0010000 0000001 0000100 0001000 0000010 0100000 
111010000001010010100 1000000 0010000 0000001 0000100 0001000 0100000 0000010 
111010010001010000100 1000000 0010000 0000001 0000100 0100000 0000010 0001000 
111010000001010000100 1000000 0010000 0000001 0000100 0100000 0001000 0000010 
111010100100010010100 1000000 0010000 0000001 0001000 0000010 0000100 0100000 
111010100100000010100 1000000 0010000 0000001 0001000 0000010 0100000 0000100 
111010000100010010100 1000000 0010000 0000001 0001000 0000100 0000010 0100000 
111010000000010010100 1000000 0010000 0000001 0001000 0000100 0100000 0000010 
111010100000000010100 1000000 0010000 0000001 0001000 0100000 0000010 0000100 
111010000000000010100 1000000 0010000 0000001 0001000 0100000 0000100 0000010 
111010110001000000100 1000000 0010000 0000001 0100000 0000010 0000100 0001000 
111010110000000000100 1000000 0010000 0000001 0100000 0000010 0001000 0000100 
111010010001000000100 1000000 0010000 0000001 0100000 0000100 0000010 0001000 
111010000001000000100 1000000 0010000 0000001 0100000 0000100 0001000 0000010 
111010100000000000100 1000000 0010000 0000001 0100000 0001000 0000010 0000100 
111010000000000000100 1000000 0010000 0000001 0100000 0001000 0000100 0000010 
011010110101010010100 1000000 0010000 0000010 0000001 0000100 0001000 0100000 
011010110101010000100 1000000 0010000 0000010 0000001 0000100 0100000 0001000 
011010110100010010100 1000000 0010000 0000010 0000001 0001000 0000100 0100000 
011010110100000010100 1000000 0010000 0000010 0000001 0001000 0100000 0000100 
011010110101000000100 1000000 0010000 0000010 0000001 0100000 0000100 0001000 
011010110100000000100 1000000 0010000 0000010 0000001 0100000 0001000 0000100 
001010110101010010100 1000000 0010000 0000010 0000100 0000001 0001000 0100000 
001010110101010000100 1000000 0010000 0000010 0000100 0000001 0100000 0001000 
000010110101010010100 1000000 0010000 0000010 0000100 0001000 0000001 0100000 
000000110101010010100 1000000 0010000 0000010 0000100 0001000 0100000 0000001 
001000110101010000100 1000000 0010000 0000010 0000100 0100000 0000001 0001000 
000000110101010000100 1000000 0010000 0000010 0000100 0100000 0001000 0000001 
010010110100010010100 1000000 0010000 0000010 0001000 0000001 0000100 0100000 
010010110100000010100 1000000 0010000 0000010 0001000 0000001 0100000 0000100 
000010110100010010100 1000000 0010000 0000010 0001000 0000100 0000001 0100000 
000000110100010010100 1000000 0010000 0000010 0001000 0000100 0100000 0000001 
010000110100000010100 1000000 0010000 0000010 0001000 0100000 0000001 0000100 
000000110100000010100 1000000 0010000 0000010 0001000 0100000 0000100 0000001 
011000110101000000100 1000000 0010000 0000010 0100000 0000001 0000100 0001000 
011000110100000000100 1000000 0010000 0000010 0100000 0000001 0001000 0000100 
001000110101000000100 1000000 0010000 0000010 0100000 0000100 0000001 0001000 
000000110101000000100 1000000 0010000 0000010 0100000 0000100 0001000 0000001 
010000110100000000100 1000000 0010000 0000010 0100000 0001000 0000001 0000100 
000000110100000000100 1000000 0010000 0000010 0100000 0001000 0000100 0000001 
101010010101010010100 1000000 0010000 0000100 0000001 0000010 0001000 0100000 
101010010101010000100 1000000 0010000 0000100 0000001 0000010 0100000 0001000 
101010000101010010100 1000000 0010000 0000100 0000001 0001000 0000010 0100000 
101010000001010010100 1000000 0010000 0000100 0000001 0001000 0100000 0000010 
101010010001010000100 1000000 0010000 0000100 0000001 0100000 0000010 0001000 
101010000001010000100 1000000 0010000 0000100 0000001 0100000 0001000 0000010 
001010010101010010100 1000000 0010000 0000100 0000010 0000001 0001000 0100000 
001010010101010000100 1000000 0010000 0000100 0000010 0000001 0100000 0001000 
000010010101010010100 1000000 0010000 0000100 0000010 0001000 0000001 0100000 
000000010101010010100 1000000 0010000 0000100 0000010 0001000 0100000 0000001 
001000010101010000100 1000000 0010000 0000100 0000010 0100000 0000001 0001000 
000000010101010000100 1000000 0010000 0000100 0000010 0100000 0001000 0000001 
100010000101010010100 1000000 0010000 0000100 0001000 0000001 0000010 0100000 
100010000001010010100 1000000 0010000 0000100 0001000 0000001 0100000 0000010 
000010000101010010100 1000000 0010000 0000100 0001000 0000010 0000001 0100000 
000000000101010010100 1000000 0010000 0000100 0001000 0000010 0100000 0000001 
100000000001010010100 1000000 0010000 0000100 0001000 0100000 0000001 0000010 
000000000001010010100 1000000 0010000 0000100 0001000 0100000 0000010 0000001 
101000010001010000100 1000000 0010000 0000100 0100000 0000001 0000010 0001000 
101000000001010000100 1000000 0010000 0000100 0100000 0000001 0001000 0000010 
001000010001010000100 1000000 0010000 0000100 0100000 0000010 0000001 0001000 
000000010001010000100 1000000 0010000 0000100 0100000 0000010 0001000 0000001 
100000000001010000100 1000000 0010000 0000100 0100000 0001000 0000001 0000010 
000000000001010000100 1000000 0010000 0000100 0100000 0001000 0000010 0000001 
110010100100010010100 1000000 0010000 0001000 0000001 0000010 0000100 0100000 
110010100100000010100 1000000 0010000 0001000 0000001 0000010 0100000 0000100 
110010000100010010100 1000000 0010000 0001000 0000001 0000100 0000010 0100000 
110010000000010010100 1000000 0010000 0001000 0000001 0000100 0100000 0000010 
110010100000000010100 1000000 0010000 0001000 0000001 0100000 0000010 0000100 
110010000000000010100 1000000 0010000 0001000 0000001 0100000 0000100 0000010 
010010100100010010100 1000000 0010000 0001000 0000010 0000001 0000100 0100000 
010010100100000010100 1000000 0010000 0001000 0000010 0000001 0100000 0000100 
000010100100010010100 1000000 0010000 0001000 0000010 0000100 0000001 0100000 
000000100100010010100 1000000 0010000 0001000 0000010 0000100 0100000 0000001 
010000100100000010100 1000000 0010000 0001000 0000010 0100000 0000001 0000100 
000000100100000010100 1000000 0010000 0001000 0000010 0100000 0000100 0000001 
100010000100010010100 1000000 0010000 0001000 0000100 0000001 0000010 0100000 
100010000000010010100 1000000 0010000 0001000 0000100 0000001 0100000 0000010 
000010000100010010100 1000000 0010000 0001000 0000100 0000010 0000001 0100000 
000000000100010010100 1000000 0010000 0001000 0000100 0000010 0100000 0000001 
100000000000010010100 1000000 0010000 0001000 0000100 0100000 0000001 0000010 
000000000000010010100 1000000 0010000 0001000 0000100 0100000 0000010 0000001 
110000100000000010100 1000000 0010000 0001000 0100000 0000001 0000010 0000100 
110000000000000010100 1000000 0010000 0001000 0100000 0000001 0000100 0000010 
010000100000000010100 1000000 0010000 0001000 0100000 0000010 0000001 0000100 
000000100000000010100 1000000 0010000 0001000 0100000 0000010 0000100 0000001 
100000000000000010100 1000000 0010000 0001000 0100000 0000100 0000001 0000010 
000000000000000010100 1000000 0010000 0001000 0100000 0000100 0000010 0000001 
111000110001000000100 1000000 0010000 0100000 0000001 0000010 0000100 0001000 
111000110000000000100 1000000 0010000 0100000 0000001 0000010 0001000 0000100 
111000010001000000100 1000000 0010000 0100000 0000001 0000100 0000010 0001000 
111000000001000000100 1000000 0010000 0100000 0000001 0000100 0001000 0000010 
111000100000000000100 1000000 0010000 0100000 0000001 0001000 0000010 0000100 
111000000000000000100 1000000 0010000 0100000 0000001 0001000 0000100 0000010 
011000110001000000100 1000000 0010000 0100000 0000010 0000001 0000100 0001000 
011000110000000000100 1000000 0010000 0100000 0000010 0000001 0001000 0000100 
001000110001000000100 1000000 0010000 0100000 0000010 0000100 0000001 0001000 
000000110001000000100 1000000 0010000 0100000 0000010 0000100 0001000 0000001 
010000110000000000100 1000000 0010000 0100000 0000010 0001000 0000001 0000100 
000000110000000000100 1000000 0010000 0100000 0000010 0001000 0000100 0000001 
101000010001000000100 1000000 0010000 0100000 0000100 0000001 0000010 0001000 
101000000001000000100 1000000 0010000 0100000 0000100 0000001 0001000 0000010 
001000010001000000100 1000000 0010000 0100000 0000100 0000010 0000001 0001000 
000000010001000000100 1000000 0010000 0100000 0000100 0000010 0001000 0000001 
100000000001000000100 1000000 0010000 0100000 0000100 0001000 0000001 0000010 
000000000001000000100 1000000 0010000 0100000 0000100 0001000 0000010 0000001 
110000100000000000100 1000000 0010000 0100000 0001000 0000001 0000010 0000100 
110000000000000000100 1000000 0010000 0100000 0001000 0000001 0000100 0000010 
010000100000000000100 1000000 0010000 0100000 0001000 0000010 0000001 0000100 
000000100000000000100 1000000 0010000 0100000 0001000 0000010 0000100 0000001 
100000000000000000100 1000000 0010000 0100000 0001000 0000100 0000001 0000010 
000000000000000000100 1000000 0010000 0100000 0001000 0000100 0000010 0000001 
111100111001100100000 1000000 0100000 0000001 0000010 0000100 0001000 0010000 
111100111001100000000 1000000 0100000 0000001 0000010 0000100 0010000 0001000 
111100111000100100000 1000000 0100000 0000001 0000010 0001000 0000100 0010000 
111100111000000100000 1000000 0100000 0000001 0000010 0001000 0010000 0000100 
111100111001000000000 1000000 0100000 0000001 0000010 0010000 0000100 0001000 
111100111000000000000 1000000 0100000 0000001 0000010 0010000 0001000 0000100 
111100011001100100000 1000000 0100000 0000001 0000100 0000010 0001000 0010000 
111100011001100000000 1000000 0100000 0000001 0000100 0000010 0010000 0001000 
111100001001100100000 1000000 0100000 0000001 0000100 0001000 0000010 0010000 
111100000001100100000 1000000 0100000 0000001 0000100 0001000 0010000 0000010 
111100010001100000000 1000000 0100000 0000001 0000100 0010000 0000010 0001000 
111100000001100000000 1000000 0100000 0000001 0000100 0010000 0001000 0000010 
111100101000100100000 1000000 0100000 0000001 0001000 0000010 0000100 0010000 
111100101000000100000 1000000 0100000 0000001 0001000 0000010 0010000 0000100 
111100001000100100000 1000000 0100000 0000001 0001000 0000100 0000010 0010000 
111100000000100100000 1000000 0100000 0000001 0001000 0000100 0010000 0000010 
111100100000000100000 1000000 0100000 0000001 0001000 0010000 0000010 0000100 
111100000000000100000 1000000 0100000 0000001 0001000 0010000 0000100 0000010 
111100110001000000000 1000000 0100000 0000001 0010000 0000010 0000100 0001000 
111100110000000000000 1000000 0100000 0000001 0010000 0000010 0001000 0000100 
111100010001000000000 1000000 0100000 0000001 0010000 0000100 0000010 0001000 
111100000001000000000 1000000 0100000 0000001 0010000 0000100 0001000 0000010 
111100100000000000000 1000000 0100000 0000001 0010000 0001000 0000010 0000100 
111100000000000000000 1000000 0100000 0000001 0010000 0001000 0000100 0000010 
011100111001100100000 1000000 0100000 0000010 0000001 0000100 0001000 0010000 
011100111001100000000 1000000 0100000 0000010 0000001 0000100 0010000 0001000 
011100111000100100000 1000000 0100000 0000010 0000001 0001000 0000100 0010000 
011100111000000100000 1000000 0100000 0000010 0000001 0001000 0010000 0000100 
011100111001000000000 1000000 0100000 0000010 0000001 0010000 0000100 0001000 
011100111000000000000 1000000 0100000 0000010 0000001 0010000 0001000 0000100 
001100111001100100000 1000000 0100000 0000010 0000100 0000001 0001000 0010000 
001100111001100000000 1000000 0100000 0000010 0000100 0000001 0010000 0001000 
000100111001100100000 1000000 0100000 0000010 0000100 0001000 0000001 0010000 
000000111001100100000 1000000 0100000 0000010 0000100 0001000 0010000 0000001 
001000111001100000000 1000000 0100000 0000010 0000100 0010000 0000001 0001000 
000000111001100000000 1000000 0100000 0000010 0000100 0010000 0001000 0000001 
010100111000100100000 1000000 0100000 0000010 0001000 0000001 0000100 0010000 
010100111000000100000 1000000 0100000 0000010 0001000 0000001 0010000 0000100 
000100111000100100000 1000000 0100000 0000010 0001000 0000100 0000001 0010000 
000000111000100100000 1000000 0100000 0000010 0001000 0000100 0010000 0000001 
010000111000000100000 1000000 0100000 0000010 0001000 0010000 0000001 0000100 
000000111000000100000 1000000 0100000 0000010 0001000 0010000 0000100 0000001 
011000111001000000000 1000000 0100000 0000010 0010000 0000001 0000100 0001000 
011000111000000000000 1000000 0100000 0000010 0010000 0000001 0001000 0000100 
001000111001000000000 1000000 0100000 0000010 0010000 0000100 0000001 0001000 
000000111001000000000 1000000 0100000 0000010 0010000 0000100 0001000 0000001 
010000111000000000000 1000000 0100000 0000010 0010000 0001000 0000001 0000100 
000000111000000000000 1000000 0100000 0000010 0010000 0001000 0000100 0000001 
101100011001100100000 1000000 0100000 0000100 0000001 0000010 0001000 0010000 
101100011001100000000 1000000 0100000 0000100 0000001 0000010 0010000 0001000 
101100001001100100000 1000000 0100000 0000100 0000001 0001000 0000010 0010000 
101100000001100100000 1000000 0100000 0000100 0000001 0001000 0010000 0000010 
101100010001100000000 1000000 0100000 0000100 0000001 0010000 0000010 0001000 
101100000001100000000 1000000 0100000 0000100 0000001 0010000 0001000 0000010 
001100011001100100000 1000000 0100000 0000100 0000010 0000001 0001000 0010000 
001100011001100000000 1000000 0100000 0000100 0000010 0000001 0010000 0001000 
000100011001100100000 1000000 0100000 0000100 0000010 0001000 0000001 0010000 
000000011001100100000 1000000 0100000 0000100 0000010 0001000 0010000 0000001 
001000011001100000000 1000000 0100000 0000100 0000010 0010000 0000001 0001000 
000000011001100000000 1000000 0100000 0000100 0000010 0010000 0001000 0000001 
100100001001100100000 1000000 0100000 0000100 0001000 0000001 0000010 0010000 
100100000001100100000 1000000 0100000 0000100 0001000 0000001 0010000 0000010 
000100001001100100000 1000000 0100000 0000100 0001000 0000010 0000001 0010000 
000000001001100100000 1000000 0100000 0000100 0001000 0000010 0010000 0000001 
100000000001100100000 1000000 0100000 0000100 0001000 0010000 0000001 0000010 
000000000001100100000 1000000 0100000 0000100 0001000 0010000 0000010 0000001 
101000010001100000000 1000000 0100000 0000100 0010000 0000001 0000010 0001000 
101000000001100000000 1000000 0100000 0000100 0010000 0000001 0001000 0000010 
001000010001100000000 1000000 0100000 0000100 0010000 0000010 0000001 0001000 
000000010001100000000 1000000 0100000 0000100 0010000 0000010 0001000 0000001 
100000000001100000000 1000000 0100000 0000100 0010000 0001000 0000001 0000010 
000000000001100000000 1000000 0100000 0000100 0010000 0001000 0000010 0000001 
110100101000100100000 1000000 0100000 0001000 0000001 0000010 0000100 0010000 
110100101000000100000 1000000 0100000 0001000 0000001 0000010 0010000 0000100 
110100001000100100000 1000000 0100000 0001000 0000001 0000100 0000010 0010000 
110100000000100100000 1000000 0100000 0001000 0000001 0000100 0010000 0000010 
110100100000000100000 1000000 0100000 0001000 0000001 0010000 0000010 0000100 
110100000000000100000 1000000 0100000 0001000 0000001 0010000 0000100 0000010 
010100101000100100000 1000000 0100000 0001000 0000010 0000001 0000100 0010000 
010100101000000100000 1000000 0100000 0001000 0000010 0000001 0010000 0000100 
000100101000100100000 1000000 0100000 0001000 0000010 0000100 0000001 0010000 
000000101000100100000 1000000 0100000 0001000 0000010 0000100 0010000 0000001 
010000101000000100000 1000000 0100000 0001000 0000010 0010000 0000001 0000100 
000000101000000100000 1000000 0100000 0001000 0000010 0010000 0000100 0000001 
100100001000100100000 1000000 0100000 0001000 0000100 0000001 0000010 0010000 
100100000000100100000 1000000 0100000 0001000 0000100 0000001 0010000 0000010 
000100001000100100000 1000000 0100000 0001000 0000100 0000010 0000001 0010000 
000000001000100100000 1000000 0100000 0001000 0000100 0000010 0010000 0000001 
100000000000100100000 1000000 0100000 0001000 0000100 0010000 0000001 0000010 
000000000000100100000 1000000 0100000 0001000 0000100 0010000 0000010 0000001 
110000100000000100000 1000000 0100000 0001000 0010000 0000001 0000010 0000100 
110000000000000100000 1000000 0100000 0001000 0010000 0000001 0000100 0000010 
010000100000000100000 1000000 0100000 0001000 0010000 0000010 0000001 0000100 
000000100000000100000 1000000 0100000 0001000 0010000 0000010 0000100 0000001 
100000000000000100000 1000000 0100000 0001000 0010000 0000100 0000001 0000010 
000000000000000100000 1000000 0100000 0001000 0010000 0000100 0000010 0000001 
111000110001000000000 1000000 0100000 0010000 0000001 0000010 0000100 0001000 
111000110000000000000 1000000 0100000 0010000 0000001 0000010 0001000 0000100 
111000010001000000000 1000000 0100000 0010000 0000001 0000100 0000010 0001000 
111000000001000000000 1000000 0100000 0010000 0000001 0000100 0001000 0000010 
111000100000000000000 1000000 0100000 0010000 0000001 0001000 0000010 0000100 
111000000000000000000 1000000 0100000 0010000 0000001 0001000 0000100 0000010 
011000110001000000000 1000000 0100000 0010000 0000010 0000001 0000100 0001000 
011000110000000000000 1000000 0100000 0010000 0000010 0000001 0001000 0000100 
001000110001000000000 1000000 0100000 0010000 0000010 0000100 0000001 0001000 
000000110001000000000 1000000 0100000 0010000 0000010 0000100 0001000 0000001 
010000110000000000000 1000000 0100000 0010000 0000010 0001000 0000001 0000100 
000000110000000000000 1000000 0100000 0010000 0000010 0001000 0000100 0000001 
101000010001000000000 1000000 0100000 0010000 0000100 0000001 0000010 0001000 
101000000001000000000 1000000 0100000 0010000 0000100 0000001 0001000 0000010 
001000010001000000000 1000000 0100000 0010000 0000100 0000010 0000001 0001000 
000000010001000000000 1000000 0100000 0010000 0000100 0000010 0001000 0000001 
100000000001000000000 1000000 0100000 0010000 0000100 0001000 0000001 0000010 
000000000001000000000 1000000 0100000 0010000 0000100 0001000 0000010 0000001 
110000100000000000000 1000000 0100000 0010000 0001000 0000001 0000010 0000100 
110000000000000000000 1000000 0100000 0010000 0001000 0000001 0000100 0000010 
010000100000000000000 1000000 0100000 0010000 0001000 0000010 0000001 0000100 
000000100000000000000 1000000 0100000 0010000 0001000 0000010 0000100 0000001 
100000000000000000000 1000000 0100000 0010000 0001000 0000100 0000001 0000010 
000000000000000000000 1000000 0100000 0010000 0001000 0000100 0000010 0000001 
.e
